category,title,brdBltNo,url,question,answer,related_basis
급여기준,치료재료구입목록표 제출 후 변경사항 발생 시 변경 방법,47675,https://www.hira.or.kr/bbsDummy.do?pgmid=HIRAA010006011100&brdScnBltNo=4&brdBltNo=47675,요양기관입니다. 치료재료구입목록표를 작성하여 제출하였습니다. 구입일자를 잘못 기재하여 변경할려면 어떻게 하면 되나요?,"- 치료재료구입목록표 제출 후 변경 가능한 항목은 1) 재료대코드 2) 구입일자 3) 구입수량 4) 구입가격입니다. 별첨)치료재료 변경 서식 작성하여 구입증빙자료(세금계산서 또는 거래명세서)와 함께 심사평가원 담당본부로 팩스 또는 우편을 보내주시면 변경 처리되며, 구입처 변경은 별첨)치료재료 변경 서식의 삭제 요청 후 재신고 바랍니다. 단, 신고한 치료재료로 청구하여 이미 지급받은 진료분이 있다면 환수를 하고, 심사 중인 진료분은 지급불능 신청을 하셔야 합니다. ※ 환수 및 지급불능은 요양기관 업무포털에서 신청 가능 - 담당자 수정 후 확인은 치료재료신고내역조회에서 조회를 클릭 하신 후 접수일자 클릭 하시면 변경 된 내용 확인 가능합니다. 별첨)치료재료 변경 서식 [관련 근거] - 국민건강보험법 시행규칙 제19조(요양급여비용의 청구) 제3항 - 보건복지부 고시 「요양급여비용 청구방법, 심사청구서·명세서서식 및 작성요령」",
급여기준,중증질환자 산정특례 연계 적용 여부,47674,https://www.hira.or.kr/bbsDummy.do?pgmid=HIRAA010006011100&brdScnBltNo=4&brdBltNo=47674,뇌혈관질환으로 중증질환자 산정특례 대상이 되어 처음 진료 받은 병원에서는 산정 특례 적용이 되었으나 개인적인 사정으로 집근처로 이동하여 두 번째 진료 받은 병원에서는 산정특례 적용을 받지 못했습니다. 30일 이내에 진료를 받았는데 왜 적용 받지 못한 건가요?,"- 행정해석 “암 등 중증질환 산정특례 관련 산정방법 안내” (보험 급여과-3680호, 2005.8.26.)에 의하면 뇌혈관 및 심장질환자가 고시에서 정한 수술을 하고 합병증 등으로 치료가 불가하여 타 요양기관으로 이송한 경우 1) 수술을 시행한 요양기관에서 치료가 불가하여 타 요양기관으로 이송한 경우에도 산정특례 대상이고, 적용기간은 연계하여 적용 토록 하고 있으며, (이송된 요양기관에서는 최대 30일 중 당초 수술 시행기관에서 적용한 일수를 제외하여 잔여기간만 적용) 2) 환자의 원에 의하여 이송한 경우는 입원의 경우 20%를 적용토록 하고 있습니다. - 따라서 환자의 원에 의하여 타 요양기관으로 이송한 경우는 중증질환자 산정특례 연계적용이 불가능합니다. [관련 근거] 보험급여과-3680호(2005.8.26.) “암 등 중증질환 산정특례 관련 산정방법 안내”",
급여기준,통증자가조절법(PCA)의 급여기준 및 산정방법,47673,https://www.hira.or.kr/bbsDummy.do?pgmid=HIRAA010006011100&brdScnBltNo=4&brdBltNo=47673,PCA 급여에 따른 청구방법이 궁금합니다 .,"휴대용 ( 일회용 ) 지속 주입재료를 사용하여 환자 스스로 약물주입을 조절할 수 있도록 하는 통증자가조절법 (Patient Controlled Analgesia) 은 다음과 같이 요양급여를 인정함 . - 다 음 - 가 . 급여대상 1) 암환자 ( 암성통증 , 암관련 수술 후 통증 ) 2) 개심술 , 개두술 , 장기이식 , 제왕절개 수술 후 통증 3) 근위축성축삭경화증 (Amyotrophic Lateral Sclerosis, ALS) 환자의 만성통증 , 만성난치통증 (Chronic intractable pain) 4) 「 본인일부부담금 산정특례에 관한 기준 」 제 4 조 중증질환자 산정특례 대상 중 중증외상환자의 수술 후 통증 나 . 산정방법 1) 행위료 구분 경막외 주입 (Epidural PCA) 정맥내 주입 (IV PCA) 시술당일 주입로 확보 및 Infuser 장착을 모두 실시한 경우 바22나(3)(가)경막외신경차단술(지속적차단-기타-카테터삽입당일) 소정점수 (코드 LA201) 바22나(3)(가)경막외신경차단술(지속적차단-기타-카테터삽입당일) 소정점수의 50% (코드 LA204) 확보된 주입로에 Infuser만 연결하는 경우 마5-1수액제주입로를통한주사의 소정점수와 바22나(3)(나)경막외신경차단술(지속적차단-기타-익일이후)의 소정점수를 합한 점수 (코드 LA202) 마5-1수액제주입로를통한주사의 소정점수와 바22나(3)(나)경막외신경차단술(지속적차단-기타-익일이후)의 소정점수의 50%를 합한 점수 (코드 LA205) 익일 이후 바22나(3)(나)경막외신경차단술(지속적차단-기타-익일이후) 소정점수 (코드 LA203) 바22나(3)(나)경막외신경차단술(지속적차단-기타-익일이후) 소정점수의 50% (코드 LA206) 약제 재충전 행위료, 환자교육료 등은 별도 산정하지 아니함. 2) 약제 「 약제 및 치료재료의 비용에 대한 결정기준 」 에 따라 사용된 약제 비용은 별도 산정하며 , 동 시술 시 사용되는 약제의 본인부담률은 「 국민건강보험법 시행령 」 제 19 조 및 해당 약제별 「 요양급여의 적용기준 및 방법에 관한 세부사항 」 에 따른 본인부담률을 적용함 . 3) 치료재료 「 약제 및 치료재료의 비용에 대한 결정기준 」 에 따라 사용된 치료재료 비용은 별도 산정함 . 다만 , 「 요양급여의 적용기준 및 방법에 관한 세부사항 」 에서 별도로 고시한 경우 해당 급여 기준에 따름 . 다 . 위 가 . 에 의한 급여대상 이외의 환자에게 시행 시 다른 방법 (PCA 이외 ) 의 통증관리방법을 충분히 설명하고 환자가 서면으로 신청한 경우 에 한하여 행위료 및 치료재료비용은 「 선별급여 지정 및 실시 등에 관한 기준 」 에 따라 본인부담률을 80% 로 적용함 . [관련 근거] 고시 제 2023-56 호 (2023.3.29. 시행 )“ 통증자가조절법의 급여여부 ”",
급여기준,인플루엔자 환자의 격리실 입원료,47667,https://www.hira.or.kr/bbsDummy.do?pgmid=HIRAA010006011100&brdScnBltNo=4&brdBltNo=47667,인플루엔자 환자도 격리실 입원료 건강보험 혜택이 가능한가요 ?,"- 격리실 입원료는 일반 환자를 보호하기 위하여 전염력이 강한 전염성 환자를 일반 환자와 격리하여 치료할 필요가 있고 , 진료상 입원이 반드시 필요한 경우에 한하여 인정합니다 . - 「 격리실 입원료 급여기준 ( 일반원칙 ) 」 ( 고시 제 2024-297 호 , ‘25.1.1. 시행 ) 에 따 르면 , 「 감염병의 예방 및 관리에 관한 법률 」 의 제 4 급 감염병에 해당하는 인플루엔자의 격리기간은 ‘ 객관적인 소견이 있는 시점부터 감염력이 소실될 때까지 ’ 라고 명시하고 있습니다 . 또한 , 세부적인 기준인 「 격리입원실 질환유형별 격리기간 」 ( 공고 제 2023-295 호 , ’24.1.1. 시행 ) 에 따르면 , ‘ 증상발현 후 5 일 ’ 간의 격리실 입원료를 인정하고 , 명시된 격리기간을 초과하여 격리실 입원이 필요한 경우는 검사 결과 및 의사소견서 등을 참고하여 추가로 인정될 수 있음을 명시하고 있습니다 . - 참고로 , 행정해석 「 상급종합병원의 1 인실 ( 특실 포함 ) 을 보험급여 적용제외한다는 의미가 1 인실 입원료 전액을 환자에게 부담시킬 수 있다는 것인지 ? 」 에 따르면 격리병실 입원대상자가 격리병실이 없어 1 인실에 불가피하게 입원하는 경우에는 격리실 입원료 수가에 따른 ‘ 일반격리실 (1 인용 ) 입원료 ’ 를 청구할 수 있습니다 . 이 경우 상급병실료 차액은 부과할 수 없습니다 . [관련 근거] - 「 격리실 입원료 급여기준 ( 일반원칙 ) 」 ( 고시 제 2024-297 호 , ‘25.1.1. 시행 )) - 「 격리입원실 질환유형별 격리기간 」 ( 공고 제 2023-295 호 , ’24.1.1. 시행 ) - 「 상급종합병원의 1 인실 ( 특실 포함 ) 을 보험급여 적용제외한다는 의미가 1 인실 입원료 전액을 환자에게 부담시킬 수 있다는 것인지 ? 」 (행정해석 -3093 호 , ‘14.9.1. 시행 )",
급여기준,건강검진 당일 진찰료 산정,47666,https://www.hira.or.kr/bbsDummy.do?pgmid=HIRAA010006011100&brdScnBltNo=4&brdBltNo=47666,건강검진 당일 감기 등을 이유로 추가 진료를 받는 환자의 진찰료는 어떻게 청구해야 하나요?,"- 「국민건강보험법」 제52조에 의거 가입자 및 피부양자에게 실시하는 건강검진 당일에 동일 요양기관에서 건강검진과는 별도로 특정 질환에 대한 진찰을 하여 진찰 이외에 의사의 처방*이 발생한 경우, 해당 진찰료는 초진(또는 재진)진찰료의 50%를 산정하며, 코드는 다음과 같이 기재합니다. 진찰료 산정 사유에 대하여는 진료기록부에 기록하고, 「요양급여비용 청구방법, 심사청구서·명세서서식 및 작성요령」에 의하여 작성·청구토록 합니다. - 다 음 - （가）일반건강검진 시 질환에 대한 진찰이 이루어진 경우 : 산정코드 세 번째 자리에 3으로 기재 （나）암검진 시 질환에 대한 진찰이 이루어진 경우 : 산정코드 세 번째 자리에 5로 기재 （다）영유아 건강검진 시 질환에 대한 진찰이 이루어진 경우 : 산정코드 세 번째 자리에 2로 기재 * 「건강보험 행위 급여·비급여 목록표 및 급여 상대가치점수」에 의하여 산정 가능한 진료행위 및 약제 처방전 발급 - 상기 항에도 불구하고 2개 이상의 진료과목이 설치되어 있고 해당 과의 전문의가 상근하는 요양기관에서 건강검진 당일 검진 실시 의사와 전문과목 및 전문분야가 다른 진료담당의사가 건강검진과는 별도로 질환에 대하여 진료한 경우에 한하여 초진(또는 재진) 진찰료를 산정할 수 있습니다. - 또한 건강검진을 실시한 요양기관에서 동일 의사에게 검진 결과에 대해 다른 날 설명을 듣는 것은 검진결과 상담에 해당되어 진찰료를 별도로 산정할 수 없으나, 검진결과 이상소견에 대해 단계적 정밀검사 또는 별도의 진료가 이루어진 경우에는 재진진찰료를 산정할 수 있습니다. [관련 근거] 「건강검진 실시 당일 진료 시 진찰료 산정방법」 (고시 제2017-249호, 2018.1.1.시행)",
급여기준,시범사업 필수 인력 기준,47660,https://www.hira.or.kr/bbsDummy.do?pgmid=HIRAA010006011100&brdScnBltNo=4&brdBltNo=47660,급성기 의료기관의 환자지원팀 인력 구성은 반드시 전담이어야 하나요?,"- 아니오. 급성기 의료기관의 환자지원팀은 반드시 전담 인력으로 구성하지 않아도 됩니다. - 다만, 인력산정 기준 및 수가에 영향을 주는 인력구성은 제외하여야 합니다. - 환자지원팀 인력구성 제외대상 예시 ∎ 간호등급 산출대상, 전담 수가 및 타 사업 전담인력 등 인력 구성은 환자지원팀 제외대상 입니다. [관련 근거] 보험급여과-5727호(2024.12.31.)""「급성기 환자 퇴원지역 및 지역사회 연계활동 2단계 시범사업」""지침 일부개정",
급여기준,시범사업 참여 대상 여부,47659,https://www.hira.or.kr/bbsDummy.do?pgmid=HIRAA010006011100&brdScnBltNo=4&brdBltNo=47659,급성기 의료기관에서 퇴원 후 재입원한 경우 시범사업 참여가 가능한가요?,"- 가능합니다. 급성기 의료기관에서 시범사업 참여 후 서비스가 종결된 환자가 일정기간 지난 뒤 재입원 시 재참여가 가능합니다. - 다만, 퇴원 뒤 타 기관 입원 경유 후 수일 내 재입원한 경우 연속된 시범사업 서비스 이용은 불가합니다. - 재입원 및 시범사업 재참여 예시 ∎ (일정기간 지난 뒤 재입원) - 통합평가 및 퇴원계획 수립 등 재시행 후 시범사업 재참여 → (O) ∎ (수일 내 타 기관 입원 경유 후 재입원) - 통합평가 및 퇴원계획 수립 없이 연속된 의료기관 환자관리 시행 → (X) [관련 근거] 보험급여과-5727호(2024.12.31.)""「급성기 환자 퇴원지역 및 지역사회 연계활동 2단계 시범사업」""지침 일부개정",
급여기준,의료기관 간 환자관리 시 재활손상대분류 적용 기준,47658,https://www.hira.or.kr/bbsDummy.do?pgmid=HIRAA010006011100&brdScnBltNo=4&brdBltNo=47658,급성기 의료기관에서 분류된 재활손상대분류군 적용은 연계 의료기관과 동일하여야 하나요?,"- 네, 동일하여야 합니다. 급성기 의료기관의 의료진이 환자에 대해 통합평가 후 재활손상대분류를 결정하고 퇴원계획을 수립하여, 연계 의료기관으로 연계 후 동일한 재활손상대분류군 환자에 대한 통합재활기능평가 시행 등을 통해 급성기 의료기관 환자지원팀과 연계 의료기관의 담당 의료진이 주기적으로 환자 상태 및 치료계획을 공유하여야 합니다. - 의료기관 간 환자관리 (예시) ∎ (동일 재활손상대분류) - 급성기 의료기관: 뇌손상 ↔ 연계 의료기관: 뇌손상 → (O) ∎ (타 재활손상대분류) - 급성기 의료기관: 뇌손상 ↔ 연계 의료기관: 근골격계 → (X) [관련 근거] 보험급여과-5727호(2024.12.31.)""「급성기 환자 퇴원지역 및 지역사회 연계활동 2단계 시범사업」""지침 일부개정",
급여기준,「협력기관 간 진료의뢰·회송 시범사업」수가 환자 본인부담률,47657,https://www.hira.or.kr/bbsDummy.do?pgmid=HIRAA010006011100&brdScnBltNo=4&brdBltNo=47657,통합평가표 I 는 반드시 통합기능평가를 시행하여야 하나요?,"- 통합평가표 I 은 퇴원결정 시점(퇴원 전 7일 이내)에 환자의 신체적 기능 상태 평가항목인 통합기능평가표와 의료적 상태를 종합적으로 평가하는 통합평가표 I 을 모두 작성한 경우에 산정할 수 있습니다. - 다만, 통합평가표 I 은 통합기능평가(필수 4항목 이상) 또는 각각의 기능평가(필수나 선택 항목)를 시행한 후 산정할 수 있습니다. [관련 근거] 보험급여과-5727호(2024.12.31.)""「급성기 환자 퇴원지역 및 지역사회 연계활동 2단계 시범사업」""지침 일부개정",
급여기준,「협력기관 간 진료의뢰·회송 시범사업」'의뢰료' 산정 방법,47656,https://www.hira.or.kr/bbsDummy.do?pgmid=HIRAA010006011100&brdScnBltNo=4&brdBltNo=47656,진료의뢰료 I 의 'IA024'는 심평원 Agent 활용 시 산정 가능한가요?,"- 산정 가능합니다. 진료의뢰료 I 의 주1에 해당하는 'IA024'는 1단계 시범기관에 해당하는 병·의원에서 agent 프로그램(또는 한국보건의료정보원의 진료정보교류시스템)을 통해 협력관계의 2단계 시범기관(종합병원 및 전문병원)으로 전자적 의뢰시 산정 가능합니다. - 단, 상급종합병원으로 의뢰하는 경우는 산정 불가합니다. [관련 근거] 보건복지부 보험급여과-5706호(2024.12.31.)「협력기관 간 진료의뢰·회송 시범사업」지침 일부개정 통보",
급여기준,「협력기관 간 진료의뢰·회송 시범사업」수가 환자 본인부담률,47655,https://www.hira.or.kr/bbsDummy.do?pgmid=HIRAA010006011100&brdScnBltNo=4&brdBltNo=47655,「협력기관 간 진료의뢰·회송 시범사업」수가 산정 시 환자가 부담하는 비용이 있나요?,"- 환자요청에 의한 진료의뢰 시 산정하는 진료의뢰료 I 'IA027(90027)' 항목에 한하여 환자 본인일부부담금액이 발생합니다. - 위의 경우, 본인부담률은 「국민건강보험법 시행령」제19조 제1항에 의한 '본인일부부담금의 부담률 및 부담액'[별표 2]와 「국민건강보험법 시행규칙」제13조 제1항에 의한 '외래진료 등의 요양급여비용 총액에 관한 조건 및 본인부담액'[별표 3]에서 정하는 바에 따라 본인일부부담하며, 100분의 30을 초과하지 않습니다. - 다만, 「본인일부부담금 산정특례에 관한 기준」등 본인부담경감 대상 환자의 경우 경감된 본인일부부담금액을 적용합니다. - 그 외의 항목은 요양급여비용 전액을 국민건강보험공단이 부담합니다. [관련 근거] 보건복지부 보험급여과-5706호(2024.12.31.)「협력기관 간 진료의뢰·회송 시범사업」지침 일부개정 통보",
급여기준,「협력기관 간 진료의뢰·회송 시범사업」'의뢰료' 산정 대상,47654,https://www.hira.or.kr/bbsDummy.do?pgmid=HIRAA010006011100&brdScnBltNo=4&brdBltNo=47654,1단계 진료기관의 입원환자를 2단계 시범기관 또는 상급종합 병원으로 진료의뢰 시 「협력기관 간 진료의뢰·회송 시범사업」'의뢰료'를 산정할 수 있나요?,'의뢰료'는 1단계 진료기관의 외래환자를 전자적 방식으로 의뢰 시 산정 가능합니다. 1단계 진료기관의 입원 중 또는 퇴원 환자를 의뢰하는 경우는 '의뢰료'를 산정할 수 없습니다. [관련 근거] 보건복지부 보험급여과-5706호(2024.12.31.)「협력기관 간 진료의뢰·회송 시범사업」지침 일부개정 통보,
급여기준,DRG관련 치료재료 별도 산정 가능여부,47646,https://www.hira.or.kr/bbsDummy.do?pgmid=HIRAA010006011100&brdScnBltNo=4&brdBltNo=47646,질병군에 해당하는 수술중 원형자동문합기를 이용하여 치핵절제술을 실시하는 치핵근치술 (Q3017) 의 경우에 치료재료인 원형자동문합기 (B1201022) 가 별도산정 가능한가요 ?,"가 . 질병군별 포괄수가제 (DRG) 는 질병군 진료에서 소요되는 모든 행위 , 약제 및 치료재료를 묶어 하나의 포괄적인 행위로 정하여 미리 책정된 일정액의 진료비를 보상하는 제도이며 , 질병군 점수 외 별도보상 가능한 급여 , 선별급여 , 비급여항목을 보건복지부장관이 정하여 고시 하고 있습니다 . 나 . 질병군 포괄수가제에서는 전액 본인부담과 비급여항목을 제외한 입원치료에 필요한 모든 의료행위 , 약제 및 치료재료는 급여에 해당하며 , 급여에는 포괄수가와 별도보상 항목으로 구분됩니다 . 다 . 포괄수가제 별도보상 항목은 「 건강보험행위 급여 · 비급여 목록표 및 급여상대가치점수 」 제 2 편 제 1 부 질병군 급여 일반원칙과 제 2 부 질병군 급여 목록 · 상대가치점수표 및 적용지침 ( 별표 2 의 4) 질병군 급여항목 , ( 별표 2 의 5) 질병군 선별급여 항목에 해당하는 경우에 별도 보상됩니다 . 라 . 따라서 G105 원형자동문합기를 이용한 치핵절제술은 포괄수가에 치료재료 비용이 포함되어있어, 원형자동문합기(B1201022)는 별도 산정할 수 없습니다. 마 . 아울러 , 질병군 급여 · 비급여 별도보상 항목은 요양기관 업무포탈서비스 ( www.biz.hira.or.kr ) -> 심사기준종합서비스 -> 질병군포괄수가 (DRG) -> 별도보상 항목 984번, 985번(질병군) 치료재료 ·의료행위 별도보상 코드목록에서 확인할 수 있습니다.","「 건강보험행위 급여 · 비급여 목록표 및 급여상대가치점수 」 제 2 편 제 1 부 질병군 급여 일반원칙과 제 2 부 질병군 급여 목록 · 상대가치점수표 및 적용지침 ( 별표 2 의 4) 질병군 급여항목 , ( 별표 2 의 5) 질병군 선별급여"
급여기준,백내장 수정체 수술 후 6시간미만 관찰 후 퇴원 시 청구방법,47645,https://www.hira.or.kr/bbsDummy.do?pgmid=HIRAA010006011100&brdScnBltNo=4&brdBltNo=47645,백내장 수정체 수술 환자를 5 시간 동안 병원에서 관찰한 후 이상이 없어 귀가시켰는데 외래진료로 적용하면 되는지 궁금합니다 .,"- 포괄수가제는 상급종합병원, 종합병원, 병원(요양병원, 정신병원 포함), 의원(보건의료원 포함)인 요양기관이 「국민건강보험법 시행령」제21조제3항제2호 및 국민건강보험 요영급여의 기준에 관한 규칙 제8조제3항에 따라 포괄적인 행위가 적용되는 질병군에 대한 입원진료를 하는 경우에 적용하고 있습니다. -「건강보험 행위 급여·비급여 목록 및 급여 상대가치점수」제2편제1부 질병군 급여 일반원칙 제3호에 의거 질병군 입원진료에는 다음의 각 항목을 포함합니다. 가. 제2부 각 장에 분류된 질병군으로 응급실·수술실 등에서 수술을 받고 연속하여 6시간 이상 관찰 후 귀가 또는 이송한 경우 나. 제2부 각 장에 분류된 질병군 중 수정체 소절개 수술 단안, 수정체 소절개 수술 양안, 수정체 대절개 수술 단안, 수정체 대절개 수술 양안, 기타항문수술, 서혜 및 대퇴부 탈장 수술(장관절제 미동반) 단측, 서혜 및 대퇴부 탈장 수술(장관절제 미동반) 양측, 복강경을 이용한 서혜 및 대퇴부 탈장 수술(장관절제 미동반) 단측, 복강경을 이용한 서혜 및 대퇴부 탈장 수술(장관절제 미동반) 양측 질병군으로 수술을 받고 6시간 미만 관찰 후 당일 귀가 또는 이송하는 경우 - 따라서 6시간 미만 관찰 후 퇴원하는 경우, 질병군 입원 진료로 청구합니다. [관련 근거] 건강보험 행위 급여 ․ 비급여 목록 및 급여 상대가치점수 ( 보건복지부 고시 ) * 제 2 편 질병군 급여 ․ 비급여 목록 및 급여 상대가치점수",
급여기준,질병군 점수 산정요령 및 본인부담금 계산방식,47644,https://www.hira.or.kr/bbsDummy.do?pgmid=HIRAA010006011100&brdScnBltNo=4&brdBltNo=47644,입원일수에 따른 포괄수가 진료비의 본인부담금 산정방식이 궁금합니다 .,가. 포괄수가 진료비의 본인부담금은 국민건강보험법 시행령 [별표2]에 의거하여 계산합니다. - 다음 계산식에 따라 계산한 금액과 보건복지부장관이 정하여 고시하는 추가 산정액을 합한 금액의 100분의 20 【 질병군별 기준 상대가치점수 + {(입원일수 - 질병군별 평균 입원일수) × 질병군별 일당 상대가치점수} 】× 상대가치점수의 점수당 단가 나. 질병군 포괄수가 산정과 관련한 자세한 사항은 건강보험요양급여비용 제2편 질병군 급여 ·비급여 목록 및 급여 상대가치점수 (별표1) 질병군별 점수 산정요령을 참고하시기 바랍니다. [관련 근거] 국민건강보험법 시행령 [별표2] 건강보험 행위 급여 · 비급여 목록표 및 급여 상대가치점수 제 2 편 질병군 급여 · 비급여 목록 및 급여 상대가치점수 제 2 부 질병군 급여 목록 · 상대가치 점수표 및 적용지침 ( 별표 1) 질병군별 점수 산정요령,
급여기준,광중합형 복합레진 충전의 급여기준이 변경되었다는데 어떻게 되나요?,47600,https://www.hira.or.kr/bbsDummy.do?pgmid=HIRAA010006011100&brdScnBltNo=4&brdBltNo=47600,광중합형 복합레진 충전의 급여기준이 변경되었다는데 어떻게 되나요?,"광중합형 복합레진 충전은 진료일 기준으로 만 5세이상~12세이하 아동의 치수병변이 없는 치아우식증(충치)이 있는 영구치(제3대구치 제외)치료를 위해 실시한 경우 건강보험이 적용됩니다. 따라서 신경치료를 시행한 치아나 마모, 침식, 파절 등으로 실시한 경우 급여적용 대상이 아닙니다. [관련 근거] 광중합형 복합레진 충전 등 주요 개정사항 관련 Q&A ( 보건복지부 고시 제2020-83호, 84호 관련, 2020.5.1. 적용 )",
급여기준,광중합형 복합레진 충전후 동일치아에 재충전시 산정기준과 충전재료에 따라 산정방법이 어떻게 되나요?,47599,https://www.hira.or.kr/bbsDummy.do?pgmid=HIRAA010006011100&brdScnBltNo=4&brdBltNo=47599,만5세이상~12세 아동에게 광중합형 복합레진 충전후 동일치아에 재충전시 산정기준과 충전재료에 따라 산정방법이 어떻게 되나요?,"재충전은 동일 치면이 아닌 동일치아로 이전에 치료를 받았던 충전면수와 관계없이 재충전 당일 충전 면수의 소정점수 50%를 인정합니다. 또한 글래스아이노머시멘트로 동일치아에 1개월이내 및 복합레진으로 동일치아에 3개월이내 재충전시, 복합레진 충전 50%+와동형성 50%를 인정하고 치료재료는 별도산정합니다. 아울러 광중합형 복합레진을 6개월 이내 동일치아에 재충전시 광중합형 복합레진 충전 50%를 인정합니다. [관련 근거] 광중합형 복합레진 충전 등 주요 개정사항 관련 Q&A ( 보건복지부 고시 제2020-83호, 84호 관련, 2020.5.1. 적용 )",
급여기준,동일치아에 2면이상의 치아우식증이 있어 각각의 면에 대해 서로다른날에 광중합형 복합레진 충전을 시행한 경우 광중합형 복합레진 충전을 각각 산정 가능한가요?,47598,https://www.hira.or.kr/bbsDummy.do?pgmid=HIRAA010006011100&brdScnBltNo=4&brdBltNo=47598,만5세이상~12세 아동의 동일치아에 2면이상의 치아우식증이 있어 각각의 면에 대해 서로다른날에 광중합형 복합레진 충전을 시행한 경우 광중합형 복합레진 충전을 각각 산정 가능한가요?,"동일치아에 2면이상의 치아우식증이 있어 각각의 면에 대해 서로 다른날에 광중합형 복합레진 충전을 시행한 경우라도 각면수를 합산하여 치료가 종료되는 시점에 차-13다. 광중합형 복합레진 충전을 1회만 인정합니다. (예시)'20.5.11일에 상악우측제1큰어금니에 치아우식증에 이환된 3면(씹는면, 협면, 설면)발견 후 당일에 씹는면 충전(1면)치료 후 '20.5.25.내원하여 동일치아 협면과 설면 충전(2면)을 치료한 경우,'20.5.25일 광중합형 복합레진 충전(3면이상)만 인정합니다. [관련 근거] 광중합형 복합레진 충전 등 주요 개정사항 관련 Q&A ( 보건복지부 고시 제2020-83호, 84호 관련, 2020.5.1. 적용 )",
급여기준,선천적으로 영구치가 결손된 유치에 광중합형 복합레진 충전을 한 경우 급여적용이 되나요?,47597,https://www.hira.or.kr/bbsDummy.do?pgmid=HIRAA010006011100&brdScnBltNo=4&brdBltNo=47597,선천적으로 영구치가 결손된 만5세이상~12세 아동의 유치에 광중합형 복합레진 충전을 한 경우 급여적용이 되나요?,"광중합형복합레진 충전의 급여범위는 치수병변이 없는 치아우식증에 이환된 영구치(제3대구치는 제외)이므로, 선천적으로 영구치가 결손된 유치의 경우 급여적용대상이 아닙니다. [관련 근거] 광중합형 복합레진 충전 등 주요 개정사항 관련 Q&A ( 보건복지부 고시 제2020-83호, 84호 관련, 2020.5.1. 적용 )",
급여기준,같은 날 동일 치아에 광중합형 복합레진 충전과 치아홈메우기를 시행한 경우 수가 산정방법은 무엇인가요?,47596,https://www.hira.or.kr/bbsDummy.do?pgmid=HIRAA010006011100&brdScnBltNo=4&brdBltNo=47596,만5세이상~12세 아동에게 같은 날 동일 치아에 광중합형 복합레진 충전과 치아홈메우기를 시행한 경우 수가 산정방법은 무엇인가요?,"같은 날 동일 치아에 광중합형 복합레진 충전과 치아 홈메우기를 시행한 경우, 차-13다. 광중합형 복합레진 충전 소정점수의 100%와 차-39 치면열구전색술 소정점수의 50%(산정코드 세 번째 자리에 1로 기재)[상급종합병원ㆍ종합병원ㆍ치과대학부속치과병원은 소정점수의 70%(산정코드 세번째 자리에 4로 기재)]를 산정합니다. * (예시) '20.5.4.에 치과의원에 내원한 7세 아동의 하악좌측 제1큰어금니의 씹는면(우식증 등 질환에 이환되지 않은 건전치면)에 치아홈메우기를 시행하고 우식증이 있는 협면에 광중합형 복합레진 충전을 시행한 경우, 차-13다. 소정 점수의 100%와 차-39 소정 점수의 50%를 산정합니다. [관련 근거] 광중합형 복합레진 충전 등 주요 개정사항 관련 Q&A ( 보건복지부 고시 제2020-83호, 84호 관련, 2020.5.1. 적용 )",
급여기준,"전문재활치료 인정여부(뇌성마비, 파킨슨병)",47556,https://www.hira.or.kr/bbsDummy.do?pgmid=HIRAA010006011100&brdScnBltNo=4&brdBltNo=47556,뇌성마비와 파킨슨 환자의 전문재활치료 건강보험 급여기준이 궁금합니다.,"뇌성마비와 파킨슨 질환은 환자의 개별 증상이 다양하고, 장기적으로 지속적인 전문재활치료가 필요하므로 환자의 개별상태 등을 고려하여 사례별로 심사하고 있습니다. [관련 근거] 심사지침 「 뇌손상 ( 뇌졸중 , 외상성 뇌손상 등 ) 환자에게 장기간 시행하는 전문재활치료의 인정기준 」 ( 공고 제 2019-422 호 , 2020.1.1. 시행 )",
급여기준,전문재활치료 인정기간,47555,https://www.hira.or.kr/bbsDummy.do?pgmid=HIRAA010006011100&brdScnBltNo=4&brdBltNo=47555,"전문재활치료의 건강보험 급여 혜택 기간이 2년이라고 하던데, 2년이 경과하고도 계속 건강보험 혜택을 받을 수 있나요?","- 뇌손상 환자 ( 뇌졸중 , 외상성 뇌손상 등 ) 에게 시행하는 전문재활치료는 발병 후 2 년간 인정하는 것으로 하되 , 환자 기능회복 및 호전여부 등을 고려하여 발병 후 2 년이 경과된 경우에는 환자의 기능 상태 유지를 위하여 사 -122 중추신경계발달재활치료 , 사 -123 작업치료 , 사 -130 재활기능치료를 1 일 1 회 인정합니다 . - 다만 , 2 년이 경과하였음에도 환자 상태의 지속적인 호전이 있는 경우에는 3 개월 마다 기능회복 및 호전상태를 평가하여 필요한 전문재활치료를 인정하고 있습니다 . [관련 근거] 심사지침 「 뇌손상 ( 뇌졸중 , 외상성 뇌손상 등 ) 환자에게 장기간 시행하는 전문재활치료의 인정기준 」 ( 공고 제 2019-422 호 , 2020.1.1. 시행 )",
급여기준,재활의학과 전문의 부재중 전문재활치료로 산정 가능 여부,47554,https://www.hira.or.kr/bbsDummy.do?pgmid=HIRAA010006011100&brdScnBltNo=4&brdBltNo=47554,재활의학과 전문의가 부재중일 때 전문재활치료료 산정이 가능한가요?,"- 전문재활치료료는 해당 항목의 물리치료를 실시할 수 있는 일정한 면적의 해당 치료실과 실제 사용할 수 있는 장비를 보유하고 있는 요양기관에서 재활의학과 전문의가 상근하고 , 해당 전문의 또는 전공의의 처방에 따라 상근하는 물리치료사 또는 해당분야 전문치료사가 실시하고 그 결과를 진료기록부에 기록한 경우에 산정토록 규정하고 있습니다 . - 재활의학과 전문의가 상근하는 기관에서만 전문재활치료를 산정토록 한 것은 전문재활치료의 특성 및 전문성 등을 감안할 때 재활의학과 전문의가 처방 후 환자에게 직접 재활치료를 하지 않는다 할지라도 적절한 재활치료가 될 수 있도록 하기 위함입니다 . - 따라서 , 전문재활치료의 특성을 감안할 때 재활의학과 전문의의 휴가 중에는 전문재활치료료를 산정하지 않음이 원칙이므로 재활전문의의 휴가 중에 발생한 전문재활치료료는 휴가일수에 관계없이 휴가 초일부터 별도 산정할 수 없습니다 . [관련 근거] - 보건복지부 행정해석 「 재활의학과전문의가 장기 부재시 전문재활치료료 산정여부에 대한 민원회신 통보 」 ( 보험급여과 -588 호 , 2008.5.6. 시행 ) - 「 건강보험 행위 급여 · 비급여 목록 및 급여 상대가치점수 」 제 2 부 제 7 장 제 3 절 전문재활치료료 ‘ 주 ’ 항",
급여기준,사마귀제거술의 급여여부,47553,https://www.hira.or.kr/bbsDummy.do?pgmid=HIRAA010006011100&brdScnBltNo=4&brdBltNo=47553,사마귀제거술은 모두 요양급여가 가능한가요 ?,"- 사마귀제거술은 국민건강보험 요양급여의 기준에 관한 규칙 ( 별표 2) 비급여대상 제 1 호 나목에 의거 비급여 대상이나 , 항문생식기 , 손 · 발에 실시한 사마귀제거술은 요양급여로 인정하고 있습니다 . - 참고로 , 여러부위 또는 여러개의 사마귀제거술을 시행한 경우 아래와 같이 수가산정방법을 정하고 있음을 알려드립니다 . ○ 항문생식기 1) 사마귀의 개수 및 크기에 상관없이 부위별로 산정하며 , 제 1 부위는 소정점수의 100%, 제 2 부위부터는 50% 를 산정하되 , 최대 200% 까지 산정함 . 2) 항문생식기 부위 구분 (3 부위 ) 가 ) 남성 : ① 음경 , ② 음낭 , ③ 회음부 및 항문 나 ) 여성 : ① 음순 , ② 질 및 자궁경부 , ③ 회음부 및 항문 3) 항문생식기와 주변부의 사마귀를 동시에 제거한 경우에는 항문생식기 사마귀제거술의 소정점수에 포함 되므로 별도 산정하지 아니함 . ○ 손ㆍ발 1) 손ㆍ발 부위의 사마귀제거술은 자 14-3 사마귀제거술 가 .~ 다 . 의 (2) 기타로 분류된 소정점수를 산정함 . 2) 손ㆍ발은 각각 2 부위로 구분하여 부위별로 산정하며 , 동일부위 내에서 2 개 이상을 제거하는 경우에는 제 1 의 것은 소정점수의 100%, 제 2 의 것부터는 50% 를 산정하되 , 최대 200% 까지 산정함 . 3) 손ㆍ발 부위 구분 (2 부위 ) 가 ) 손 : ① 다섯 손가락 , ② 손등과 손바닥 나 ) 발 : ① 다섯 발가락 , ② 발등과 발바닥 ○ 위에도 불구하고 , 자 14-3 다 . 사마귀제거술 - 국소도포는 여러 부위에 실시하더라도 소정점수만 산정함 . - 또한 , 다종 ( 절제술 , 소작술 등 ) 의 치료방법으로 사마귀제거술을 시행한 경우 아래와 같이 수가 산정함을 알려드립니다 . ○ ( 항문생식기 ) 부위별로 주된 치료 1 종만 산정하고 , 치료방법에 상관없이 제 1 부위는 100%, 제 2 부위부터는 50% 를 산정하되 최대 200% 를 산정함 ○ ( 손발 부위 ) 치료방법에 상관없이 제 1 의 것은 100%, 제 2 의 것부터는 50% 를 산정하되 최대 200% 를 산정함 [관련 근거] - 「 자 14-3 사마귀제거술의 급여기준 」 ( 고시 제 2022-163 호 , 2022.7.1. 시행 ) - 보건복지부 행정해석 「 사마귀제거술 수가 산정방법 안내 」 ( 보험급여과 -3489 호 , 2022.7.12. 시행 )",
급여기준,감염예방관리 인력 중 의사 인력 산정기준,47551,https://www.hira.or.kr/bbsDummy.do?pgmid=HIRAA010006011100&brdScnBltNo=4&brdBltNo=47551,감염관리의사가 분만휴가예정인데 분만휴가 대체인력도 24시간 이상 교육 등의 조건을 갖추어야 하나요? 또한 감염관리실 근무 경력에 분만휴가 기간이 포함되는지 궁금합니다.,"- 감염관리실 근무경력 1년 이상(단, 최근 5년 이내의 경력만 인정) 및 감염관리에 대한 24시간 이상의 교육 이수(단, 최근 3년 이내의 교육만 인정) 모두 충족하면 신고가 가능하며, 대체인력의 경우에도 해당 조건을 갖추어야합니다. - 또한, 감염관리의사가 연속적 부재기간이 16일 이상인 경우 동 기간 동안은 인력산정 대상에서 제외한다고 명시하고 있으므로, 분만휴가기간은 근무기간에 해당되지 않습니다. [관련 근거] 「 감염예방 · 관리료 인력기준 」 ( 고시 제 2024-160 호 ,2024.8.1. 시행 )",
급여기준,감염관리 전담간호사 대체인력의 교육기준,47550,https://www.hira.or.kr/bbsDummy.do?pgmid=HIRAA010006011100&brdScnBltNo=4&brdBltNo=47550,감염관리 전담간호사의 출산휴가로 대체 간호사가 감염관리 업무를 하고 있습니다 . 대체 간호사의 경우에도 연간 16 시간 이상의 감염 관리에 대한 교육을 받아야하나요 ?,"- 「 의료법 시행규칙 」 제 46 조제 3 항에 따라 감염관리실에서 근무하는 사람은 감염관리와 관련된 내용 * 을 매년 16 시간 이상 , 국가나 지방자치단체 등의 교육기관에서 교육을 받아야 합니다 . * 감염관리업무 개요 및 담당 인력의 역할 , 감염관리 지침 , 감시자료 수집 및 분석 , 의료관련 감염진단 , 미생물학 , 소독 및 멸균 , 환경관리 , 병원체별 감염관리 , 분야별 감염관리 , 역학통계 , 임상미생물학 , 유행조사 , 감염감소 중재전략 , 격리 , 감염관리사업 기획 · 평가 등 - 「 의료법 」 에 따른 감염관리실 근무 인력의 교육기준은 감염관리실에 근무하기 위한 최소한의 규정으로 볼 수 있으며 , 관련 급여기준은 감염예방 · 관리료를 산정할 수 있는 조건에 해당합니다 . 의료법에서 별도의 예외 규정이 없는 이상 출산 휴가 90 일 대체 간호사가 감염관리실에서 근무하기 위해서는 상기 법령 등을 준수해야 합니다 . [관련 근거] - 「 의료법 시행규칙 」 제 46 조제 3 항 - 「 감염예방 · 관리료 인력기준 」 ( 고시 제 2024-160 호 , 2024.8.1. 시행 )",
급여기준,감염예방관리 출산휴가 대체자 인력기준,47549,https://www.hira.or.kr/bbsDummy.do?pgmid=HIRAA010006011100&brdScnBltNo=4&brdBltNo=47549,감염예방관리료 인력기준에서 출산휴가 대체자 인력조건이 궁금합니다 .,"출산휴가 및 육아휴직 , 질병휴직 등으로 감염관리 전담간호사의 대체인력이 근무하는 경우에도 , 감염관리 전담간호사의 자격조건 ( 1 등급 및 2 등급 : 감염관리 자격증을 보유하거나 감염관리실 근무경력이 3 년 이상 / 3 등급 : 전담간호사 중 1 명 이상은 감염관리실 근무경력 1 년 이상 ) 이 동일해야 감염예방관리료를 산정할 수 있습니다 . [관련 근거] - 「 감염예방 · 관리료 인력기준 」 ( 고시 제 2024-160 호 , 2024.8.1. 시행 ) - 「 가 25 감염예방 · 관리료 산정기준 」 ( 고시 제 2022-285 호 , 2023.1.1. 시행 )",
급여기준,요양병원 입원 중 타병원 진료의뢰시 약제비 산정 방법,47516,https://www.hira.or.kr/bbsDummy.do?pgmid=HIRAA010006011100&brdScnBltNo=4&brdBltNo=47516,"요양병원에 입원 중인 환자를 타 요양기관으로 진료 의뢰시, 의뢰 받은 요양기관에서 진료 후 발생한 약제비 산정방법은 어떻게 되나요?","- 의뢰받은 병원에서 처방한 약제는 병원에 입원 중인 환자에 대한 처방 이므로 의뢰받은 병원에서 원내처방해야 하며, 환자에게 처방한 약제를 포함한 진료내역은 의뢰한 병원에서 건강보험심사평가원에 청구토록 하고 있습니다. - 다만, 의뢰받은 병원에서 원내처방 약제를 구비하지 않아 부득이 하게 원내처방 할 수 없을 경우는 처방내역을 의뢰한 병원에 통보하여 입원 중인 병원에서 원내처방토록 정하고 있습니다. [관련 근거] 보건복지부 행정해석 「요양병원에 입원 중인 환자를 타 요양기관으로 진료의뢰하여 의뢰받은 요양기관에서 진료 후 발생한 약제비 산정방법」 (보험급여팀-204호, ’08.1.24. 시행)",
급여기준,65세 이상 치과임플란트 비용에 대한 본인부담률은 어떻게 되나요?,47505,https://www.hira.or.kr/bbsDummy.do?pgmid=HIRAA010006011100&brdScnBltNo=4&brdBltNo=47505,65 세 이상 치과임플란트 비용에 대한 본인부담률은 어떻게 되나요 ?,"□ 65 세이상 치과임플란트의 본인부담금 ○ 건강보험 : 요양급여비용총액의 30% 적용 ○ 차상위 : 희귀난치성 , 중증질환자 ('C') 는 요양급여비용총액의 10%, 만성질환자 ('E', 'F') 는 요양급여비용총액의 20% 적용 ○ 의료급여 : 1 종 수급권자의 경우 10%, 2 종 수급권자는 요양급여비용총액의 20% 적용 [관련 근거] - 국민건강보험법 시행령 제 19 조 - 보험급여과 -5563 호",
급여기준,65세 이상 틀니 비용에 대한 본인부담률은 어떻게 되나요?,47504,https://www.hira.or.kr/bbsDummy.do?pgmid=HIRAA010006011100&brdScnBltNo=4&brdBltNo=47504,65세 이상 틀니 비용에 대한 본인부담률은 어떻게 되나요?,"□ 65세이상 틀니의 본인부담금 ○ 건강보험: 요양급여비용총액의 30% 적용 ○ 차상위: 희귀난치성, 중증질환자 ('C')는 요양급여비용총액의 5%, 만성질환자('E', 'F')는 요양급여비용총액의 15% 적용 ○ 의료급여: 1종 수급권자의 경우 5%, 2종 수급권자는 요양급여비용총액의 15% 적용 [관련 근거] - 국민건강보험법 시행령 제19조 - 보험급여과-7161호",
급여기준,처방의약품 반납 시 비용 환불 여부,47502,https://www.hira.or.kr/bbsDummy.do?pgmid=HIRAA010006011100&brdScnBltNo=4&brdBltNo=47502,진료 후 치료약을 1개월분 처방받아 왔는데 부작용으로 먹지 못했습니다. 포장도 뜯지 않은 새 약인데 반납하고 비용을 돌려받을 수 있는지요?,"- 의약품은 그 특성상 보관 및 관리가 엄격하여야 하며, 여타의 오염에 의하여 심각한 부작용을 야기할 수 있으므로 일단 조제·투약된 의약품을 반납 받아 다른 환자에게 재사용하는 것은 사실상 불가능하며, 의약품의 경우 정상적인 처방 및 조제·투약이라 하더라도 필연적으로 부작용이 발현될 수 있으므로 부작용이 발현되었다 하여 잔여 의약품을 반납 처리하는 것은 정상적인 진료 및 투약 등을 저해하게 됩니다. - 따라서 요양기관*은 환자가 복용중인 의약품을 반납 받아 다른 환자에게 재사용하거나, 이를 보험으로 정산처리하지 않도록 규정하고 있음을 알려드립니다. * 「국민건강보험법」 제42조(요양기관) 제1항에 따른 의료기관, 약국, 한국희귀·필수의약품센터, 보건소·보건의료원 및 보건지소, 보건진료소 [관련 근거] 보건복지부 고시 제2000-73호 ""처방의약품 반납관련 처리방법""",
급여기준,진정내시경 검사 시 Propofol주사제(품명:포폴주사 등) 급여기준,47500,https://www.hira.or.kr/bbsDummy.do?pgmid=HIRAA010006011100&brdScnBltNo=4&brdBltNo=47500,진정내시경 검사 시 Propofol을 사용하는데 정확한 급여인정 범위가 어떻게 되나요?,"- 보건복지부 고시 제2018-234호(2018.11.1.시행) “Propofol 주사제(품명: 포폴주사 등)”에 의하면, Propofol은 내시경검사 및 시술시 진정목적으로 1% Propofol을 사용하는 경우 급여 대상이며, 「진정내시경 환자관리료(나-799) 급여기준」의 급여인정 범위에 한해 투여 시 급여한다고 명시하고 있습니다. - 보건복지부 고시 제2024-18호(행위) “나799 진정내시경 환자관리료 급여기준”에 의거 진정내시경 환자관리료의 급여대상 및 범위는 암, 심장질환, 뇌혈관질환, 희귀질환, 중증난치질환, 결핵질환자가 산정특례 적용기간에 내시경검사나 시술을 위해 진정을 실시한 경우와 그 외의 환자는 진정내시경 산정가능 행위 중 치료를 목적으로 한 시술에 진정을 실시한 경우입니다. ▶ 진정내시경 환자관리료 I~IV 산정행위 ◀ 가. 진정내시경 환자관리료 Ⅰ~Ⅳ 산정 행위 Ⅰ: 나767(E7670), 나768(E7680), 자772(Q7720) Ⅱ: 나706가(1)(E7060), 나706나(1)(E7062), 나761(E7611), 나761-1(E7612), 자773(Q7730), 자775(Q7751) Ⅲ: 나762(E7621), 나763(E7631), 나764(E7640), 나766(E7660), 자761(Q7611, Q7612), 자762(Q7620), 자763(Q7631), 자764(Q7641, Q7642, Q7643), 자767(Q7670), 자768(Q7680), 자769(Q7691, Q7692), 자770(Q7701, Q7703), 자771(Q7710), 자774(Q7741, Q7742), 자775(Q7752), 자776(Q7767), 자777(Q7771, Q7772, Q7776), 자-307(Q3070, Q3071) Ⅳ: 나759(E7590), 나759-1(EZ942), 나762(E7622, E7623), 나765(E7651, E7652), 자131-1(O1315, O1316), 자131-2(O1318), 자131-3(O1319), 자133(O1332, O1333), 자134-1(O1346, O1347, O1348), 자147-1(OZ201), 자261(Q2612), 자760(Q7600), 자763(Q7633), 자765 (Q7651, Q7652, Q7653, Q7654), 자766(Q7660), 자770(QX706), 자770-1(Q7700), 자776(Q7761, Q7762, Q7763, Q7764, Q7765, Q7766), 자777(Q7773, Q7774, Q7775), 자778 (Q7780, Q7781, Q7782, Q7783, Q7784, Q7785, Q7786, Q7787, Q7788, Q7789) - 따라서 문의하신 진정내시경 검사 시 Propofol주사제의 급여인정 범위는 진정내시경 환자관리료를 급여로 산정 가능한 환자에게 내시경검사 및 시술시 1% Propofol 주사제를 진정목적으로 투여했을 경우입니다. [관련 근거] - 고시 제2018-234호(2018.11.1.시행) “Propofol 주사제(품명: 포폴주사 등)” - 고시 제2024-18호(2024.02.01.시행) “나799 진정내시경 환자관리료 급여기준”",
급여기준,임산부 초음파 주수별 급여 인정 횟수,47499,https://www.hira.or.kr/bbsDummy.do?pgmid=HIRAA010006011100&brdScnBltNo=4&brdBltNo=47499,"임신 28주 임산부입니다. 임신 14주 이후에 일반 초음파 2회, 정밀 초음파 2회를 했는데 정밀 초음파 1회를 비급여로 납부했어요. 이게 맞는 건가요?","- 보건복지부고시 “초음파 검사의 급여기준” (제2023-105호, 2023.7.1. 시행)에 의거 산전진찰을 목적으로 초음파를 시행하는 경우 아래 표와 같이 일반 초음파와 정밀 초음파 각각 주수별 인정 횟수에 한하여 급여로 인정하고, 이에 해당하지 않는 경우에는 비급여토록 규정하고 있습니다.(단태아 기준) 행위명 인정 주수 인정 횟수 제 1 삼분기 일반 임신 13주 이하 2회 정밀 임신 11-13주 1회 제 2, 3 삼분기 일반 임신 14-19주, 임신 20-35주, 임신 36주 이후 각 1회 정밀 임신 16주 이후 1회 - 따라서 문의하신 임산부 초음파의 경우 임신 제2, 3 삼분기에 일반 초음파는 임신 14-19주, 임신 20-35주에 각 1회씩 급여 인정되고, 정밀 초음파는 임신 16주 이후 1회만 급여 인정되므로 정밀 초음파 1회는 비급여로 납부하는 것이 타당함을 알려드립니다. [관련 근거] 고시 제2023-105호(2023.7.1. 시행) “초음파 검사의 급여기준”",
급여기준,신경차단술의 산정기준,47479,https://www.hira.or.kr/bbsDummy.do?pgmid=HIRAA010006011100&brdScnBltNo=4&brdBltNo=47479,신경차단술의 인정 가능한 횟수 및 기간은 어떻게 되나요 ?,"- 통증완화 또는 치료목적으로 실시하는 신경차단술은 상병명 , 환자의 상태 및 신경차단술에 대한 환자의 반응 등에 따라 그 종류와 실시간격 및 횟수 등이 달라질 수 있으나 , 적정치료기간 등을 감안하여 고시 제 2023-242 호 「 신경차단술의 산정기준 」 에 따라 산정되고 , 진료기록부에서 신경차단술 실시 부위가 확인되어야 합니다 . - 신경차단술은 상병에 따라 주 2~3 회를 인정함을 원칙으로 하되 최초 시술부터 15 회까지는 소정점수의 100% 를 15 회 초과시는 50%( 산정코드 세 번째 자리에 Z 로 기재 ) 를 산정토록 하고 있습니다 . - 다만 부신피질호르몬제를 사용하여 신경차단술을 시행하는 경우 약제 부작용 등을 고려하여 1 주 이상의 간격을 두고 실시하여야 하며 , 「 바 25 자 척추신경총 , 신경근 및 신경절 차단술 - 후지내측지 」 와 「 바 25 차 척추신경총 , 신경근 및 신경절 차단술 - 추간관절 」 은 2 주 이상의 간격을 두고 실시하여야 합니다 . - 또한 신경차단술을 장기간 연속적으로 실시하는 것은 바람직 하지 않으므로 일정기간 신경차단술 후 제통이 되지 않을 경우 다른 치료방법을 고려하여야 하므로 대상포진후통증 등 일부 통증을 제외하고는 치료기간당 최대 2 개월까지 인정하고 있습니다 . [관련 근거 ] 「 신경차단술의 산정기준 」 ( 고시 제 2023-242 호 , 2024.1.1. 시행 )",
급여기준,환자요구 시 전액본인부담으로 치료가능 여부,47476,https://www.hira.or.kr/bbsDummy.do?pgmid=HIRAA010006011100&brdScnBltNo=4&brdBltNo=47476,제가 받고자 하는 치료 ( 또는 검사 ) 가 급여혜택을 받을 수 없다고 합니다 . 이럴 경우 본인부담 100:100 을 치료받아도 되나요 ?,"- 질환의 진단 및 치료는 환자의 요구가 아닌 해당 치료의 실시목적 및 유용성 등을 고려한 진료담당의사의 의학적 판단 하에 실시하는 것이 원칙입니다 . 또한 현행 행위별 수가체계에서는 모든 의료행위 및 치료재료는 급여 또는 비급여로 구분하여 법령과 복지부장관 고시로 정하고 있습니다 . - 비급여대상 * 을 제외한 일체의 사항을 요양급여의 범위로 규정하고 있으므로 , 규정된 비급여대상이 아닌 경우 요양기관 또는 환자 임의로 비급여 또는 전액본인부담으로 적용할 수 없음을 알려드립니다 . * 국민건강보험 요양급여의 기준에 관한 규칙 제 9 조제 1 항 [ 별표 2] 비급여대상","- 「 국민건강보험법 」 제 41 조 ( 요양급여 ) 제 2 항 , 제 3 항 , 제 4 항 - 「 국민건강보험 요양급여의 기준에 관한 규칙 』 [ 별표 1] 요양급여의 적용기준 및 방법 ( 제 5 조제 1 항 관련 )"
급여기준,방사선 영상진단의 판독료 산정기준,47469,https://www.hira.or.kr/bbsDummy.do?pgmid=HIRAA010006011100&brdScnBltNo=4&brdBltNo=47469,"방사선 영상촬영이 매우 많은데 , 영상에서 특이사항이 확인되는 건에 대하여만 판독소견을 작성 · 비치해도 되는지 궁금합니다 .","「 건강보험 행위 급여 · 비급여 목록표 및 급여 상대가치점수 」 제 1 편 제 2 부 제 3 장 영상진단 및 방사선치료로 [ 산정지침 ](3),(4) 에서 규정하고 있는 제 1 절 방사선일반영상진단료 및 제 2 절 방사선특수영상진단료에 분류된 영상진단의 판독료 산정기준은 다음과 같이 함 - 다 음 - 가 . 작성서류 방사선 영상진단의 판독료는 판독소견서를 작성 · 비치한 경우에 인정함 . 다만 , 방사선 일반영상진단의 판독소견을 진료기록부에 기록한 경우 또는 치료 목적의 영상 판독소견을 시술 ( 수술 ) 기록지에 기록한 경우에는 판독소견서를 작성 · 비치한 것으로 간주함 . 나 . 작성시기 판독소견서는 환자치료 ( 치료계획 ) 전까지 작성하여야 하며 , 치료행위가 연속적으로 동시에 이루어지는 경우 ( 투시촬영 등 ) 또는 응급상황이 발생한 경우에는 치료 후 즉시 작성하여야 함 . 다만 , 상기 시점에 작성이 어려운 부득이한 사정이 있는 경우에는 건강보험심사평가원에 요양급여비용을 청구하기 전까지는 작성하여야 함 . 다 . 기재범위 판독소견서에는 환자성명 , 나이 , 성별 , 검사명 , 검사일시 , 판독소견 및 결론 ( 정상소견인 경우 구분 불필요 ), 판독일시 , 판독의 , 요양기관명 등을 포함하여 기재하여야 하며 , 진료기록부에 판독소견을 작성하는 경우에는 환자성명 , 나이 , 성별 , 요양기관명은 기재 생략 가능함 . [관련 근거] 고시 제 2023-242 호 (2024.1.1.)",
급여기준,입원진료 중 타 요양기관 진료의뢰,47404,https://www.hira.or.kr/bbsDummy.do?pgmid=HIRAA010006011100&brdScnBltNo=4&brdBltNo=47404,입원 중에 다른 병원에서 외래로 진료를 받을 수 있나요 ?,"요양기관은 요양급여에 필요한 적절한 인력ㆍ시설 및 장비를 유지하여야 하나 , 환자에게 최적의 요양급여를 실시하기 위하여 필요한 경우 또는 인력ㆍ시설 및 장비 등이 갖추어져 있지 아니하거나 기타 부득이한 경우에는 해당 진료가 가능한 타 요양기관으로 진료를 의뢰할 수 있습니다 . 요양기관에 입원 진료 중인 환자를 치료하는 과정에서 다른 요양기관으로 환자를 의뢰하여 처치 및 수술 , 방사선 치료 등을 받도록 할 경우에는 진료를 의뢰한 요양기관에서 의뢰한 진료내역을 포함하여 청구하며 , 진료비 정산은 해당 요양기관 간 상호 협의하도록 되어있습니다 . 이 경우 진료비 본인 일부부담금은 진료를 의뢰한 기관의 진료형태에 따른 본인일부부담률이 적용됩니다 . [관련 근거] - 「 국민건강보험 요양급여의 기준에 관한 규칙 」 제 5 조제 1 항 관련 [ 별표 1] 1. 요양급여의 일반원칙 - 「 입원진료 중 다른 요양기관의 진료의뢰 시 진료수가 산정방법 」 ( 보관 65720-668 호 , 1996.6.7. 시행 )",
급여기준,고위험 임산부의 초음파 급여기준,47403,https://www.hira.or.kr/bbsDummy.do?pgmid=HIRAA010006011100&brdScnBltNo=4&brdBltNo=47403,고위험 임산부의 초음파 급여기준이 궁금합니다.,"- 초음파 검사 시 ‘ 고위험 임신의 범위 ’ 는 「 초음파 검사의 급여기준 」 에 따르며 , 「 건강보험 행위 급여 · 비급여 목록 및 급여 상대가치점수 」 제 2 부 제 2 장 제 5 절 초음파 검사료에 분류된 나 -951 나 (1) 의 ‘ 주 ’ 항을 산정할 수 있는 경우에 대하여 아래와 같이 정하고 있습니다 . - 아 래 - 가 ) 태아에게 문제를 초래하는 임부의 질환상태 ( 임신성 당뇨병 , 임신성 고혈압 등 ) 나 ) 태아에게 문제를 초래하는 임부 자궁의 이상 ( 여성생식기종양 , 자궁경관무력증 , 자궁기형 등 ) 다 ) 정상 분만이 불가능한 태반의 이상 ( 전치태반 , 태반조기박리 등 ) 라 ) 양수과다증 또는 양수과소증 마 ) 자궁 내 태아 성장지연 [관련 근거] 「초음파 검사의 급여기준」 (고시 제2023-105호, 2023.7.1.시행)",
급여기준,인유두종 바이러스 검사(HPV),47402,https://www.hira.or.kr/bbsDummy.do?pgmid=HIRAA010006011100&brdScnBltNo=4&brdBltNo=47402,"자궁경부세포진 검사상 이상소견을 보여 일정 기간을 두고 계속 경과 관찰을 하게 되면 (HPV, CELLPREP) 전부 인정 가능한가요 ?","- 인유두종 바이러스 검사의 급여기준에 의하면 , 적응증에 해당하는 경우 검사 항목 중 1 가지 검사만 인정하며 중합효소연쇄반응법 (PCR) 에 의한 HPV 검사인 누 658 가 , 누 658 나 , 누 658 바 검사는 여러 HPV type 을 실시하더라도 소정점수의 200% 까지만 산정 가능합니다 . - 또한 「 나 562 나 (1) 세포병리검사 - 액상세포검사 - 자궁질 세포병리검사의 급여기준 」 에 따르면 자궁경부 세포진 검사상 미확정 비정형 편평세포(ASC-US) 이상 또는 비정형 선세포(AGC) 이상의 변화된 소견을 보여 추적 관찰이 필요한 경우 , 인유두종 바이러스 검사에서 이상이 있어 추후 관찰이 필요한 경우 , 자궁경부암 전 단계 또는 자궁경부암으로 진단되어 치료를 받은 후 재발여부를 평가하는 경우 , 자궁경부 출혈이나 polyp 이 있는 경우에 요양급여로 산정하도록 명시하고 있습니다 . - 따라서 위 적응증에 해당하는 경우에는 HPV 검사 및 나 562 나 (1) 세포병리검사 - 액상세포검사 - 자궁질 세포병리검사는 단계별로 검사를 실시하여야합니다 . 위 급여기준에는 실시횟수 및 간격에 대한 급여기준은 명시하고 있지 않으나 , 모든 검사는 환자의 상태를 고려하여 담당 의사의 의학적 판단 하에 실시하여야 합니다 . [관련 근거] - 「 인유두종 바이러스 검사 (Human Papilloma Virus, HPV 검사 ) 급여기준 」 ( 고시 제 2022-163 호 , 2022.7.1. 시행 ) - 「 나 562 나 (1) 세포병리검사 - 액상세포검사 - 자궁질 세포병리검사의 급여기준 」 ( 고시 제 2017-265 호 , 2018.1.1. 시행 )",
급여기준,치료식 영양관리료 관련,47401,https://www.hira.or.kr/bbsDummy.do?pgmid=HIRAA010006011100&brdScnBltNo=4&brdBltNo=47401,환자가 공동간병을 받고 있긴 하지만 환자 인지상태가 정상이라면 환자에게 직접 설명하고 치료식 영양관리료를 산정할 수 있나요 ?,"- 치료식 영양관리료는 환자 개인별 영양관리 및 치료식 질 향상이라는 취지에서 도입된 것으로 , 치료식 관리강화를 목적으로 영양사가 면담이나 식사 순회 (Meal rounding) 시 환자에게 제공되는 식사의 종류 및 사유 , 주의사항을 설명하고 , 치료식 수용도 또는 식이요구 등을 파악하여 반영하는 환자별 영양관리를 말합니다 . - 이런 도입취지 및 목적을 고려하여 치료식 영양관리료는 입원환자와 소아환자 또는 의사소통이 어려운 환자의 보호자와 실질적 보호자 역할을 하는 개별간병인까지 적용할 수 있습니다 . - 반면 여러 환자를 함께 간병하는 공동간병인의 경우에는 치료식 영양관리료를 적용할 수 없으며 , 요양기관 내 있지 않은 보호자에게 유선으로 영양관리를 하는 경우에도 입원 중인 환자에게 직접적인 영향을 미친다고 보기 어려우므로 산정대상에 해당되지 않습니다 . - 그러므로 환자 본인을 대상으로 영양관리가 이루어진 경우라면 치료식 영양관리료가 산정가능함을 알려드립니다. [관련 근거] 「치료식 영양관리료 수가산정 관련」(보험급여과-5676호, 2015.10.16. 시행)",
급여기준,입원환자 식대(치료식),47400,https://www.hira.or.kr/bbsDummy.do?pgmid=HIRAA010006011100&brdScnBltNo=4&brdBltNo=47400,치료식 식대 산정기준이 궁금합니다.,"-‘ 치료식 ’ 이란 질환 상태에 맞는 케톤식 , 당뇨식 , 신장질환식 , 심장질환식 , 간질환식 , 체중조절식 , 위절제후식 , 항응고제식 , 저단백식 , 연하보조식 , 저지방식 , 저염식 , 검사식 등 기타 이에 준하는 식사가 해당됩니다 . 또한, 환자식 제공업무를 주로 담당하는 당해 요양기관에 소속된 영양사와 조리사가 각각 1인 이상인 경우에 산정가능합니다. - 위의 영양사 및 조리사 1인은 1주간의 근로시간이 월평균 40시간인 근무자를 의미하며, 1주간의 근로시간이 월평균 32시간(이상)~40시간(미만) 근무자는 0.8인으로 산정하며, 32시간 미만 근무자는 산정대상에서 제외해야 합니다. -‘ 치료식 영양관리료 ’ 는 당해 요양기관에 소속된 영양사 1인당 1일 40명 이하(소수점 이하 절사함)의 환자에게 치료식(멸균식 포함)을 제공한 경우에 산정 가능하며, 치료식 ( 멸균식 포함 ) 을 제공받는 환자 ( 건강보험 ) 에게 영양관리를 실시한 경우 산정하며 제공하는 식사의 종류 , 제공사유 , 주의사항 등에 대하여 환자나 보호자에게 직접 설명하고 기재하여야 합니다 . - 위의 영양사 1인당 1일 40명 이하의 환자는 영양사는 전전분기 마지막 월 15일부터 전문기 마지막 월 14일까지 영양사별 재직일수의 합으로, 환자수는 전전분기 마지막 월 15일부터 전분기 마지막 월 14일 까지 치료식(멸균식 포함)을 제공받은 환자수의 합으로 산정합니다. - 또한 , 요양기관은 치료식 영양관리료 [ 신규 · 변경 ] 운영현황 통보서를 건강보험심사평가원에 제출하여야 합니다 .( 미제출 기관은 치료식 영양관리료를 산정할 수 없음 ) [관련 근거] - 「 입원환자 식대 인력 산정기준 」 ( 고시 제 2021-184 호 , 2022.7.1. 시행 ) - 「 입원환자 식대 세부기준 」 ( 고시 제 2021-184 호 , 2022.7.1. 시행 )",
급여기준,입원환자 식대(비급여 선택식),47375,https://www.hira.or.kr/bbsDummy.do?pgmid=HIRAA010006011100&brdScnBltNo=4&brdBltNo=47375,병원에서 환자들이 원하는 식사를 선택할 수 있도록 비급여 선택식을 운영해도 되나요?,"요양기관에 입원한 환자는 환자의 원에 의하여 비급여식을 선택할 수 있습니다. 이 경우 요양기관에서 식사종류별 가격을 산정하고, 그 비용은 환자가 전액 부담해야 합니다. 다만, 요양기관에서는 이러한 내용을 기재한 안내문을 환자 또는 그 보호자가 쉽게 볼 수 있는 장소에 게시 또는 비치하여야 합니다. [관련 근거] 「 입원환자식대 세부기준 」 ( 고시 제 2021-184 호 , 2022.7.1. 시행 )",
급여기준,건강보험 적용 약제 확인,47345,https://www.hira.or.kr/bbsDummy.do?pgmid=HIRAA010006011100&brdScnBltNo=4&brdBltNo=47345,"건강보험이 적용되는 약제는 어디서 , 어떻게 확인해야 하나요 ? 급여 적용 시 가격도 궁금합니다 .",- 건강보험이 적용되는 약제 목록을 심사평가원 홈페이지에 공개 하고 있습니다 . 접속 경로는 홈 > 제도 / 정책 > 약제기준정보 > 목록표 > 약제급여목록표에서 확인 가능합니다 . - 약제급여목록표에 제품별 상한금액도 함께 명시되어 있습니다 . [관련 근거] - 「 국민건강보험법 」 제 41 조제 2 항 - 「 국민건강보험 요양급여의 기준에 관한 규칙 」 제 8 조제 2 항 - 고시 「 약제 급여목록 및 급여 상한금액표 」,
급여기준,위내시경과 대장경검사를 동시 한 경우 내시경 세척·소독료 산정방법,47341,https://www.hira.or.kr/bbsDummy.do?pgmid=HIRAA010006011100&brdScnBltNo=4&brdBltNo=47341,동일 날 위내시경과 대장경검사를 동시한 경우 내시경 소독료 2 회 산정이 가능한지요 ?,"내시경 세척 · 소독료 요양급여 적용관련 질의 ․ 응답 ( 보건복지부 고시 제 2016-268 호 관련 , 2017.1.1. 적용 ) 에 의거 위내시경검사와 대장내시경검사를 동일 날 시행하는 경우는 검사부위가 전혀 다르고 세척 · 소독도 별도로 실시해야 하므로 내시경 세척 · 소독료는 각각 산정 가능함을 알려 드립니다 . [관련 근거] - 나 799-1 내시경 세척 · 소독료 산정기준 ( 보건복지부고시 제 2022-204 호 , 2022.9.1. 시행 ) - 내시경 세척 · 소독료 요양급여 적용관련 질의 ․ 응답 ( 보건복지부 고시 제 2016-268 호 관련 , 2017.1.1. 적용 ) Q4. 위 · 대장 내시경을 각각 검사한 경우 내시경 세척 · 소독료를 2 회 산정 가능한지 ? - 내시경 세척 · 소독료를 2 회 산정 가능함 .",
급여기준,차98나 치과임플란트 제거술-복잡과 동시에 실시한 차43 치조골성형수술 수가산정방법,47340,https://www.hira.or.kr/bbsDummy.do?pgmid=HIRAA010006011100&brdScnBltNo=4&brdBltNo=47340,치과임플란트 제거술 - 복잡과 동시에 실시한 치조골성형수술은 별도 산정 가능 한가요 ?,차 98 나 치과임플란트 제거술 - 복잡과 동시에 실시한 차 43 치조골성형수술은 주된 수술의 일련의 과정이므로 별도 산정할 수 없습니다 .,보건복지부 고시 제 2022-82 호 (2022.4.1. 시행 )
급여기준,'은 함유 이외' 드레싱류의 급여기준,47303,https://www.hira.or.kr/bbsDummy.do?pgmid=HIRAA010006011100&brdScnBltNo=4&brdBltNo=47303,' 은 함유 이외 ' 드레싱류의 급여기준과 해당 치료재료 중분류는 어떻게 되나요 ?,"-‘ 은 함유 이외 ’ 드레싱류는 ① 삼출액이 많은 심부 2 도 이상 화상의 경우 , ② 만성궤양 등 장기적 드레싱을 요하는 경우 , ③ 수포성 표피박리증의 경우에 각 정해진 사용량에 따라 급여하고 있으며 , - 급여대상 및 개수를 초과하는 경우 「 선별급여 지정 및 실시 등에 관한 기준 」 에 따라 본인부담률을 80% 로 적용하고 있습니다 . - 아울러 , 「 치료재료 급여 · 비급여 목록 및 급여상한금액표 」 상 ‘ 은 함유 ’ 이외의 드레싱류에 해당하는 중분류명은 아래와 같습니다 . - 아 래 - 가 . 첨가제가 없는 경우 1) 폼 드레싱류 (SHEET TYPE) 2) 폼 드레싱류 (CAVITY TYPE/ 원통형 ) 3) 폼 드레싱류 (CAVITY TYPE/ 직사각형 ) 4) 폼 드레싱류 ( 입체형 /hand) 5) 하이드로콜로이드 드레싱류 (SHEET TYPE) 6) 하이드로겔 드레싱류 (SHEET TYPE) 7) 하이드로겔 드레싱류 (GEL,PASTE TYPE) 8) 하이드로겔 드레싱류 (SPRAY TYPE) 9) 알지네이트 / 하이드로파이버 드레싱류 (SHEET TYPE) 10) 알지네이트 / 하이드로파이버 드레싱류 (CAVITY TYPE/ 무정형 ) 11) 알지네이트 / 하이드로파이버 드레싱류 (CAVITY TYPE/ 직사각형 ) 12) 복합 드레싱류 (SHEET TYPE) 나 . 첨가제가 있는 경우 1) 폼 드레싱류 , 은 이외 함유 (SHEET TYPE) 2) 하이드로겔 드레싱류 , 은 이외 함유 (GEL,PASTE TYPE) 3) 하이드로겔 드레싱류 , 은 이외 함유 (SPRAY TYPE) 4) 하이드로겔 드레싱류 , 은 이외 함유 (SHEET TYPE) 5) 알지네이트 / 하이드로파이버 드레싱류 , 은 이외 함유 (SHEET TYPE) 6) 복합 드레싱류 , 은 이외 함유 (SHEET TYPE) 7) 합성거즈 드레싱류 , 은 이외 함유 (SHEET TYPE) 8) 합성거즈 드레싱류 , 은 이외 함유 (CAVITY TYPE) [관련 근거 ] 「 ' 은 함유 이외 ' 드레싱류의 급여기준 」 ( 고시 제 2021-48 호 , 2021.7.1. 시행 )",
급여기준,진정내시경 환자관리료 부위별 산정여부,47263,https://www.hira.or.kr/bbsDummy.do?pgmid=HIRAA010006011100&brdScnBltNo=4&brdBltNo=47263,"위, 대장 내시경 시술 연속 시행 시 진정내시경 환자관리료를 부위별로 각각 산정 가능할까요?","- 보건복지부 고시 제2024-18호(2024.2.1.시행) 급여기준에서는 ""진정내시경 환자관리료(나799)는 소화기ㆍ기관지 내시경 검사 및 시술 시의 환자관리 행위로서 환자평가 및 설명, 진정 유도 및 활력징후 감시, 진정 각성 및 회복 등의 과정을 시행한 경우에 산정가능하며, 해당 검사 및 시술은 「건강보험 행위급여ㆍ비급여 목록표 및 급여 상대가치점수」제1편제2부 제2장(검사료) 또는 제9장(처치 및 수술료 등)에 분류된 행위 중 다음에 해당하는 경우 요양급여하고, 이에 해당하지 않는 경우에는 비급여함.으로 정하고 있으며, - 급여대상 및 범위는 1)「본인일부부담금 산정특례에 관한 기준」에 따른 암, 심장질환, 뇌혈관질환, 희귀질환, 중증난치질환, 결핵질환자가 산정특례 적용기간에 내시경 검사나 시술을 위해 진정을 실시한 경우, 2)그 외의 환자는 상기 가.의 행위 중 치료를 목적으로 한 시술 시에 진정을 실시한 경우로 정하고 있으며, - 수가산정방법은 다.2)위ㆍ대장 내시경을 동시에 실시하는 경우 진정내시경 환자관리료 소정점수 100%로 산정하고, 제2의 진정내시경 환자관리료는 소정점수 50%를 산정하도록 규정하고 있습니다. - 이에 관련 고시에서 정한 급여대상에 해당하는 경우 위, 대장 내시경 시술의 경우는 진정내시경 환자관리료 수가 산정 방법에 따라 해당 비용을 산정 할 수 있습니다. [관련 근거] 보건복지부 고시 제2 024-18호(행위) 나799 진정내시경 환자관리료 급여기준 [시행 2024.2.1.]",
급여기준,치은절제술의 급여기준,47262,https://www.hira.or.kr/bbsDummy.do?pgmid=HIRAA010006011100&brdScnBltNo=4&brdBltNo=47262,치은절제술의 급여기준이 어떻게 되나요 ?,차 104 치은절제술 ［ 1/3 악당 ］ 은 치은증식 또는 치은비대에 실시한 경우 요양급여를 인정합니다 .,고시 제 2022-82 호 ( 행위 )
급여기준,C형 근관 치아 근관치료의 급여기준,47261,https://www.hira.or.kr/bbsDummy.do?pgmid=HIRAA010006011100&brdScnBltNo=4&brdBltNo=47261,C 형 근관 치아 근관치료의 급여기준이 궁금합니다 .,"C 형 근관을 가진 치아의 근관치료는 다음과 같은 경우에 요양급여를 인정함 - 다 음 - 가 . 급여대상 : C 형 근관을 가진 영구치 나 . 인정기준 1) 근관 위치 및 형태 등 의사의 소견을 기록하고 , 근관충전 후 방사선 영상자료를 반드시 보관하여야 함 . 다만 , 치료를 실패한 경우에는 근관치료 중 촬영한 영상으로 갈음함 2) C 형 근관을 가진 영구치 중 상악제 2 대구치 , 하악제 1 소구치 , 하악제 2 대구치가 아닌 경우에는 요양급여비용 청구 시 진료기록부 및 영상자료 등 증빙자료를 첨부하여 제출토록 함",보건복지부 고시 제 2022-103 호 (2022.5.1. 시행 )
급여기준,근관와동형성의 급여기준,47184,https://www.hira.or.kr/bbsDummy.do?pgmid=HIRAA010006011100&brdScnBltNo=4&brdBltNo=47184,근관와동형성의 급여기준이 확대되었다는데 내용이 무엇인가요?,과거 근관와동형성은 발수 당일 1회에 한하여 별도 산정 가능했으나 RE-endo시에도 산정가능토록 확대되었습니다. 따라서 발수 또는 근관내 기존 충전물 제거한 경우 당일 1회에 한하여 1근관당 1회 인정합니다. [관련 근거] 보건복지부 고시 제2020-246호(2020.11.2 시행),
급여기준,유치 근관장 측정검사의 급여기준,47183,https://www.hira.or.kr/bbsDummy.do?pgmid=HIRAA010006011100&brdScnBltNo=4&brdBltNo=47183,유치 근관치료시 근관장측정검사 시행한 경우 산정이 가능한가요?,유치 근관치료 중 근관장측정검사를 시행한 경우에는 1근관당 3회까지 인정됩니다. [관련 근거] 보건복지부 고시 제2020-246호(2020.11.2 시행),
급여기준,「의료기관의 제증명수수료 항목 및 금액에 관한 기준」에 따른 제증명 수수료 고시 항목 이외 별도의 서식(내용)이 기재된 제증명서,47155,https://www.hira.or.kr/bbsDummy.do?pgmid=HIRAA010006011100&brdScnBltNo=4&brdBltNo=47155,"「의료기관의 제증명수수료 항목 및 금액에 관한 기준」항목 이외 별도의 서식(내용)이 기재된 제증명서를 요구하는 경우, 발급비용은 어떻게 징수해야 하나요?","제증명서 발급을 요구하는 자(보험회사 등)가 동 고시에서 정하고 있는 항목의 기준 이외에 별도의 명칭, 서식 및 내용(구체적인 진료내역, 향후 치료소견 등)으로 작성되는 제증명서를 요구하는 경우, 발급비용은 의료기관에서 자체적으로 그 금액을 정하여 받을 수 있습니다. [관련 근거] 「 의료기관의 제증명수수료 항목 및 금액에 관한 기준」(보건복지부 고시 제2021-34호, 2021.02.05.)",
급여기준,[의료기관의 제증명수수료 항목 및 금액에 관한 기준]에 따른 제증명 수수료,47154,https://www.hira.or.kr/bbsDummy.do?pgmid=HIRAA010006011100&brdScnBltNo=4&brdBltNo=47154,제증명수수료 비용은 어떻게 책정 되나요?,"- 의료기관에서 발급하는 각종 증명서 발급비용은 국민건강보험에서 환자가 전액 부담하는 비급여 대상으로, 「의료법」 제45조의3에 따라 의료기관에서 많이 발급하는 각종 증명서 30항목의 금액에 관한 기준을 정하여 합리적으로 운영하도록 하고 있습니다. - 따라서, 「 의료기관의 제증명수수료 항목 및 금액에 관한 기준」에 고시된 30항목 중 법정 서식이 있는 제증명서는 해당 서식을 사용하는 경우에만 상한금액 기준이 적용됩니다. 법정 서식이 없는 제증명서도 항목기준에 해당하는 경우에는 상한금액 기준이 적용됩니다. [관련 근거] 「 의료기관의 제증명수수료 항목 및 금액에 관한 기준」(보건복지부 고시 제2021-34호, 2021.02.05.)",
급여기준,"확인서(입퇴원,통원,진료)진단명 기재여부에 따른 발급비용",47153,https://www.hira.or.kr/bbsDummy.do?pgmid=HIRAA010006011100&brdScnBltNo=4&brdBltNo=47153,"입퇴원확인서, 통원확인서, 진료확인서에 진단명을 기입하는 경우, 발급수수료는 어떻게 적용하나요?","확인서(입퇴원확인서, 통원확인서, 진료확인서)는 진단명 기재여부와 상관없이 의료기관의 제증명수수료 항목 및 금액에 관한 기준 고시의 상한금액이 적용됩니다. [관련 근거] 「 의료기관의 제증명수수료 항목 및 금액에 관한 기준」(보건복지부 고시 제2021-34호, 2021.02.05.)",
급여기준,진료비 세부산정내역서 발급비용 요구에 대한 지불 여부,47096,https://www.hira.or.kr/bbsDummy.do?pgmid=HIRAA010006011100&brdScnBltNo=4&brdBltNo=47096,의료기관에 진료비 세부산정내역서 발급을 요청했는데 발급비용이 발생한다고 합니다. 지불해야 하나요?,"- 「국민건강보험 요양급여의 기준에 관한 규칙」 제7조에 따르면, 요양기관이 요양급여를 실시한 때에는 가입자등에게 일정한 서식에 따라 진료비(약제비) 계산서ㆍ영수증을 발급하도록 정하고 있고, 요양기관은 가입자등이 계산서ㆍ영수증에 대하여 세부산정내역을 요구하는 경우에는 이를 제공하여야 합니다. - 세부산정내역의 발급비용은「진료비 세부산정내역 서식 등에 관한 기준」 (보건복지부 고시 제2018-21호, 2018.1.31.) 제2조(진료비 세부산정내역 제공)2항에 의하여 최초 제공하는 1부 * 는 무상으로 제공하고, 이후의 발급은 요구자 부담으로 할 수 있도록 정하고 있습니다. * 최초 제공하는 1부란 해당 진료비 계산서·영수증별로 최초 발급하는 1부를 의미 [관련 근거] - 보건복지부 고시 제2018-21호 「진료비 세부산정내역 서식 등에 관한 기준」 -「국민건강보험 요양급여의 기준에 관한 규칙」 제7조제3항 및 제4항",
급여기준,진료비 세부산정내역서 표준서식,47094,https://www.hira.or.kr/bbsDummy.do?pgmid=HIRAA010006011100&brdScnBltNo=4&brdBltNo=47094,"진료비 세부산정 내역 발급 시, 진료비 세부산정 내역서의 표준서식이 아닌 의료기관의 자체 서식으로 발급 가능한가요 ?","- 「국민건강보험 요양급여의 기준에 관한 규칙」 제7조에 따르면, 요양기관이 요양급여를 실시한 때에는 가입자등에게 일정한 서식에 따라 진료비(약제비) 계산서ㆍ영수증을 발급하도록 정하고 있고, 요양기관은 가입자등이 계산서ㆍ영수증에 대하여 세부산정내역을 요구하는 경우에는 이를 제공하여야 합니다. - 세부산정내역의 서식은「진료비 세부산정내역 서식 등에 관한 기준」 (보건복지부 고시 제2018-21호, 2018.1.31.)에 따라 가입자 또는 피부양자가 진료비 세부산정내역을 요구하는 경우에는 진료비 세부산정내역 서식(별지 제1호 서식)에 따라 제공하도록 규정하고 있습니다. [관련 근거] - 보건복지부 고시 제2018-21호 「진료비 세부산정내역 서식 등에 관한 기준」 -「국민건강보험 요양급여의 기준에 관한 규칙」 제7조제3항 및 제4항",
급여기준,혈맥약침술에 대한 비용의 비급여 징수 가능 여부,47089,https://www.hira.or.kr/bbsDummy.do?pgmid=HIRAA010006011100&brdScnBltNo=4&brdBltNo=47089,위암으로 한방병원에 내원하여 산삼을 비롯한 한약재에서 추출한 약물을 혈관(혈맥)에 주입하는 혈맥약침술 치료를 받은 경우 비급여로 지불 가능한지 문의합니다.,"혈맥약침술은 혈관(혈맥)에 약물을 주입하여 치료하는 방법으로 비급여 항목으로 이미 등재되어 있는 기존기술인 약침술의 범주에 해당하지 아니하고, 혈맥약침액 및 혈맥약침술 행위는 안정성ㆍ유효성에 대한 신의료기술 평가 신청이 선행하여야 하므로 환자에게 별도 급여 또는 비급여로 징수할 수 없음을 알려드립니다. [관련 근거] - 대법원 판례 <항암혈맥약침술 판례 목록 및 쟁송경위> ㆍ서울행정법원 2014구합15** (2015.4.9. 원고패) ㆍ서울고등법원 2015누41** (2016.1.26. 원고승) ㆍ대법원 2016두34** (2019.6.27. 파기환송) ㆍ서울고등법원 2019누48** (2020.2.6. 항소기각) ㆍ대법원 2020두35** (2020.5.28. 심리불속행기각, 2020.6.2. 확정)",
급여기준,제3자에게 처방전 발행 가능 여부,47067,https://www.hira.or.kr/bbsDummy.do?pgmid=HIRAA010006011100&brdScnBltNo=4&brdBltNo=47067,환자가 거동이 불편하여 병원 방문이 불가능합니다. 간병인 등 제3자에게 처방전을 발행해도 되나요?,"- 처방전(전자처방전 포함)은 의료업에 종사하고 환자를 직접 관찰한 의사, 치과의사 또는 한의사가 아니면 처방전을 작성하거나 발송하지 못하며, 직접 진찰을 받은 환자가 아니면 처방전을 수령하지 못합니다. - 다만, 환자의 의식이 없는 경우나 환자의 거동이 현저히 곤란하여 동일한 상병에 대하여 장기간 동일한 처방이 이루어지는 경우에는 대리처방이 가능하며, 환자를 대리하여 처방전을 수령할 수 있는 사람은 아래와 같습니다. - 아 래 - ① 환자의 직계존속 및 비속, 환자의 배우자 및 배우자의 직계존속, 형제자매, 환자의 직계비속의 배우자 ② 노인복지법 제34조에 따른 노인의료복지시설(노인요양시설, 노인요양공동생활가정)에서 근무하는 사람 ③ 그 밖에 환자의 계속적인 진료를 위해 필요한 경우로서 보건복지부 장관이 인정하는 사람 * 교정시설 직원, 장애인복지법 제58조에 따른 장애인 거주시설에 근무하는 사람, 무연고자의 실질적 보호자(시설직원 등), 미성년자(의사결정능력이 있는 경우) ④ 환자의 주 보호자(시설직원, 방문간호사, 요양보호사, 간병인, 친척, 이웃, 지인 등)로서 환자의 건강상태를 잘 알고 있고, 평소 진료 시에도 동행하여 주치의가 대리 상담하여 처방이 가능하다고 판단한 경우 [관련 근거] - 의료법 제17조의2 제2항 - 의료법 시행령 제10조의2",
급여기준,치료재료 구입 내역 2년 연장신고 방법,46952,https://www.hira.or.kr/bbsDummy.do?pgmid=HIRAA010006011100&brdScnBltNo=4&brdBltNo=46952,치료재료 구입내역 신고 후 동일품목을 재구입 없이 연장하여 계속 사용할 경우 2년 연장신고 방법은?,"【연장신고 절차】 - 치료재료 연장 신고방법은 건강보험심사평가원 홈페이지( www.hira.or.kr )에 접속하신 후 ① 요양기관 업무포탈(메인화면 중간) ② 공인인증서 로그인 ③ 진료비청구 선택 ④ 치료재료관리 > 치료재료 구입목록표 선택 ⑤ 신규 등록 선택 ⑥ 만료예정 재료안내 선택 ⑦ 해당 치료재료 선택 후 확인 선택 ⑧ 구입목록표 내 2년 연장 선택 ⑨ 접수 클릭 하시면 연장신고가 완료됩니다. - 아울러 구입한 치료재료가 계속 남아 있을 경우, 구입일로부터 2년이 되기 1개월 전 확인하여 연장 신고를 하셔야 합니다. - 미 신고 시 증빙자료 미제출(조정코드 F)로 심사 조정이 발생하오니 사전에 신고하여 주시기 바랍니다. [관련 근거] - 국민건강보험법 제41조제3항 및 4항 - 국민건강보험법 시행령 제22조제2항",
급여기준,미수령 약제 재처방시 진찰료 산정,46948,https://www.hira.or.kr/bbsDummy.do?pgmid=HIRAA010006011100&brdScnBltNo=4&brdBltNo=46948,진료 후에 개인사정으로 약국에서 약을 처방 받아가지 않아 다시 병원 에서 의사 진료 후 처방전을 재발행 받았습니다. 같은 약을 처방 받았음에도 진찰료를 또 지불해야하나요?,"- 진찰료는 외래에서 환자를 진찰한 경우에 처방전의 발행과는 관계없이 산정토록 명시되어 있으며, 처방전 사용기간 경과 여부에 따라 산정 방법 이 다릅니다. - 처방전 사용기간 경과 후 재발급 받을 경우에는 처방전 유효기간이 경과 하였으므로, 종전 처방전에 의해 약제를 조제 받을 수 없습니다. 따라서 처방전 재발급을 위해 의료기관에 재차 내원해야 하며, 재발급 여부 결정을 위해 의사가 진찰한 경우에는 진찰료를 지불해야 합니다. - 처방전 사용기간 이내에 처방전을 분실하여 재발급 하는 경우에는 의사 판단하에 재진찰 여부를 결정해야 하지만, 단순히 분실된 처방전과 동일하게 재발급하는 경우에는 진찰료를 별도 산정할 수 없습니다. 이 때, 처방전교부번호는 종전의 번호를 그대로 사용하고 재발급한 사실을 확인할 수 있도록 처방전에 표기해야 합니다. [관련 근거] - 「건강보험 행위 급여·비급여 목록 및 급여 상대가치점수」 제2부 제1장 기본 진료료 산정지침 - 「처방전 재발급시 요양급여비용 산정방법」 (고시 제2018-269호, 2019.1.1. 시행)",
급여기준,치과에서 초재진 산정기준,46898,https://www.hira.or.kr/bbsDummy.do?pgmid=HIRAA010006011100&brdScnBltNo=4&brdBltNo=46898,초진에 3개의 충치를 진단한 후 1달이상 지나서 1개만 치료하는 경우 초진료 산정가능한지요?,- 하나의 상병에 대한 진료가 끝난 후 동일 상병이 재발하여 30일 이내에 진찰을 하는 경우 또는 30일 이내 타 상병으로 진찰을 받은 경우에도 재진 진찰료를 산정합니다. - 따라서 치과치료에서 초진 시 3개의 충치를 발견한 후 치료를 위하여 각각의 치아를 발치하는 경우에는 30일 이후에 내원하였더라도 일련의 치료기간에 해당되므로 재진 진찰료를 산정합니다. [관련 근거] 고시 제2018-269호(행위),
급여기준,사시수술의 급여기준,46889,https://www.hira.or.kr/bbsDummy.do?pgmid=HIRAA010006011100&brdScnBltNo=4&brdBltNo=46889,사시 수술을 하고자 하는데 건강보험 혜택을 받을 수 있나요?,"- 시력이나 시기능의 회복을 기대할 수 없음에도 외모개선을 위하여 실시하는 미용목적의 사시수술은 비급여 대상이며, 치료 등을 목적으로 요양급여를 인정하는 경우는 다음과 같습니다. - 다 음 - 가. 10세 미만의 사시환자 나. 10세 이후의 사시환자 - 전신질환, 안와질환, 눈과 눈 주위 수술, 외상 등으로 사시가 발생하여 복시와 혼란시가 있는 경우 - 10세 이전에 발생된 사시로 이상두위(복시에 적응하기 위하여 고개를 비스듬히 하여 사물을 주시하는 증상) 현상이 있는 경우 다. 가.~ 나. 대상자에 대한 1차 사시교정수술 후 과교정으로 2차 수술을 시행하는 경우 - ‘사시수술의 급여 범위’ 에 대해서는 관련 문헌 및 사시수술 전문가들의 의학적 소견 등을 참고하여 결정되었습니다. 보통 10세 미만의 사시 환자에서는 사시가 발생한 후 짧은 시간 안에 복시와 혼란시 증상을 피하기 위한 적응현상으로 이상망막반응, 약시와 같은 감각이상이 발생하며, 이러한 감각이상으로 인하여 입체시 기능이 없어집니다. 감각이상 및 입체시 장애의 치료는 시기능이 발달과정에 있는 소아에서만 가능하므로 10세 미만의 소아사시환자의 교정수술은 급여대상으로 정하고 있는 것입니다. - 10세 이전의 소아 연령층에서 발생한 사시를 성인이 되어서 교정수술을 받는 경우에는 시기능이 완전히 성숙된 상태에서의 사시수술로서 시력 및 시기능 회복이 불가능하고, 단순한 외모개선 목적으로 사시수술을 하게 되므로 비급여대상으로 정하고 있습니다. [관련 근거] 「사시수술의 요양급여 여부」 (고시 제2009-122호, 2009.7.1. 시행)",
급여기준,낮병동 입원료 산정,46885,https://www.hira.or.kr/bbsDummy.do?pgmid=HIRAA010006011100&brdScnBltNo=4&brdBltNo=46885,약제를 투여하기 위해 환자가 상당기간 낮병동에 머문 경우 낮병동 입원료를 산정할 수 있나요?,"낮병동 입원료는 입원에 준하는 상태에서 항암제 투여, 처치 및 수술 등을 받은 환자에 대한 관찰에만 최소한 6시간 이상 소요되는 경우에 산정하는 것으로 외래에서 별다른 처치ㆍ수술 등 없이 단순히 약제만을 투약하는 경우에는 산정할 수 없습니다. [관련 근거] 「낮병동입원료 산정방법」(고시 제2003-65호, 2003.12.1.시행)",
급여기준,약제 분실에 따른 처방전 재발급시 청구방법,46884,https://www.hira.or.kr/bbsDummy.do?pgmid=HIRAA010006011100&brdScnBltNo=4&brdBltNo=46884,"환자가 약제를 분실하여 처방전을 재발급하였습니다. 이럴 경우 진찰료와 약제료, 조제료는 어떻게 청구해야하나요?","이미 수령한 약제를 분실한 것은 환자의 잘못이므로 진찰료 및 약국 에서의 약제료, 조제료는 모두 전액 본인부담으로 환자가 부담합니다. 요양급여비용은 청구할 수 없도록 하되, 이 경우 처방전양식 중 ‘기타’ 란에 ‘전액본인부담’으로, ‘조제시 참고사항’란에 재처방 사유(예시: 처방약 분실에 따른 재처방)를 표시해야 합니다. [관련 근거] 보건복지부 행정해석「약제를 분실하여 다시 처방해야 하는 경우에 대한 질의회신」(보험약제과-1070호, 2008.5.27.)",
급여기준,모반치료의 급여기준,46881,https://www.hira.or.kr/bbsDummy.do?pgmid=HIRAA010006011100&brdScnBltNo=4&brdBltNo=46881,모반 치료의 급여기준이 궁금합니다.,"- 국민건강보험 요양급여의 기준에 관한 규칙 제9조제1항[별표2]에 의해 점(모반), 주근깨, 딸기코, 백모증 등 피부질환은 업무 또는 일상생활에 지장이 없는 경우로 보아 비급여 대상으로 명시하고 있습니다. - 다만,「혈관종, 화염상 모반 치료의 인정기준」에 따라 건강보험 혜택을 받을 수 있는 경우는 다음과 같습니다. - 다 음- 1. 혈관종으로 인하여 궤양화를 초래하여 2차 감염을 일으키거나 기능장애를 초래한 경우에는 급여대상임. 2. 혈관종, 화염상모반이 노출부위에 있는 경우에는 타인에게 혐오감을 주어 안정된 사회생활이 어려우므로 얼굴, 목, 손, 팔, 무릎 이하의 노출부위가 포함된 병소에 대한 치료를 하는 경우에는 급여대상으로 함. 3. 다만, 혈관종, 화염상모반에 색소레이저 치료시 총 6회 이내(평생 개념)에서 보험급여하며, 동 인정기준 이외에는 비급여토록 함. [관련 근거] 「혈관종, 화염상 모반 치료의 인정기준」 (고시 제2010-100호, 2010.12.1. 시행)",
급여기준,물리치료와 국소주사를 동시 실시한 경우,46876,https://www.hira.or.kr/bbsDummy.do?pgmid=HIRAA010006011100&brdScnBltNo=4&brdBltNo=46876,외래 진료 시 물리치료와 국소주사 등을 동시에 실시한 경우에는 어떻게 청구해야 하나요?,"외래 진료시 물리치료와 국소주사 등 (관절강내, 신경간내주사, 신경차단술 등) 을 동시에 실시한 경우, 동일 목적으로 실시된 중복진료로 보아 주된 치료만 요양급여로 적용하고 1종은 환자가 전액본인 부담합니다. [관련 근거] 「물리치료와 국소주사 등을 동시 시행시 인정기준」 (고시 제2011-10호, 2011.2.1. 시행)",
급여기준,치료재료 신고 관련 문의,46781,https://www.hira.or.kr/bbsDummy.do?pgmid=HIRAA010006011100&brdScnBltNo=4&brdBltNo=46781,"치료재료는 한번만 신고해도 되는지, 재료가 많이 남아있을 경우 신고는 어떻게 해야 하는지 여부","- 치료재료는 구입시마다 신고가 원칙이며, 요양급여비용 명세서 접수 전에 실구입가(부가세 포함)로 제출 - 동일 품목을 재구입 없이 계속 사용시 유효기간은 2년이며, 만료일 도래하기 1개월 전부터 연장신고 (신고방법) 2년 연장신고: “2년”에 √(체크) 표기 [관련 근거] - 보건복지부고시 제2012-117호 요양급여비용 청구방법, 심사청구서·명세서서식 및 작성요령[시행 2012.10.1.] - 국민건강보험법 시행규칙 제19조(요양급여비용의 청구) 제3항",
급여기준,치료재료 양도양수 관련 문의,46780,https://www.hira.or.kr/bbsDummy.do?pgmid=HIRAA010006011100&brdScnBltNo=4&brdBltNo=46780,병원에서 종합병원으로 변경시 양도양수 신고는 어떻게 해야 하는지 여부,"① 양도양수 받은 병원은 2년 연장 신고가 아닌 최초신고(양도 양수받은날)를 해야함. 단, 거래명세서가 있어야 양도양수 받은 물품에 대한 구입신고가 가능함. ② 신고방법 1: 병원일 때 구입했던 치료재료를 반납하고, 업체로부터 다시 구입함. ③ 신고방법 2: 병원일 때 구입했던 치료재료 재고가 남아있는 경우, 재고 관리대장을 만들어서 병원일 때 재료가 종합병원으로 변경되면서 넘어간 치료재료, 수량, 거래명세서를 관리함. 예) 7월 1일자로 종합병원으로 조정된 경우 병원일 때 K310005를 2014.6.1.에 100개 구입하여 50개 소진 시 남은 재료를 신고할 경우 구입일자는 양도양수 받은 일자로, 구입량은 50개로 신고하되 거래명세서가 반드시 있어야 함. 또한, 양도양수 여부 체크하여 신고함. [관련 근거] - 보건복지부고시 제2012-117호 요양급여비용 청구방법, 심사청구서·명세서서식 및 작성요령[시행 2012.10.1.] - 국민건강보험법 시행규칙 제19조(요양급여비용의 청구) 제3항",
급여기준,인공관절치환술 복잡기준,46748,https://www.hira.or.kr/bbsDummy.do?pgmid=HIRAA010006011100&brdScnBltNo=4&brdBltNo=46748,인공관절치환술 또는 재치환술 시 일정점수를 가산 산정할 수 있는 복잡기준에 대하여 알고 싶습니다.,"해당 전문의 협진으로 만성 신부전증 등 11개 질환이 객관적으로 증명된 경우, 장축 1인치 이상의 골결손이 동반되거나 15도 이상의 골변형이 동반된 인공관절치환술 등 보건복지부 행정해석으로 정한 복잡기준 중 하나이상을 만족하는 경우 수가를 가산 산정할 수 있습니다. [관련 근거] - 건강보험 행위 급여·비급여 목록표 및 급여 상대가치점수(보건복지부 고시) - 보건복지부 행정해석(보험급여과-2502호, 2014.7.22.)",
급여기준,동일부위에 자락술과 자락관법을 동시 시술한 경우 수가 산정방법,46743,https://www.hira.or.kr/bbsDummy.do?pgmid=HIRAA010006011100&brdScnBltNo=4&brdBltNo=46743,자락술과 자락관법을 동시에 시술한 경우 두가지 항목을 각각 산정할 수 있나요?,동일부위에 자락술과 자락관법을 동시 시술한 경우 자락술은 자락관법의 일련의 과정이므로 자락관법료만 산정하여야 합니다. [관련 근거] 보건복지부고시 제2007-139호(2008.1.1. 시행) “ 동일 부위에 자락술과 자락관법 동시 시술시 산정방법 ”,
급여기준,질병군 분류번호를 결정하는 주된 수술 이외에 수술 중 합병증 발생으로 수술을 추가로 실시한 경우 수기료 추가 산정방법,46742,https://www.hira.or.kr/bbsDummy.do?pgmid=HIRAA010006011100&brdScnBltNo=4&brdBltNo=46742,자궁적출술(DRG)을 시행하다가 발생한 방광파열에 대해 수술을 실시 한 경우 질병군(자궁적출술) 이외에 수기료를 추가로 산정할 수 있나요?,질병군 분류번호를 결정하는 주된 수술 이외에 수술을 실시한 경우 수기료 추가산정 방법(보건복지부 고시)에 의하면 질병군 수술에 따른 합병증 혹은 처치 중의 우발적인 천자 및 열상 등으로 실시한 수술은 추가산정 하지 않는다고 정하고 있으므로 자궁적출술 시행중 발생한 방광파열 수술료는 추가 산정할 수 없습니다. [관련 근거] 보건복지부 고시 제2015-26호(2015.1.30.) “ 질병군 분류번호를 결정하는 주된 수술 이외에 수술을 실시한 경우 수기료 추가 산정방법 ”,
급여기준,"비급여 수술 전·후의 진찰, 검사, 처치 등의 행위가 요양급여에 포함되는지 여부",46688,https://www.hira.or.kr/bbsDummy.do?pgmid=HIRAA010006011100&brdScnBltNo=4&brdBltNo=46688,비급여시술 합병증에 대한 염증이 발생한 경우 치료시 요양급여 적용 여부,"- 국민건강보험법 제41조(요양급여)에서는 가입자와 피부양자의 질병, 부상, 출산 등에 대하여 요양급여를 실시하며 업무나 일상생활에 지장이 없는 질환에 대한 치료 등 보건복지부장관이 정하는 사항(국민건강보험요양급여의 기준에 관한규칙)은 요양급여대상에서 제외되는 사항(비급여)으로 정할 수 있습니다. - 이와 관련하여 국민건강보험요양급여의 기준에 관한 규칙 제9조(별표2)에서는 비급여대상을 ㉮ 업무 또는 일상생활에 지장이 없는 경우 ㉯ 신체의 필수 기능 개선 목적이 아닌 경우 ㉰ 예방진료로서 질병·부상의 진료를 직접 목적으로 하지 아니하는 경우 ㉱ 보험시책상 요양급여로 인정하기 어려운 경우 및 건강보험급여원리에 부합하지 아니하는 경우 등으로 정하고 있습니다. - 이에 따라 국민건강보험법의 요양급여대상에 관한 규정체계, 형식과 내용을 고려해 본다면 요양기관이 가입자 등에게 실시 또는 사용한 행위·치료재료 및 약제가 국민건강보험 요양급여의 기준에 관한 규칙 제9조에서 정한 비급여대상에 속한 다면 외형상 법 규정에 기하여 고시한 급여목록표에 열거된 행위·치료재료 및 약제에 해당하더라도 요양급여대상에서 제외된다고 법원은 판단하고 있습니다. - 예를 들어 판례는 비급여대상으로 정하는 ‘안경, 콘택트렌즈 등을 대체하기 위한 시력 교정술로서 신체의 필수기능 개선 목적이 아닌 경우에 실시 또는 사용되는 행위·치료재료 및 약제’에서 ‘시력교정술’이란 시력교정술 자체 뿐만 아니라 이에 필요한 수술 전·후의 진찰, 검사·처리 등의 행위까지를 비급여에 포함 한다고 보는 것이 타당한 것으로 결정하였습니다. - 하지만, 수술·처치 후에 발생한 염증과 통증에 따른 입원치료의 급여여부는 환 자의 상태 및 해당 수술과의 의학적 연계성 등을 고려한 담당의사의 의학적 판단에 따라 적극적 치료가 필요한 합병증인지 우선 고려된 후 급여여부가 판단되어져야 함을 안내드립니다. [관련 근거] 국민건강보험법 제41조, 국민건강보험 요양급여의 기준에 관한 규칙 제9조 대법원 2012.10.11. 선고, 2008두 19345판결, 대법원 2012.11.29. 선고 2009두 3637판결",
심사/평가,상급종합병원 지정 기준 중 입원환자의 질병군별 질병의 종류 확인 경로,47677,https://www.hira.or.kr/bbsDummy.do?pgmid=HIRAA010006011200&brdScnBltNo=4&brdBltNo=47677,환자구성비율 산출 시 적용되는 전문 · 일반 · 단순진료질병군별 질병의 종류는 어디서 확인 가능한가요 ?,「 상급종합병원의 지정 및 평가규정 」 고시 제 2023-265 호 [ 별표 1] 에서 확인할 수 있습니다 . 자세한 사항은 보건복지부 홈페이지에서 검색 가능합니다 . [관련 근거] - 「 의료법 」 제 3 조의 4 - 「 상급종합병원의 지정 및 평가에 관한 규칙 」 - 「 상급종합병원의 지정 및 평가규정 」,
심사/평가,신생아중환자실 적절성 평가 대상,47671,https://www.hira.or.kr/bbsDummy.do?pgmid=HIRAA010006011200&brdScnBltNo=4&brdBltNo=47671,신생아 중환자실 적정성 평가 대상은 어떻게 되나요 ?,신생아 중환자실 평가는 대상기간 내에 신생아중환자실에 입원한 환자를 대상으로 평가합니다 .,"- 요양급여의 적정성평가 및 요양급여비용의 가감지급 기준 ( 보건복지부 고시 제 2023-35 호 , 2023.2.24.) - 2024 년도 요양급여 적정성평가 계획 승인 통보 ( 보건복지부 보험평가과 -119 호 , 2024.1.8.)"
심사/평가,고혈압ㆍ당뇨병 적정성 평가 결과 확인하는 경로는?,47653,https://www.hira.or.kr/bbsDummy.do?pgmid=HIRAA010006011200&brdScnBltNo=4&brdBltNo=47653,고혈압ㆍ당뇨병 적정성 평가 결과는 어디에서 확인할 수 있나요?,고혈압ㆍ당뇨병 적정성 평가 결과는 건강보험심사평가원 홈페이지( www.hira.or.kr )를 통해 공개하고 있습니다. ㆍ(국민) 건강보험심사평가원 홈페이지( www.hira.or.kr ) > 의료평가정보 > 병원 평가 > 만성질환- 고혈압ㆍ당뇨병 ㆍ(요양기관) e-평가시스템( http://aq.hira.or.kr ) > 평가결과 > 평가결과통보서함 > 고혈압ㆍ당뇨병 [관련 근 거] 2023 년(2주기 1차) 고혈압 ㆍ당뇨병 적정성 평가 결과 보고,
심사/평가,고혈압ㆍ당뇨병 평가결과 등급공개(기관별ㆍ질환별),47652,https://www.hira.or.kr/bbsDummy.do?pgmid=HIRAA010006011200&brdScnBltNo=4&brdBltNo=47652,고혈압ㆍ당뇨병 평가결과는 어떤 방식으로 공개되나요?,"기존 고혈압ㆍ당뇨병 평가에서 평가결과가 각각의 질환별 양호한 의원만 공개했던 것과 달리, 2주기 평가부터는 전체 의원의 등급(기관별ㆍ질환별)을 1~5등급을 공개합니다. ※ 평가 등급 ① (산출대상) 각 질활별 평가대상자가 30명이상이면서 평가지표 모두 평가결과 산출되는 기관 ② (산출방법) 평가지표별 표준화 점수에 가중치 부여한 종합점수를 5등급으로 분류 * 등급별 점수: 1등급 90점 이상, 2등급 이하 10점 구간 [관련 근거] 2023년(2주기 1차) 고혈압ㆍ당뇨병 적정성 평가결과",
심사/평가,고혈압ㆍ당뇨병 적정성 평가지표 정의 및 산출식,47651,https://www.hira.or.kr/bbsDummy.do?pgmid=HIRAA010006011200&brdScnBltNo=4&brdBltNo=47651,고혈압ㆍ당뇨병 적정성 평가지표 정의 및 산출식은 어디서 확인이 가능한가요?,"평가지표의 정의 및 산출식은 e-평가시스템( http://aq.hira.or.kr ) > 알림방 > 평가알림방에서 '고혈압 ㆍ당뇨병 평가 세부시행계획'을 검색하여 확인하실 수 있습니다. ※ 평가지표 총 15개 - 평가지표 9개, 결과지표(선택지표) 2개, 모니터링 지표 4개로 구성 [관련 근 거] 2024 년(2주기 2차) 고혈압 ㆍ당뇨병 적정성 평가 세부시행계획 2025 년(2주기 3차) 고혈압 ㆍ당뇨병 적정성 평가 세부시행계획",
심사/평가,약제급여 적정성평가의 평가주기,47650,https://www.hira.or.kr/bbsDummy.do?pgmid=HIRAA010006011200&brdScnBltNo=4&brdBltNo=47650,약제급여 적정성평가의 평가 주기는 어떻게 되나요?,"약제평가는 2017년(심결분)부터 연간평가로 변경되어 시행중이며 월별, 분기별, 반기별로 평가 결과를 e-평가시스템을 통해 제공하고 있습니다.",연도별 약제급여 적정성 평가 세부시행계획
심사/평가,약제급여 적정성평가의 대상기간 및 자료,47649,https://www.hira.or.kr/bbsDummy.do?pgmid=HIRAA010006011200&brdScnBltNo=4&brdBltNo=47649,약제급여 적정성평가의 대상기간 및 자료는 어떻게 되나요?,평가대상기간은 해당연도 1월~12월까지의 진료분(또는 청구분)이 아닌 심결분 기준으로 건강보험 및 의료급여 외래 명세서를 대상으로 하고 있습니다.,연도별 약제급여 적정성 평가 세부시행계획
심사/평가,환자경험 평가의 조사 대상기관 및 대상자,47648,https://www.hira.or.kr/bbsDummy.do?pgmid=HIRAA010006011200&brdScnBltNo=4&brdBltNo=47648,환자경험 평가의 조사 대상기관 및 대상자는 어떻게 되나요 ?,"조사 대상기관은 상급종합병원 및 100 병상 이상 종합병원이며 , 2023 년 (4 차 ) 환자경험 평가의 경우 374 개 기관이 조사 대상기관입니다 . 조사 대상자는 퇴원 이후 2 일에서 56 일 (8 주 ) 사이에 있는 만 19 세 이상 성인 중 1 일 이상 입원 경험이 있는 환자 본인입니다 . 2025년(5차) 환자경험 평가 세부시행계획은 수립 중이며, 상반기 내로 공개 예정입니다. [관련 근거] 2025년도 요양급여 적정성 평가 계획",
심사/평가,급성기뇌졸중 11차 평가지표,47560,https://www.hira.or.kr/bbsDummy.do?pgmid=HIRAA010006011200&brdScnBltNo=4&brdBltNo=47560,급성기뇌졸중 11 차 평가기준은 어디서 확인할 수 있나요 ?,- 급성기뇌졸중 11 차 평가기준은 e- 평가시스템 ( https://aq.hira.or.kr ) 의 다음의 경로에서 확인 가능합니다 . · 지표정의 및 산출기준 > 적정성평가 > 평가수행 > 급성기뇌졸중 · 알림방 > 적정성평가 > 평가알림방 > 급성기뇌졸중 2022 년 (10 차 ) 평가결과 및 2024 년 (11 차 ) 세부시행계획 공개 안내 [관련 근거] 2024 년 (11 차 ) 급성기뇌졸중 적정성평가 세부시행계획,
심사/평가,영상검사 적정성 평가대상,47559,https://www.hira.or.kr/bbsDummy.do?pgmid=HIRAA010006011200&brdScnBltNo=4&brdBltNo=47559,온라인 설명회는 어디에서 확인할 수 있나요 ?,영상검사 1 차 평가 온라인 설명회 관련 내용은 e- 평가시스템 ( https://aq.hira.or.kr ) 의 다음의 경로에서 확인 가능합니다 . · 알림방 > 적정성평가 > 평가알림방 > 2023 년 (1 차 ) 영상검사 적정성평가 온라인 설명회 개최 안내 [관련 근거] 2023 년 (1 차 ) 영상검사 적정성평가 온라인 설명회 개최 계획 보고,
심사/평가,영상검사 적정성 평가기준,47558,https://www.hira.or.kr/bbsDummy.do?pgmid=HIRAA010006011200&brdScnBltNo=4&brdBltNo=47558,영상검사 1 차 평가기준은 어디에서 확인할 수 있나요 ?,영상검사 1 차 평가기준은 e- 평가시스템 ( https://aq.hira.or.kr ) 의 다음의 경로에서 확인 가능합니다 . · 지표정의 및 산출기준 > 적정성평가 > 평가수행 > 영상검사 ( 개발예정 ) · 알림방 > 적정성평가 > 평가알림방 > 2023 년 (1 차 ) 영상검사 적정성평가 세부시행계획 안내 [관련 근거] 2023 년 (1 차 ) 영상검사 적정성평가 세부시행계획,
심사/평가,재활의료기관 대상 환자는?,47541,https://www.hira.or.kr/bbsDummy.do?pgmid=HIRAA010006011200&brdScnBltNo=4&brdBltNo=47541,"재활의료기관에 입원할 수 있는 환자는 어떤 환자고 , 얼마나 입원가능 한가요 ?","회복기 재활 대상환자는 대상 환자군과 환자군별 입원시기 및 입원일을 정하고 있습니다 . 1. 회복기 재활환자 구성에 해당되는 질환 대상 환자군 대상 질환 중추신경계 가 ( 뇌손상 ) 뇌졸중 , 외상성 및 비외상성 뇌손상 나 ( 척수손상 ) 외상성 및 비외상성 척수손상 근골격계 다 -1 ( 단일 부위 ) 고관절 , 골반 , 대퇴의 골절 및 치환술 다 -2 ( 다발 부위 ) 고관절 , 골반 , 대퇴를 포함하는 2 부위 이상 골절 및 치환술로 이 경우 상지는 제외한다 다-3 양측 슬관절 치환술(단측 또는 양측이 복잡수술에 해당하는 경우) 라 하지부위 절단 그 외 마 비사용 증후군 * 다-3의 복잡기준이란 「건강보험 행위 급여·비급여 목록표 및 급여 상대가치점수」(고시2014-113호) 관련 행정해석(보험급여과-2502호,2014.7.22.)에 따른 행위 복잡기준 (1),(2),(5),(6),(7),(10),(11) 해당 항목 2. 회복기 재활환자 구성의 세부기준 가. 환자구성의 기준 대상 환자군 환자구성의 기준 입원시기 종료일 기능평가항목 및 점수 가 및 나 발병 또는 수술 후 90일내 입원일로부터 180일 이내 - 다 -1 발병 또는 수술 후 30일내 입원일로부터 30일 이내 - 다 -2 발병 또는 수술 후 60일내 입원일로부터 60일 이내 - 다-3 첫 번째 수술일로부터 30일내 입원일로부터 30일 이내 - 라 발병 또는 수술 후 60일내 입원일로부터 60일 이내 - 마 발병 또는 수술 후 60일내 입원일로부터 60일 이내 1) 도수근력검사 48 점 미만 2) 일상생활동작검사 80 점 이 하 또는 버그 균형검사 40 점 이하 * 1) 과 2) 를 충족하여야 한다 * 「입원시기」라 함은 지정기준 가목에서 발병 후 해당 의료기관에 입원하기까지 경과기간에 해당하며 「종료일」은 해당 의료기관의 입원기간 중 환자구성에 포함될 수 있는 기간의 종료일을 말한다. * 가 및 나 대상환자 중 의학적 판단에 따라 급성기 치료가 추가적으로 필요한 경우 등 불가피한 사유로 전원을 할 수 없는 경우 입원시기가 90일을 초과하더라도, 입원시기 및 종료일을 발병 또는 수술일로부터 270일 이내로 적용한다. 단, 불가피한 사유에 대하여 진료기록부 등 객관적 자료를 첨부하여야 한다. * 다-1 대상환자 중 골유합을 위한 소요기간이 필요하여 발병 또는 수술 후 30일 이내 입원이 불가능한 환자는 다-2의 입원시기를 적용한다. * 다-3 대상환자 양측 슬관절치환술(단측 또는 양측 복잡수술)에 해당하는 경우 입원시기는 동일 입원기간 내 첫 번째 수술일로부터 30일 이내 입원해야함을 말한다. 단, 진료기록부 등 객관적 자료를 첨부하여야 한다. [관련 근거] - 장애인 건강권 및 의료접근성 보장에 관한 법률 - 재활의료기관 지정 및 운영 등에 관한 고시 ( 보건복지부 고시 제 2024-36 호 )",
심사/평가,심판청구 방법,47537,https://www.hira.or.kr/bbsDummy.do?pgmid=HIRAA010006011200&brdScnBltNo=4&brdBltNo=47537,심판청구는 며칠 이내에 해야 하나요?,"요양 ( 의료 ) 급여비용 이의신청결정에 불복한 기관은 처분이 있음을 안 날부터 90 일 이내에 심판청구서를 제출하여야 하며 처분이 있은 날부터 180 일을 지나면 제기하지 못합니다 . 다만 , 정당한 사유로 그 기간에 심판청구를 할 수 없었음을 소명한 경우에는 그러하지 아니합니다 . “ 처분이 있음을 안 날 ” 이란 이의신청 결정이 있음을 안 날 ( 이의신청에 대한 결정통지를 받은 날 ) 을 기준으로 그 익일부터 기간을 산정하되 , 기간만료일 ( 심사평가원 도착일 기준 ) 이 공휴일인 경우 그 익일이 기간만료일이 됩니다 . [관견 근거] - 국민건강보험 제 88 조 ( 심판청구 ) - 의료급여법 제 30 조의 2( 심판청구 )",
심사/평가,관상동맥우회술 적정성 평가 대상 및 평가 주기,47497,https://www.hira.or.kr/bbsDummy.do?pgmid=HIRAA010006011200&brdScnBltNo=4&brdBltNo=47497,1 관상동맥우회술의 적정성 평가 대상과 평가 주기는 어떻게 되나요?,"- 관상동맥우회술 적정성 평가는 허혈성 심질환으로 관상동맥우회술을 받은 입원환자를 대상으로 평가합니다 . - 관상동맥우회술 적정성 평가는 매년 평가하고 있었으나 9 차 평가부터는 2 년 주기로 평가하게 됩니다 . ※ 최근 평가대상 기간 : 7 차 (2019.7.~2020.6. 진료분 ), 8 차 (2020.10.~2021.9. 진료분 ), 9 차 (2021.10.~2023.9. 진료분 ), 10 차 (2023.10.~2025.9. 진료분 ) [관련 근거] - 2021 년 (9 차 ) 관상동맥우회술 적정성평가 세부시행계획 안내 - 2023 년 (10 차 ) 관상동맥우회술 적정성평가 세부시행계획 안내",
심사/평가,중환자실 적정성 평가 대상 기간,47496,https://www.hira.or.kr/bbsDummy.do?pgmid=HIRAA010006011200&brdScnBltNo=4&brdBltNo=47496,4 차 중환자실 적정성 평가 대상 기간은 어떻게 되나요 ?,4 차 중환자실 적정성 평가는 2023 년 1 월 1 일부터 3 월 31 일까지 (3 개월 ) 진료분을 대상으로 평가합니다 .,"- 요양급여의 적정성평가 및 요양급여비용의 가감지급 기준 ( 보건복지부 고시 제 2023-35 호 , 2023.2.24.) - 2024 년도 요양급여 적정성평가 계획 승인 통보 ( 보건복지부 보험평가과 -119 호 , 2024.1.8.)"
심사/평가,2주기 1차 간암 적정성 평가 대상,47495,https://www.hira.or.kr/bbsDummy.do?pgmid=HIRAA010006011200&brdScnBltNo=4&brdBltNo=47495,2 주기 1차 간암 적정성 평가 대상은 어떻게 되나요 ?,"- 2 주기 1차 간암 적정성 평가는 원발성 간암으로 진단 받아 수술 , 항암화학요법 , 방사선치료 , 경동맥화학색전술 등을 받은 입원이 1 회 이상 발생한 만 18 세 이상 환자를 대상으로 평가합니다 . - 단 , 암 환자 사망 전 중환자실 입원율 , 암 환자 사망 전 항암화학요법 실시율 , 암 환자 호스피스 상담률 지표는 원발성 간암으로 암 병기 4 기이면서 BCLC(Barcelona Clinic Liver Cancer) D 에서 사망한 환자를 대상으로 평가합니다 . ※ 원발성 : 다른 원인에 의해서 생긴 질병이 아닌 최초로 생긴 것","- 요양급여의 적정성평가 및 요양급여비용의 가감지급 기준 ( 보건복지부 고시 제 2023-35 호 , 2023.2.24.) - 2024 년도 요양급여 적정성평가 계획 승인 통보 ( 보건복지부 보험평가과 -119 호 , 2024.1.8.)"
심사/평가,2주기 1차 유방암 적정성 평가 대상,47494,https://www.hira.or.kr/bbsDummy.do?pgmid=HIRAA010006011200&brdScnBltNo=4&brdBltNo=47494,2 주기 1차 유방암 적정성 평가 대상은 어떻게 되나요 ?,"- 2 주기 1차 유방암 적정성 평가는 원발성 유방암으로 진단 받아 수술 , 항암화학요법 , 방사선치료를 받은 입원이 1 회 이상 발생한 만 18 세 이상 여성 환자를 대상으로 평가합니다 . - 단 , 암 환자 사망 전 중환자실 입원율 , 암 환자 사망 전 항암화학요법 실시율 , 암 환자 호스피스 상담률 지표는 원발성 유방암으로 암 병기 4 기에서 사망한 환자를 대상으로 평가합니다 . ※ 원발성 : 다른 원인에 의해서 생긴 질병이 아닌 최초로 생긴 것","- 요양급여의 적정성평가 및 요양급여비용의 가감지급 기준 ( 보건복지부 고시 제 2023-35 호 , 2023.2.24.) - 2024 년도 요양급여 적정성평가 계획 승인 통보 ( 보건복지부 보험평가과 -119 호 , 2024.1.8.)"
심사/평가,2주기 1차 암 적정성 평가 대상 기간,47492,https://www.hira.or.kr/bbsDummy.do?pgmid=HIRAA010006011200&brdScnBltNo=4&brdBltNo=47492,2주기 1 차 암 적정성 평가 대상 기간은 어떻게 되나요 ?,"- 2 주기 1 차 대장암 , 위암 , 폐암 적정성 평가는 2022 년 7 월 1 일부터 2023 년 6 월 30 일까지 (12 개월 ) 진료분을 대상으로 평가합니다 . - 2 주기 1 차 간암 , 유방암 적정성 평가는 2023 년 1 월 1 일부터 2023 년 12 월 31 일까지 (12 개월 ) 진료분을 대상으로 평가합니다 .","- 요양급여의 적정성평가 및 요양급여비용의 가감지급 기준 ( 보건복지부 고시 제 2023-35 호 , 2023.2.24.) - 2024 년도 요양급여 적정성평가 계획 승인 통보 ( 보건복지부 보험평가과 -119 호 , 2024.1.8.)"
심사/평가,2주기 1차 폐암 적정성 평가 대상,47491,https://www.hira.or.kr/bbsDummy.do?pgmid=HIRAA010006011200&brdScnBltNo=4&brdBltNo=47491,2주기 1차 폐암 적정성 평가 대상은 어떻게 되나요?,"- 2 주기 1차 폐암 적정성 평가는 원발성 폐암으로 진단 받아 수술 , 항암화학요법 , 방사선치료를 받은 입원이 1 회 이상 발생한 만 18 세 이상 환자를 대상으로 평가합니다 . - 단 , 암 환자 사망 전 중환자실 입원율 , 암 환자 사망 전 항암화학 요법 실시율 , 암 환자 호스피스 상담률 지표는 원발성 폐암으로 암 병기 4 기에서 사망한 환자를 대상으로 평가합니다 . ※ 원발성 : 다른 원인에 의해서 생긴 질병이 아닌 최초로 생긴 것 [관련 근거] - 요양급여의 적정성평가 및 요양급여비용의 가감지급 기준 ( 보건복지부 고시 제 2023-35 호 , 2023.2.24.) - 2024 년도 요양급여 적정성평가 계획 승인 통보 ( 보건복지부 보험평가과 -119 호 , 2024.1.8.)",
심사/평가,2주기 1차 위암 적정성 평가 대상,47490,https://www.hira.or.kr/bbsDummy.do?pgmid=HIRAA010006011200&brdScnBltNo=4&brdBltNo=47490,2주기 1차 위암 적정성 평가 대상은 어떻게 되나요?,"- 2 주기 1차 위암 적정성 평가는 원발성 위암으로 진단 받아 수술 , 항암화학요법 , 방사선치료를 받은 입원이 1 회 이상 발생한 만 18 세 이상 환자를 대상으로 평가합니다 . - 단 , 암 환자 사망 전 중환자실 입원율 , 암 환자 사망 전 항암화학 요법 실시율 , 암 환자 호스피스 상담률 지표는 원발성 위암으로 암 병기 4 기에서 사망한 환자를 대상으로 평가합니다 . ※ 원발성 : 다른 원인에 의해서 생긴 질병이 아닌 최초로 생긴 것 [관련 근거] - 요양급여의 적정성평가 및 요양급여비용의 가감지급 기준 ( 보건복지부 고시 제 2023-35 호 , 2023.2.24.) - 2024 년도 요양급여 적정성평가 계획 승인 통보 ( 보건복지부 보험평가과 -119 호 , 2024.1.8.)",
심사/평가,2주기 1차 대장암 적정성 평가 대상,47489,https://www.hira.or.kr/bbsDummy.do?pgmid=HIRAA010006011200&brdScnBltNo=4&brdBltNo=47489,2주기 1차 대장암 적정성 평가 대상은 어떻게 되나요?,"- 2 주기 1차 대장암 적정성 평가는 원발성 대장암으로 진단 받아 수술 , 항암화학요법 , 방사선치료를 받은 입원이 1 회 이상 발생한 만 18 세 이상 환자를 대상으로 평가합니다 . - 단 , 암 환자 사망 전 중환자실 입원율 , 암 환자 사망 전 항암화학 요법 실시율 , 암 환자 호스피스 상담률 지표는 원발성 대장암으로 암 병기 4 기에서 사망한 환자를 대상으로 평가합니다 . ※ 원발성 : 다른 원인에 의해서 생긴 질병이 아닌 최초로 생긴 것 [관련 근거] - 요양급여의 적정성평가 및 요양급여비용의 가감지급 기준 ( 보건복지부 고시 제 2023-35 호 , 2023.2.24.) - 2024 년도 요양급여 적정성평가 계획 승인 통보 ( 보건복지부 보험평가과 -119 호 , 2024.1.8.)",
심사/평가,암 적정성 평가 결과 확인 방법,47488,https://www.hira.or.kr/bbsDummy.do?pgmid=HIRAA010006011200&brdScnBltNo=4&brdBltNo=47488,암 적정성 평가 결과는 어디서 확인 할 수 있습니까?,"- 암 적정성 평가 결과는 건강보험심사평가원 홈페이지에서 확인 가능합니다. - 심사평가원 누리집 ( www.hira.or.kr ) > 의료정보 > 의료평가정보 > 병원평가 > 병원평가 안내, 병원평가 검색 > 평가항목 [ 암 질환 ] 및 세부항목 선택 [관련 근거] - 요양급여의 적정성평가 및 요양급여비용의 가감지급 기준 ( 보건복지부 고시 제 2023-35 호 , 2023.2.24.) - 2024 년도 요양급여 적정성평가 계획 승인 통보 ( 보건복지부 보험평가과 -119 호 , 2024.1.8.)",
심사/평가,암 적정성 평가 항목,47487,https://www.hira.or.kr/bbsDummy.do?pgmid=HIRAA010006011200&brdScnBltNo=4&brdBltNo=47487,건강보험심사평가원에서는 어떤 암을 평가하고 있습니까?,"우리원에서는 위암, 유방암, 대장암, 폐암, 간암을 평가하고 있습니다 . [관련 근거] - 요양급여의 적정성평가 및 요양급여비용의 가감지급 기준 ( 보건복지부 고시 제 2023-35 호 , 2023.2.24.) - 2024 년도 요양급여 적정성평가 계획 승인 통보 ( 보건복지부 보험평가과 -119 호 , 2024.1.8.)",
심사/평가,1차 류마티스관절염 적정성 평가 대상 기간,47486,https://www.hira.or.kr/bbsDummy.do?pgmid=HIRAA010006011200&brdScnBltNo=4&brdBltNo=47486,1 차 류마티스관절염 적정성 평가 대상 기간은 어떻게 되나요 ?,"1 차 류마티스관절염 적정성 평가는 2024 년 4 월 1 일부터 9 월 30 일 (6 개월 ) 까지 진료분을 대상으로 평가합니다 . [관련 근거] - 요양급여의 적정성평가 및 요양급여비용의 가감지급 기준 ( 보건복지부 고시 제 2023-35 호 , 2023.2.24.) - 2024 년도 요양급여 적정성평가 계획 승인 통보 ( 보건복지부 보험평가과 -119 호 , 2024.1.8.)",
심사/평가,1차 류마티스관절염 적정성 평가 대상,47485,https://www.hira.or.kr/bbsDummy.do?pgmid=HIRAA010006011200&brdScnBltNo=4&brdBltNo=47485,1 차 류마티스관절염 적정성 평가 대상은 어떻게 되나요 ?,"- 1 차 류마티스관절염 적정성 평가는 만 18 세 이상 류마티스 관절 염으로 내원한 단일 기관 이용 의과 입원 · 외래 환자가 대상이며 대상 상병 및 제외 대상은 아래와 같습니다 . ∙ ( 대상 상병 ) 혈청검사양성 류마티스관절염 (M05) 또는 산정특례 V223, 기타 류마티스관절염 (M060/M068/M069, 주상병 ~ 부상병 2 번째 ) ∙ ( 제외 대상 ) 평가 대상 기간 동안 아래에 기재된 질환 ( 전체 주 · 부상병 ) 으로 1 회 이상 진료 받은 환자 ① 건선성 및 장병성 관절병증 (M07) ② 연소성 관절염 (M08) ③ 전신홍반루푸스 (M32) ④ 전신경화증 (M34) ⑤ 결합조직의 기타 전신침범 (M35) ⑥ 강직척추염 (M45) ⑦ 크론병 (K50) ⑧ 궤양성 대장염 (K51) [관련 근거] - 요양급여의 적정성평가 및 요양급여비용의 가감지급 기준 ( 보건복지부 고시 제 2023-35 호 , 2023.2.24.) - 2024 년도 요양급여 적정성평가 계획 승인 통보 ( 보건복지부 보험평가과 -119 호 , 2024.1.8.)",
심사/평가,요양기관의 의원 외래 약제급여 적정성평가 가감지급 사업 결과 확인방법,47463,https://www.hira.or.kr/bbsDummy.do?pgmid=HIRAA010006011200&brdScnBltNo=4&brdBltNo=47463,가감지급 결과는 어디에서 조회할 수 있나요?,「e-평가시스템( http://aq.hira.or.kr ) → 평가활용 → 외래 약제적정성평가 가감지급 내역(공인인증서 필요) → 가감결과조회」에서 확인가능합니다.,
심사/평가,의원 외래 약제급여 적정성 평가 가감지급사업 주기,47462,https://www.hira.or.kr/bbsDummy.do?pgmid=HIRAA010006011200&brdScnBltNo=4&brdBltNo=47462,의원 외래 약제급여 적정성평가 가감지급사업의 주기는 어떻게 되나요?,"약제급여 적정성 평가와 달리, 가감지급사업은 6개월(반기)단위로 시행하고 있으며 가감지급 사업 결과는 e-평가시스템을 통해 확인이 가능합니다.",
심사/평가,입원일수 적정성평가의 대상자,47461,https://www.hira.or.kr/bbsDummy.do?pgmid=HIRAA010006011200&brdScnBltNo=4&brdBltNo=47461,입원일수 적정성평가 대상환자는 어떻게 되나요?,"대상기간 내에 동일 요양기관에서 입·퇴원이 이루어진 만 1세 이상 의과입원환자 입니다. 단, 대상기간 내 원내 사망, 7개 질병군 포괄수가 입원, 재활*·호스피스**·정신질환*** 입원, 당일 입·퇴원 환자는 제외합니다. *재활: 재활의학과 입원건 **호스피스: 호스피스 정액 또는 호스피스 입원료 수가가 포함된 입원건 ***정신질환: 정신건강의학과에서 주상병(F00~F99)인 입원 건 또는 의료급여정신과정액 [관련 근거] 2023년(1차) 입원일수 적정성평가 세부시행계획 (공개일자: 2023.01.25.)",
심사/평가,입원일수 적정성평가의 대상기간 및 대상기관,47460,https://www.hira.or.kr/bbsDummy.do?pgmid=HIRAA010006011200&brdScnBltNo=4&brdBltNo=47460,입원일수 적정성평가 대상기간 및 대상기관은 어떻게 되나요?,"1차 평가대상 기간은 2023년 4월부터 2024년 3월 진료분으로 2024년 6월까지 심사결정이 완료된 건의 입원 명세서를 대상으로 하고 있습니다. 평가 대상기관은 상급종합병원, 종합병원, 병원입니다. 단, 재활의료기관, 요양병원, 정신병원, 결핵·한센·군병원, 대상기간 내 개·폐업기관 등은 제외됩니다. ※ 2023년(1차) 입원일수 적정성평가 세부시행계획 확인 경로 ㆍ(국민) 건강보험심사평가원 홈페이지( www.hira.or.kr ) > 기관소식 > HIRA 소식 > 공지사항 ㆍ(요양기관) e-평가시스템( http://aq.hira.or.kr ) > 평가 알림방 [관련 근거] 2023년(1차) 입원일수 적정성평가 세부시행계획 (공개일자: 2023.01.25.)",
심사/평가,재활의료기관 지정현황 조회,47458,https://www.hira.or.kr/bbsDummy.do?pgmid=HIRAA010006011200&brdScnBltNo=4&brdBltNo=47458,재활의료기관으로 지정된 기관은 어디서 조회할 수 있나요 ?,건강보험심사평가원 홈페이지에서 재활의료기관으로 지정된 기관 목록을 조회할 수 있습니다 . - 홈페이지 ( www.hira.or.kr ) ＞ 의료정보 > 특수운영 기관 정보 > 특수운영항목 > 기타 > ( 회복기 ) 재활의료기관 > 검색 [관련 근거] - 장애인 건강권 및 의료접근성 보장에 관한 법률 - 재활의료기관 지정 및 운영 등에 관한 고시 (보건복지부 고시 제2023 - 279호),
심사/평가,재활의료기관이란?,47457,https://www.hira.or.kr/bbsDummy.do?pgmid=HIRAA010006011200&brdScnBltNo=4&brdBltNo=47457,재활의료기관은 어떤 기관인가요 ?,"재활의료기관은 뇌졸중 , 척수손상등과 같은 급성질환의 수술 및 치료 이후 회복시기에 집중 재활치료를 제공하여 장애를 최소화 할 수 있도록 보건복지부장관이 지정한 병원입니다 . [관련 근거] - 장애인 건강권 및 의료접근성 보장에 관한 법률 - 재활의료기관 지정 및 운영 등에 관한 고시 ( 보건복지부 고시 제 2023 - 279 호 )",
심사/평가,의원중점 외래질병 대상,47456,https://www.hira.or.kr/bbsDummy.do?pgmid=HIRAA010006011200&brdScnBltNo=4&brdBltNo=47456,의원중점 외래질병 대상은 어떻게 되나요 ?,"의원중점 외래질병은 「 본인 일부부담금 산정특례에 관한 기준 」 ( 보건복지부 고시 제 2020-308 호 ) [ 별표 6] “ 약국 요양급여비용총액의 본인부담률 산정특례 대상 ” 의 100 개 상병으로 , 보건복지부 홈페이지에서 검색 가능합니다 . ( 단 , 2022 년 3 월 1 일부터는 ( 보건복지부 고시 제 2021-362 호 ) 에 따라 삭제상병 3 개 (E7800, H931, L5080 ) 를 평가 제외 대상에서 반영하고 , 나머지는 ( 보건복지부 고시 제 2020-308 호 ) 기준으로 동일적용 ) [관련 근거] - 「 의료법 」 제 3 조의 4 - 「 상급종합병원의 지정 및 평가에 관한 규칙 」 - 「 상급종합병원의 지정 및 평가규정 」",
심사/평가,상급종합병원이란?,47454,https://www.hira.or.kr/bbsDummy.do?pgmid=HIRAA010006011200&brdScnBltNo=4&brdBltNo=47454,상급종합병원이란 무엇입니까?,"- 상급종합병원이란 “ 중증질환에 대하여 난이도가 높은 의료행위를 전문적으로 하는 종합병원 ” 으로 , 보건복지부 장관이 지정한 병원입니다 . - 상급종합병원은 보건복지부 장관에 의해 3 년마다 지정됩니다 . ※ 현재 47 개소 지정 ( 제 5 기 , '24 ~ '26) [관련 근거] 의료법 제3조의4",
심사/평가,상급종합병원 지정기준 중 상대평가의 기준별 가중치,47431,https://www.hira.or.kr/bbsDummy.do?pgmid=HIRAA010006011200&brdScnBltNo=4&brdBltNo=47431,5 기 상급종합병원 지정기준 중 상대평가의 기준별 가중치는 어떻게 적용되나요 ?,- 상급종합병원 상대평가 지정기준 중 가중치는 아래 표와 같습니다 . 영역 지표 내용 가중치 (%) 환자구성상태 및 회송체계(50%) (입원) 전문진료질병군 환자비율 40% (외래) 의원 중점 외래질병 환자비율 5% (외래) 경증 회송률 5% 인력(30%) 의사 의사당 평균 입원환자 수 18% 입원환자전담전문의 배치수준 2% 간호사 간호사당 평균 입원환자 수 10% 교육기능(10%) 레지던트 상근 과목수 5% 교육수련영역 평가 결과 5% 의료서비스 평가(5%) 요양급여 적정성 평가 결과 5% 공공성(5%) 중환자실 병상 확보율 2% 음압격리병실 병상 확보율 2% 코로나19 참여기여도 1% 합계 100% - 자세한 지표내용은 e- 평가시스템 https://aq.hira.or.kr → 알림방 → 지정평가알림방에서 확인하실 수 있습니다 . [관련 근거] - 「 의료법 」 제 3 조의 4 - 「 상급종합병원의 지정 및 평가에 관한 규칙 」 - 「 상급종합병원의 지정 및 평가규정 」,
심사/평가,상급종합병원 절대평가 지정기준,47428,https://www.hira.or.kr/bbsDummy.do?pgmid=HIRAA010006011200&brdScnBltNo=4&brdBltNo=47428,5기 상급종합병원 절대평가 지정기준은 무엇입니까?,"- 상급종합병원 절대평가 지정기준은 아래 표와 같습니다 . 영역 지정·평가 기준 1. 진료기능 필수진료과목(9개)을 포함한 20개 이상 전문과목을 갖추고 진료과목마다 전속전문의 1인 이상 배치 중앙, 권역 또는 지역응급의료센터 지정 2. 교육기능 레지던트 수련병원으로 지정 받은 기관인지 여부 3. 인력 (의사) 연평균 1일 입원환자 10명당 1인 이상 (간호사) 연평균 1일 입원환자 2.3명당 1인 이상 4. 시설 성인ㆍ소아 및 신생아 중환자실을 설치, 시설규격 준수 (「의료법 시행규칙」[별표4] 제2호 참고) 성인ㆍ소아 및 신생아 중환자실에 세부기준을 충족하는 전담전문의 각각 1명 이상 배치, 전담간호사 기준 충족 병문안객 관리 규정이 포함된 운영체계, 통제시설 및 보안인력 구비 진료 등에 관한 정보협력체계 구축을 위한 세부기준 충족, 전담인력 총 6인(의료인 3인 이상) 5. 장비 특수의료장비(CT, MRI, Mammo)는 품질검사기관 검사결과 ‘적합’ 6. 환자구성상태 전체 입원환자 중 전문질병군 환자 34% 이상 전체 입원환자 중 단순진료질병군 환자 12% 이하 전체 외래환자 중 의원중점 외래질병환자 7% 이하 7. 의료서비스 수준 의료법 제58조의3제2항에 따른 의료기관 인증 또는 조건부인증을 받은 기관 - 자세한 지표내용은 e- 평가시스템 https://aq.hira.or.kr → 알림방 → 지정평가알림방에서 확인하실 수 있습니다 . [관련 근거] - 「 의료법 」 제 3 조의 4 - 「 상급종합병원의 지정 및 평가에 관한 규칙 」 - 「 상급종합병원의 지정 및 평가규정 」",
심사/평가,상급종합병원 지정방법,47427,https://www.hira.or.kr/bbsDummy.do?pgmid=HIRAA010006011200&brdScnBltNo=4&brdBltNo=47427,상급종합병원은 어떻게 지정되나요?,"상급종합병원은 ➀ 절대평가 ( 진료기능 , 교육기능 , 인력 ‧ 시설 ‧ 장비 , 환자구성상태 , 의료서비스 수준 ) + ➁ 상대평가 + ③ 가 · 감점을 통해 평가하며 , 평가점수에 따라 진료권역별로 적정 소요병상수를 산출하여 지정합니다 . [관련 근거] - 「 의료법 」 제 3 조의 4 - 「 상급종합병원의 지정 및 평가에 관한 규칙 」 - 「 상급종합병원의 지정 및 평가규정 」",
심사/평가,폐렴 6차 적정성 평가 지표,47426,https://www.hira.or.kr/bbsDummy.do?pgmid=HIRAA010006011200&brdScnBltNo=4&brdBltNo=47426,폐렴 6 차 평가기준은 어디에서 확인할 수 있나요 ?,- 폐렴 6 차 평가기준은 e- 평가시스템 ( https://aq.hira.or.kr ) 의 다음의 경로에서 확인 가능합니다 . · 지표정의 및 산출기준 > 적정성평가 > 평가수행 > 폐렴 · 알림방 > 적정성평가 > 평가알림방 > 2023 년 (6 차 ) 폐렴 적정성평가 세부시행계획 안내 [관련 근거] 2023 년 (6 차 ) 폐렴 적정성평가 세부시행계획,
심사/평가,정신건강 입원영역 적정성 평가지표,47425,https://www.hira.or.kr/bbsDummy.do?pgmid=HIRAA010006011200&brdScnBltNo=4&brdBltNo=47425,정신건강 입원영역 3차 평가기준은 어디에서 확인할 수 있나요?,정신건강 입원영역 3 차 평가기준은 e- 평가시스템 ( https://aq.hira.or.kr) 의 다음의 경로에서 확인 가능합니다 . · 지표정의 및 산출기준 > 적정성평가 > 평가수행 > 정신건강 입원영역 · 알림방 > 적정성평가 > 평가알림방 >2023 년 (3 차 ) 정신건강 입원영역 세부시행계획 안내 [관련 근거] 2023 년 (3 차 ) 정신건강 입원영역 적정성 평가 세부시행계획,
심사/평가,의료급여 정신과 적정성 평가대상,47409,https://www.hira.or.kr/bbsDummy.do?pgmid=HIRAA010006011200&brdScnBltNo=4&brdBltNo=47409,의료급여 정신과 2 주기 3 차 평가대상은 어떻게 되나요 ?,"의료급여 정신과 적정성평가는 의료급여 정신과 일당 정액수가를 산정하는 입원환자를 대상으로 평가합니다 . 2 주기 2 차 기준 평가대상이 10 건 미만인 경우 평가대상 제외됐었으나 , 2 주기 3 차 평가부터는 평가대상 10 건 미만인 기관도 포함하여 평가합니다 . [관련 근거] 2023 년 (2 주기 3 차 ) 의료급여 정신과 적정성평가 세부시행계획",
심사/평가,의료급여 정신과 적정성 평가지표,47408,https://www.hira.or.kr/bbsDummy.do?pgmid=HIRAA010006011200&brdScnBltNo=4&brdBltNo=47408,의료급여 정신과 2 주기 3 차 평가기준은 어디에서 확인할 수 있나요 ?,의료급여 정신과 2 주기 3 차 평가기준은 e- 평가시스템 ( https://aq.hira.or.kr ) 의 다음의 경로에서 확인 가능합니다 . · 지표정의 및 산출기준 > 적정성평가 > 평가수행 > 의료급여 정신과 · 알림방 > 적정성평가 > 평가알림방 >2023 년 (2 주기 3 차 ) 의료급여 정신과 적정성평가 세부시행계획 안내 [관련 근거] 2023 년 (2 주기 3 차 ) 의료급여 정신과 적정성평가 세부시행계획,
심사/평가,요양병원 입원급여 적정성 평가결과 질지원금의 정의,47406,https://www.hira.or.kr/bbsDummy.do?pgmid=HIRAA010006011200&brdScnBltNo=4&brdBltNo=47406,요양병원 입원급여 적정성 평가결과 관련 질지원금은 무엇인가요 ?,"- 요양병원 입원급여 적정성 평가연계 질지원금 은 ‘ 요양병원 입원 급여 적정성 평가 ’ 결과에 따라 요양병원 입원료 소점점수를 별도 산정하는 것입니다 . - ‘ 요양병원 입원급여 적정성 평가 ’ 결과 종합점수 상위 10% 이하인 경우 요양병원입원료 소정점수의 20%( 코드는 의 · 치과 AB003, 한의과 15003) , 상위 10% 초과하고 상위 30% 이하인 경우 요양 병 원 입원료 소정점수의 10%( 코드는 의 · 치과 AB004, 한의과 15004), 평가결과가 1~4 등급이며 직전 평가대비 종합점수가 5 점 이상 향상된 경우 요양병원입원료 소정점수의 5%( 코드는 의 · 치과 AB005, 한 의과 15005) 를 별도산정 할 수 있습니다 . - 요양병원 입원급여 적정성 평가연계 질지원금은 평가결과 발표 익월부터 다음 평가 결과 발표 월까지 산정하되 , 의료기관평가 인증원에서 실시하는 의료기관 인증결과 ‘ 인증 ’ 또는 ‘ 조건부인증 ’ 등급이 유효한 기관에 한하여 산정합니다 . [관련 근거] 「 건강보험 행위 급여 · 비급여 목록표 및 급여 상대가치점수 」 ( 보건복지부 고시 제 2021-59 호 , 2021.02.25.)",
심사/평가,심판청구 재결(결정) 문의,47384,https://www.hira.or.kr/bbsDummy.do?pgmid=HIRAA010006011200&brdScnBltNo=4&brdBltNo=47384,심판청구 재결 ( 결정 ) 결과가 알고 싶습니다 . 어디로 문의하면 되나요 ?,건강보험분쟁조정위원회가 심판청구에 대한 심리 ‧ 의결을 하고 있습니다 . 따라서 관련 문의는 건강보험분쟁 조정위원회사무국으로 문의 부탁드립니다 . [관련 근거] - 국민건강보험법 제 89 조 ( 건강보험분쟁조정위원회 ) - 국민건강보험법 시행령 제 60 조 ( 심판청구 결정의 통지 ),
심사/평가,심판청구 담당 본원‧본부 구분,47383,https://www.hira.or.kr/bbsDummy.do?pgmid=HIRAA010006011200&brdScnBltNo=4&brdBltNo=47383,심판청구 접수 ‧ 처리 관련 문의사항이 있습니다 . 건강보험심사평가원 본원으로 문의하면 되나요 ?,"현재 상급종합병원에서 제기한 심판청구는 본원에서 접수 ‧ 처리하고 , 종합병원 이하 요양기관에서 제기한 심판청구는 요양 ( 의료 ) 급여비용 심사를 담당하였던 각 본부에서 접수 ‧ 처리하고 있습니다 . 이에 따라 요양기관 종별 및 관할 본부 확인 후 문의하시기 바랍니다 .",
심사/평가,수혈 적정성 평가의 대상기간 및 평가대상,47354,https://www.hira.or.kr/bbsDummy.do?pgmid=HIRAA010006011200&brdScnBltNo=4&brdBltNo=47354,수혈 적정성 평가의 대상기간 및 평가대상은 어떻게 되나요?,"수혈 2 차 평가는 23 년 3 월부터 8 월까지 입 ․ 퇴원이 이루어진 만 18 세 이상의 입원환자를 대상으로 합니다 . 다만 , 전체 지표 중 일부 지표의 경우 적혈구제제 수혈 환자나 평가대상 수술 * 을 실시한 환자를 대상으로 평가합니다 . * 평가대상 수술 - 슬관절전치환술 [ 단측 ]( 수가코드 : N2072) - 척추고정술 [ 후방고정 , 요추 ]( 수가코드 : N0469, N2470)-1, 2 level( 분절 ) ( 단 , 2 level 은 평가대상이 아닌 모니터링 대상 ) 지표 번호 지표명 평가대상 공통 평가대상 지표별 평가대상 1 수혈 체크리스트 보유 유무 만 18세 이상 건강보험ㆍ의료급여 의과 입원 환자 적혈구제제 수혈을 실시한 병원, 종합병원, 상급종합병원 2 비예기항체선별검사 실시율 적혈구 제제 수혈을 실시한 환자 3 수혈 전 혈액검사에 따른 수혈률 평가대상 수술을 실시한 환자 중 적혈구 제제 수혈을 실시한 환자 4 수술 환자 수혈률 평가대상 수술을 실시한 환자 5 수혈관리 수행률 적혈구제제 수혈을 실시한 병원, 종합병원, 상급종합병원 6 수술 전 빈혈 교정률 평가대상 수술을 실시한 환자 중 철결핍성 빈혈*이 확인된 환자 *철 결핍성 빈혈(D50) 또는 Hb 10g/dl 이하 7 한 단위 수혈률 적혈구제제 수혈을 실시한 환자 8 수혈량 지표 병원, 종합병원, 상급종합병원 [관련 근거] 2023 년 (2 차 ) 수혈 적정성 평가 세부시행계획",
심사/평가,산정특례 코드누락 등 정산의 소멸시효,47352,https://www.hira.or.kr/bbsDummy.do?pgmid=HIRAA010006011200&brdScnBltNo=4&brdBltNo=47352,"산정특례 코드 누락 , 본인부담 상한제 등 본인부담금 정산 관련 소멸시효가 언제까지입니까 ? ※ 주요 산정특례코드 누락 관련 정산코드 (V193, V001, F015 등 ) ※ 지원금 정산 H: 희귀난치지원금 G: 긴급의료지원금 F008~F010: 결핵지원금",요양기관의 본인부담 산정특례와 관련하여 민원편의 제고 및 보 장성 강화를 위하여 2009.7.1. 부터 국민건강보험법 제 91 조의 제 1 항 제 4 호의 “ 보험급여 비용을 받을 권리 ” 를 적용하여 정산요청 가능 시기를 90 일에서 3 년으로 연장하여 요양급여비용의 청구권과 동일 하게 3 년 내 신청 ( 영수증 등 증빙서류 첨부 ) 가능합니다 . [관련 근거] - 국민건강보험법 제 87 조 ( 이의신청 ) - 국민건강보험법 제 91 조 ( 시효 ) - 의료급여법 제 30 조 ( 이의신청 ) - 의료급여법 제 31 조 ( 소멸시효 ),
심사/평가,피보험자 자격 변경시 환수 청구 문의,47351,https://www.hira.or.kr/bbsDummy.do?pgmid=HIRAA010006011200&brdScnBltNo=4&brdBltNo=47351,진료비 청구 후 피보험자가 건강보험에서 건강보험 차상위로 자격이 변경되었는데 환수 요청한 후 재청구해야 하나요 ?,"진료비 청구 후 피보험자 자격 종별이 변경 된 경우에는 환수 후 재청구해야합니다 . 다만 , 해당 건은 보험자 종별이 동일한 건강 보험 내에서 자격이 변경되었으므로 정산 요청하시면 됩니다 . [ 참고 ] 피보험자 자격 변경시 정산 요청 사례 - 의료급여 2 종 ↔ 의료급여 1 종 - 건강보험 정상 ↔ 건강보험 차상위 (C,E,F) [관련 근거] - 국민건강보험법 제 87조 - 의료급여법 제 30 조",
심사/평가,전문병원 지정기관 조회,47299,https://www.hira.or.kr/bbsDummy.do?pgmid=HIRAA010006011200&brdScnBltNo=4&brdBltNo=47299,전문병원 지정현황을 어디에서 볼 수 있나요?,건강보험심사평가원 홈페이지에서 전문병원으로 지정된 기관목록을 조회할 수 있습니다. - 홈페이지( www.hira.or.kr ) > 병원·약국찾기 > HIRA 건강지도 > 전문병원 찾기(유형선택 > 검색),"1. 의료법 제3조의 5 2. 전문병원의 지정 및 평가 등에 관한 규칙 3. 전문병원의 지정및 평가 등에 관한 규칙, 전문병원의 지정등에 관한 고시"
심사/평가,전문병원 지정기준,47298,https://www.hira.or.kr/bbsDummy.do?pgmid=HIRAA010006011200&brdScnBltNo=4&brdBltNo=47298,전문병원 지정기준은 무엇인가요?,"전문병원의 지정기준은 총 7가지 항목으로 환자구성비율, 진료량, 필수진료과목, 의료인력, 병상, 의료질, 의료서비스수준(의료기관인증)입니다.","1. 의료법 제3조의 5 2. 전문병원의 지정 및 평가 등에 관한 규칙 3. 전문병원의 지정및 평가 등에 관한 규칙, 전문병원의 지정등에 관한 고시"
심사/평가,전문병원 지정방식,47297,https://www.hira.or.kr/bbsDummy.do?pgmid=HIRAA010006011200&brdScnBltNo=4&brdBltNo=47297,전문병원은 어떻게 지정되나요?,"지정기준(절대평가)을 충족하는 병원에 대해 항목별 평가(상대평가)를 실시하고, 지역별· 분야별 균형을 고려하여 전문병원심의위원회의 심의를 거쳐 보건복지부장관이 지정합니다.","1. 의료법 제3조의 5 2. 전문병원의 지정 및 평가 등에 관한 규칙 3. 전문병원의 지정및 평가 등에 관한 규칙, 전문병원의 지정등에 관한 고시"
심사/평가,전문병원이란?,47296,https://www.hira.or.kr/bbsDummy.do?pgmid=HIRAA010006011200&brdScnBltNo=4&brdBltNo=47296,전문병원이란?,전문병원이란 병원급 의료기관으로서 특정질환 또는 진료과목에 대하여 난이도가 높은 의료행위를 하는 병원을 보건복지부장관이 지정한 병원입니다.,"1. 의료법 제3조의 5 2. 전문병원의 지정 및 평가 등에 관한 규칙 3. 전문병원의 지정및 평가 등에 관한 규칙, 전문병원의 지정등에 관한 고시"
심사/평가,수술의 예방적 항생제 사용 평가의 결과 확인방법,47288,https://www.hira.or.kr/bbsDummy.do?pgmid=HIRAA010006011200&brdScnBltNo=4&brdBltNo=47288,수술의 예방적 항생제 사용 평가 결과는 어디서 확인 할 수 있나요?,"우리원 홈페이지 「의료평가정보 /평가항목[약제]/수술의 예방적 항생제 」 에서 시도 및 시군구별, 의료기관별로 확인이 가능합니다.",
심사/평가,요양기관의 약제급여 적정성평가 결과 확인방법,47287,https://www.hira.or.kr/bbsDummy.do?pgmid=HIRAA010006011200&brdScnBltNo=4&brdBltNo=47287,요양기관의 약제급여 적정성평가 결과는 어디에서 조회할 수 있나요?,우리원 홈페이지「의료평가정보」또는「e-평가시스템( aq.hira.or.kr ) /평가결과/평가수행/약제급여 」 (공인인증서 로그인)에서 기관별 평가결과 및 정보를 확인하실 수 있습니다.,
심사/평가,심판청구 진행상황 조회 방법,47241,https://www.hira.or.kr/bbsDummy.do?pgmid=HIRAA010006011200&brdScnBltNo=4&brdBltNo=47241,심판청구를 접수했는데 진행상황을 알 수 있나요 ?,"심판청구 진행상황은 요양기관 업무포털 ( https://biz.hira.or.kr ) 에서 조회할 수 있습니다 . [ 요양기관 업무포털 > 정산관리 > 심판청구 > 심판청구 진행과정확인 ] 에서 조회하면 , 접수한 심판청구 건의 진행상황을 확인할 수 있습니다 .",
심사/평가,심판청구 관련 자료 제출 방법,47240,https://www.hira.or.kr/bbsDummy.do?pgmid=HIRAA010006011200&brdScnBltNo=4&brdBltNo=47240,심판청구 관련 자료 제출 방법이 궁금합니다 .,심판청구 관련 자료는 요양기관 업무포털 ( https://biz.hira.or.kr ) 에서 온라인으로 제출할 수 있습니다 . [ 요양기관 업무포털 > 정산관리 > 심판청구 > 심판청구 심사자료 제출 ] 에서 심판청구 접수 후 10 일 ( 공휴일 포함 ) 이내에 가능합니다 .,
심사/평가,심판청구 온라인 접수 방법,47239,https://www.hira.or.kr/bbsDummy.do?pgmid=HIRAA010006011200&brdScnBltNo=4&brdBltNo=47239,심판청구를 접수하고 싶은데 온라인으로 할 수 있나요 ?,심판청구 온라인 접수는 요양기관 업무포털 ( https://biz.hira.or.kr ) 에서 할 수 있습니다 . [ 요양기관 업무포털 > 정산관리 > 심판청구 > 심판청구 (new)] 에서 심판청구서를 작성한 후 최종 제출하시면 됩니다.,
심사/평가,수술의 예방적 항생제 사용 평가의 등급산출 방법,46991,https://www.hira.or.kr/bbsDummy.do?pgmid=HIRAA010006011200&brdScnBltNo=4&brdBltNo=46991,수술의 예방적 항생제 사용 평가 결과의 등급은 어떻게 산출하나요?,"최초투여는 피부절개 전 1시간 이내에 시행되었는지, 사용한 항생제의 선택은 적절하였는지, 수술 종료 후 항생제를 사용한 기간이 적절하였는지에 대한 지표를 종합하여 산출 후 1등급∼5등급으로 구분합니다.",
심사/평가,수술의 예방적 항생제 사용 평가의 정의,46990,https://www.hira.or.kr/bbsDummy.do?pgmid=HIRAA010006011200&brdScnBltNo=4&brdBltNo=46990,수술의 예방적 항생제란 무엇인가요?,"수술 후 수술 부위 감염을 예방하기 위하여 사용하는 항생제를 말합니다. 예방적 항생제는 많이 사용 한다고 좋은 것이 아니며 적절한 시점에 적절한 항생제를 선택하여 사용하는 것이 중요합니다. 수술 전에는 피부절개 전 1시간 이내에 투약하고, 수술 종료 후 항생제 사용은 24시간을 초과하지 않도록 권고하고 있습니다.",
심사/평가,약제급여 적정성평가의 상대지수 개념,46933,https://www.hira.or.kr/bbsDummy.do?pgmid=HIRAA010006011200&brdScnBltNo=4&brdBltNo=46933,약제급여 적정성평가 결과에서 우리기관의 처방률이 지난분기와 동일한데 왜 상대지수가 높게 나오나요?,상대지수는 동일 평가군 내에서 해당 기관의 상대적인 위치를 나타내므로 해당 기관의 처방률이 변하지 않더라도 동일 평가군 내 다른 기관의 처방률이 감소하면 상대적으로 증가할 수 있습니다.,
심사/평가,이의신청 진행과정 조회와 결과확인,46839,https://www.hira.or.kr/bbsDummy.do?pgmid=HIRAA010006011200&brdScnBltNo=4&brdBltNo=46839,이의신청 진행과정 조회와 결과확인은 어떻게 하나요?,"① 건강보험심사평가원 [요양기관 업무포털 서비스]에 접속하여 공인인증서 로그인 합니다. ② [정산관리] → [재심/이의신청/환수/정산] → [재심/이의신청/환수/정산 진행과정 조회] 클릭합니다. ③ 이의신청 문서 접수일자, 접수번호, 원청구 접수년도를 선택 및 입력하고 조회하면 처리상태, 처리부서, 담당자명, 전화번호 등을 조회할 수 있습니다. ④ 처리완료된 경우 결과를 클릭하면 이의신청 결과 확인 및 엑셀저장을 할 수 있습니다.",
심사/평가,이의신청 방법,46838,https://www.hira.or.kr/bbsDummy.do?pgmid=HIRAA010006011200&brdScnBltNo=4&brdBltNo=46838,이의신청은 며칠 이내에 해야 하나요?,"요양급여비용의 처분에 이의가 있는 기관은 처분이 있음을 안 날부터 90일 이내에 문서로 하여야 하며 처분이 있은 날부터 180일을 지나면 제기하지 못한다. 다만, 정당한 사유로 그 기간에 이 의 신청을 할 수 없었음을 소명한 경우에는 그러하지 아니하다. “처분이 있음을 안 날”이란 요양급여비용심사결과통보서가 요양기관에 도달된 날을 기준으로 그 익일부터 기간을 산정하되, 기간만료일(심사평가원 도착일 기준)이 공휴일인 경우 그 익일이 기간만료일이 된다. [관련 근거] 국민건강보험법 제87조, 의료급여법 제30조",
청구방법,"온라인을 통한 영상자료(CT, MRI 등) 제출 방법",47547,https://www.hira.or.kr/bbsDummy.do?pgmid=HIRAA010006011300&brdScnBltNo=4&brdBltNo=47547,온라인을 통한 영상자료 제출 방법을 알고 싶어요,"1. 요양기관업무포털 ( biz.hira.or.kr ) 접속 > 업무안내 > 영상자료 제출 업무안내 - 심사보완자료 업로더 설치파일 다운로드 후 설치 - 사용자 매뉴얼 다운로드 2. 바탕화면에 ‘ 심사자료 Uploader’ 프로그램 실행 3. 요양기관기호 (8 자리 ) 를 입력하고 해당 업무를 클릭 4. 조회조건 ( 구분 , 접수번호 등 ) 을 입력 후 조회하여 영상을 첨부할 명세서를 선택 5-1. ‘ 파일첨부 ’ 버튼 클릭 후 폴더 선택창에서 첨부할 영상원본 파일이 들어있는 폴더를 선택하여 ‘ 선택 ’ 버튼 클릭 5-2. 바탕화면 , 탐색기 등에서 추가 할 파일을 선택하고 일반파일 리스트로 끌어다 놓기 (Drag&Drop) 를 하면 일반파일은 리스트 ( 좌측 ), 의료영상 파일은 리스트 ( 우측 ) 에 자동 분류 6. 첨부가 완료되면 ‘ 즉시전송 ’ 버튼 클릭",
청구방법,인증서 암호화 관련 오류 발생,47546,https://www.hira.or.kr/bbsDummy.do?pgmid=HIRAA010006011300&brdScnBltNo=4&brdBltNo=47546,"청구 또는 통보서 수신시 , ‘ 해당 인증서는 암호화를 지원하지 않습니다 .’ 팝업이 발생합니다 .","□ 해당 오류에 대한 조치 방법은 다음과 같습니다 . ○ 진료비청구 프로그램 내 프로그램 재시작 또는 종료 선택 후 인증서 재선택 진행 - 보건복지분야 기관용 인증서가 아닌 금융기관용 인증서를 선택하실 경우 해당 오류가 발생하므로 , 프로그램 재시작 이후 보건복지분야 기관용 인증서를 재선택 해주시기 바랍니다 . ○ 인증서 재선택 이후에도 문제가 동일하다면 인증서 중 일부가 유실 또는 훼손된 경우로 인증서 재발급이 필요합니다 . ( 건강보험공단 또는 한국정보인증 ) ※ 인증서 중 일부만 유실 / 훼손이므로 요양기관업무포털 등에 로그인은 가능하나 , 청구 / 통보 / 업데이트 등 데이터 암호화 및 송수신이 불가능함",
청구방법,요양병원 입원환자 안전관리료 산정 신청 방법,47539,https://www.hira.or.kr/bbsDummy.do?pgmid=HIRAA010006011300&brdScnBltNo=4&brdBltNo=47539,요양병원 입원환자 안전관리료를 산정 받으려면 어떻게 해야 하나요 ?,"○ 환자안전법 ’ 제 11 조 , 제 12 조를 준수하고 ‘ 의료법 ’ 제 58 조 , 제 58 조의 3 에 따라 200 병상 이상 요양병원은 의료기관평가인증원의 ‘ 인증 ’ 또는 ‘ 조건부 인증 ’ 을 받은 후 조건 충족 시 입원환자 안전관리료 산정 가능함 ○ 환자안전전담인력 배치 , 환자안전위원회 구성 , 환자안전활동 실시 , 병문안 관리기준 마련의 4 가지 기준을 모두 충족해야함 ○ ( 인증원 신고 ) 환자안전전담인력 · 환자안전위원회 · 환자안전활동관련 자료는 의료기관평가인증원으로 신고 ○ ( 심평원 신고 ) 환자안전전담인력 및 근무병동 등 관련 정보 - ( 환자안전전담인력 ) 간호등급 미적용 , 차등제와 중복 산정 불가 ※ ( 경로 ) 보건의료자원통합신고포털 > 현황신고 · 변경 > 인력현황 > 의 ( 약 / 조산 ) 사 신고 또는 간호 인력신고 - ( 근무병동 ) 환자안전전담인력의 근무병동 정보 입력 · ( 병동구분 ) 기타 · ( 병동명 ) 환자안전전담 · ( 적용일자 ) 전담인력의 최초배치일 ※ ( 경로 ) 보건의료자원통합신고포털 > 현황신고 · 변경 > 시설현황 > 팀운영 및 병동 현황신고 > 신규신고 클릭 [관련 근거] - 요 55 요 양병원 입원환자 안전 관리료 ( 보건복지부 고시 제 2021-135 호 , 2021.5.4.) - 가 29 입원환자 안전 관리료 인력기준 , 가 29 입원환자 안전 관리료 병문안 관리 기준 ( 보건복지부 고시 제 2023-56 호 , 2023.3.29.)",
청구방법,통보서 수신시 6003(네트워크 오류) 오류 발생,47440,https://www.hira.or.kr/bbsDummy.do?pgmid=HIRAA010006011300&brdScnBltNo=4&brdBltNo=47440,"통보서 수신 시 , 6003 오류 팝업이 화면에 나타나 수신실패가 됩니다 .","□ 해당 오류에 대한 조치 방법은 다음과 같습니다 . ○ 공유기 재부팅 또는 방화벽 차단 해제 - 공유기 전원선 탈착 및 업체에 방화벽 차단 해제 요청 ○ PC 에서 방화벽 차단 해제 - 윈도우 설정 > 네트워크 및 인터넷 > Windows 방화벽 > 도메인 네트워크 / 개인 네트워크 / 공용 네트워크 > Windows Defender 방화벽 "" 켬 "" 을 "" 끔 "" 으로 변경 ○ 각종 백신프로그램에서 프로그램 차단 해제 - 백신 프로그램 일시중지 또는 삭제 - DDMD( 진료비청구프로그램 ), 자바 (JAVA) 차단 예외처리",
청구방법,면허번호 불일치,47439,https://www.hira.or.kr/bbsDummy.do?pgmid=HIRAA010006011300&brdScnBltNo=4&brdBltNo=47439,점검 시 [42-07] ' 주상병에 기재된 의료인 면허정보와 인력신고현황이 일치하지 않습니다 '. 오류가 발생합니다 .,"□ 의료인 인력신고가 되었고 주상병에 기재된 의료인 면허정보와 인력신고현황이 일치할 경우 , 진료비청구프로그램 업데이트 실행 및 최신상태 확인이 필요합니다 . ○ ' 프로그램 업데이트 ' 진행시 "" 치료재료대 등 요양기관 인증이 필요한 업데이트가 존재합니다 . 업데이트를 진행하시겠습니까 ?"" 팝업에 "" 예 "" 를 클릭 후 인증서 로그인을 통해 업데이트 진행 [관련 근거] 「 요양급여비용 청구방법 , 심사청구서 · 명세서서식 및 작성요령 」 제 1 편 제 28 조 ( 면허종류 , 면허번호 )",
청구방법,한 벌 구성 의료기기 품목 청구,47242,https://www.hira.or.kr/bbsDummy.do?pgmid=HIRAA010006011300&brdScnBltNo=4&brdBltNo=47242,"급여제품과 비급여 제품 , 산정불가 제품이 하나에 포장된 한 벌 구성 의료기기는 어떻게 청구하나요 ?","식약처로부터 한 벌 또는 조합의료기기로 허가받은 경우 , 의료기기 사용에 따른 비용의 산정은 국민건강보험법령에 의거하여 급여 제품은 급여로 , 비급여 제품은 비급여로 각각 산정해야 합니다 . 아울러 , 산정불가 제품은 관련 행위에 포함되어 보상되므로 이중 청구 되지 않도록 주의 하시기 바랍니다 .",
청구방법,폐업 요양기관의 청구 방법,47236,https://www.hira.or.kr/bbsDummy.do?pgmid=HIRAA010006011300&brdScnBltNo=4&brdBltNo=47236,폐업 ( 또는 폐업 후 재개설 ) 요양기관입니다 . 폐업 전 진료내역을 청구하고 싶습니다 .,"- 폐업하였어도 사용하던 인증서로 청구 가능합니다 . 다만 , 인증서가 만료되었다면 , 대표자 명의의 개인인증서를 발급받아 국민포털 등록 후 청구 가능합니다 . - 또한 , 청구를 진행하기 전 진료비청구프로그램 내 “ 환경설정 ” 아이콘을 클릭하여 “ 요양기관기호 ” 가 청구하려는 기관 기호인지 확인하고 , “ 프로그램 업데이트 ” 아이콘을 클릭하여 업데이트를 진행한 뒤 평소 진행하시던 방법으로 청구가 가능합니다 .",
청구방법,요양급여비용 청구 및 자료제출 매체의 선택,47111,https://www.hira.or.kr/bbsDummy.do?pgmid=HIRAA010006011300&brdScnBltNo=4&brdBltNo=47111,정보통신망을 통하여 현재 요양급여비용을 청구하고 있는데 일부 요양급여비용을 서면으로 청구할 수 있나요?,"-「요양급여비용 청구방법, 심사청구서ㆍ명세서서식 및 작성요령」에 따라 요양기관은 정보통신망, 전산매체 또는 서면 중 한가지의 방법을 선택하여 요양급여비용을 청구할 수 있습니다. - 청구구분(원청구, 추가청구, 보완청구 등)을 불문하고 동일한 방법을 사용하여 청구하여야 합니다. [관련 근거] 「요양급여비용 청구방법, 심사청구서ㆍ명세서서식 및 작성요령」",
청구방법,완-11 가정형 호스피스 방문료에 기재하는 사회복지사의 자격번호,47110,https://www.hira.or.kr/bbsDummy.do?pgmid=HIRAA010006011300&brdScnBltNo=4&brdBltNo=47110,가정형 호스피스 진료 후 사회복지사가 방문한 경우 가정형 호스피스 방문료 산정 시 면허종류와 면허번호는 어떻게 기재하나요?,"-「요양급여비용 청구방법, 심사청구서ㆍ명세서서식 및 작성요령」에 따라 완-11 가정형 호스피스 방문료에 해당 인력의 면허종류와 면허번호를 기재하게 되어있습니다. - 사회복지사의 경우 사회복지사의 자격종류 및 자격번호를 반드시 기재하게 되어있어, 면허종류에 7, 면허번호에는 해당 사회복지사의 자격번호를 가정형 호스피스 방문료에 기재합니다. - 사회복지사 자격번호에 '-'(하이픈)이 있는 경우 '-'(하이픈) 없이 숫자를 붙여서 기재합니다. (예시) 사회복지사 자격번호가 1-#####인 경우 1#####로 기재하여 청구 [관련 근거] 보건복지부 고시 제2 020-191호 [시행 2020.8.28.]",
청구방법,가-5 회송료 산정 시 '의뢰회송번호' 기재방법,47109,https://www.hira.or.kr/bbsDummy.do?pgmid=HIRAA010006011300&brdScnBltNo=4&brdBltNo=47109,상급종합병원에서 환자를 회송하여 가-5 회송료를 산정하는 경우 특정내역을 기재하는 방법은?,"- 상급종합병원에서 가-5 회송료를 산정하는 경우 명일련 단위 특정내역 구분코드 MT066(진료의뢰회송번호)란에 회송번호를 기재 - 진료의뢰ㆍ회송 중계시스템에 등록된 '의뢰ㆍ회송번호'를 숫자 19자리의 형식으로 기재(하이픈(-)은 제외) ※ 기재형식: '회송기관기호'(8자리)와 '회송일자(YYMMDD)'(6자리), '일련번호(5자리)'를 순서대로 기재 [관련 근거] 보건복지부 고시 제2 020-222호 [시행 2020.9.29.]",
청구방법,'가-13 가정간호 기본방문료' 산정 시 간호사 면허번호 기재방법,47079,https://www.hira.or.kr/bbsDummy.do?pgmid=HIRAA010006011300&brdScnBltNo=4&brdBltNo=47079,'가-13 가정간호 기본방문료' 산정 시 해당 가정전문간호사의 면허종류와 면허번호 기재방법은?,"「요양급여비용 청구방법, 심사청구서ㆍ명세서서식 및 작성요령」에 따라 면허종류는 '6'(간호사), 면허번호는 '간호사 면허번호'로 '가-13 가정간호 기본방문료' 수가 해당 줄 번호에 기재합니다. [관련 근거] - 보건복지부 고시 제2017-106호(2017.6.27.) - 보건복지부 고시 제2019-303호(2019.12.26.)",
청구방법,외국인 건강보험 지역가입자의 명세서 성명 기재방법,47078,https://www.hira.or.kr/bbsDummy.do?pgmid=HIRAA010006011300&brdScnBltNo=4&brdBltNo=47078,외국인이 건강보험 가입자의 경우 명세서에 성명은 어떻게 기재해야 하나요 ?,"- 건강보험 지역가입자로 등록되어 있는 외국인의 명세서를 작성하거나 청구할 때, 수진자(가입자)성명은 건강보험증에 등록된 영문 또는 한글 성명을 기준으로 작성합니다. - 한글 성명은 기존의 방식대로 성과 이름을 붙여쓰기 하거나 띄어쓰기 모두 가능하고, 영문 성명은 띄어쓰기(성과 이름 구분)로 작성합니다. - 또한, 명세서의 성명은 한글 10자, 영문은 20자까지 작성할 수 있습니다. [관련 근거] 보건복지부 고시 제2019-150호(2019.7.9.)",
청구방법,"통보서 수신 완료하였으나, 파일이 없음",46995,https://www.hira.or.kr/bbsDummy.do?pgmid=HIRAA010006011300&brdScnBltNo=4&brdBltNo=46995,"통보서 수신을 완료하였으나, 통보서 SAM파일 경로에 파일이 생성되지 않았습니다. 청구SW프로그램에서도 통보서 내역이 보이질 않아요.","□ 진료비청구프로그램 환경설정에 통보서 SAM파일 경로와 청구SW프로그램 통보서 SAM파일 경로가 일치한지 우선적으로 확인이 필요합니다. ※ 일치하지 않은 경우 수정 □ 통보서 SAM파일은 일치하지만, 해당 경로에 파일 수신 자체가 안되는 경우에는 “수신 후 자동 통보서 생성”이 선택해지된 경우일 수 있으니, 해지되어 있는 경우 재선택하여 주시면 통보 서 파일 생성이 가능합니다. ※ 확인경로: 진료비청구프로그램 → 통보서 수신화면",
청구방법,건강보험심사평가원 진료비청구프로그램에서 청구 시 오류,46994,https://www.hira.or.kr/bbsDummy.do?pgmid=HIRAA010006011300&brdScnBltNo=4&brdBltNo=46994,2210(심사평가원에서 수신 처리 도중 오류가 발생) 오류가 발생되 어 청구가 안됩니다.,"□ 아래 세 가지의 경우 오류가 발생하도록 설정되어 있습니다. ○ 전산청구 미신청으로 발생된 오류인 경우 - 전산청구 신청 여부 확인토록 우선 안내 ※ 경로: 요양기관업무포털 → 진료비청구 → 전산청구 신청 - 미신청 기관인 경우 전산청구 신청하고, 약 10분 이후 청구 송신하면 됨 ○ 전산청구 신청된 기관인 경우 - 올바른 요양기관 기호를 입력하도록 안내 ※ 경로: 진료비청구프로그램 → 환경설정 → 요양기관기호 ○ 미등록된 인증서를 선택해서 청구하는 경우 - 심평원에 등록된 인증서 선택 후 청구 - 새로운 인증서 등록 후 청구하도록 안내",
청구방법,본인부담률이 다른 약제 처방 시 본인부담률 구분코드 작성방법,46940,https://www.hira.or.kr/bbsDummy.do?pgmid=HIRAA010006011300&brdScnBltNo=4&brdBltNo=46940,환자에게 본인부담률이 다른 의약품을 처방 시 처방전에 ‘본인부담률구분코드’를 기재해야 한다고 하는데 어떻게 하나요?,"- 2018.9.27.일자로 개정된 의료법 시행규칙 [별지 제9호서식]에 따른 처방전 서식의 ‘본인부담률구분코드’란에 하단 ‘항목설명’을 참조하시어 환자가 부담할 비용의 부담률에 해당하는 구분 코드를 기재 하시면 됩니다(※처방전 서식은 첨부 파일을 확인하시기 바랍니다). - 참고로, 처방전 하단의 ‘항목설명’에 따른 본인부담률 구분코드는 다음과 같습니다. ※ 본인부담률 구분코드 ·A(100분의 50 본인부담) ·B(100분의 80 본인부담) ·D(100분의 30 본인부담) ·U(건강보험(의료급여) 100분의 100 본인부담) ·V(보훈 등 100분의 100 본인부담) ·W(보훈 비급여) [관련 근거] - 의료법 시행규칙 [별지 제9호서식] 처방전 - 국민건강보험법 시행령 별표2 제4호 및 제6호 - 보건복지부 고시 「선별급여의 지정 및 실시 등에 관한 기준 」 - 보건복지부 고시 「요양급여비용 청구방법, 심사청구서·명세서서식 및 작성요령」",
청구방법,서면서식 자료 관련,46939,https://www.hira.or.kr/bbsDummy.do?pgmid=HIRAA010006011300&brdScnBltNo=4&brdBltNo=46939,요양기관이 폐업하여 공인인증서가 없어 서면서식으로 청구하려고 합니다. 서면서식은 어디에서 받을 수 있나요?,"- 요양급여비용 청구명세서 서면서식은 건강보험심사평가원 홈페이지에서 조회, 출력, 파일 다운로드 할 수 있습니다. ※ 건강보험심사평가원 홈페이지 접속 경로 ① 인터넷 홈페이지 주소( http://www.hira.or.kr ) 또는 검색포털 에서 ‘건강보험심사평가원’ 검색하여 접속 ② 홈페이지 첫 화면 하단의 “요양기관업무포털” 선택 ③ 요양기관업무포털 화면에서 “청구방법급여기준” 메뉴 선택 ④ “청구방법 및 급여기준 조회시스템” 메인 화면으로 이동 ⑤ 왼쪽 “청구방법 및 급여기준 등 > 요양급여비용 청구방법, 심사청구서·명세서서식 작성요령” 메뉴 선택 ⑥ 오른쪽 조회화면에서 “요양급여비용 청구방법(보건복지부 고시)” 줄 선택 ⑦ 보건복지부 고시 조회 화면에서 서식 조회 및 파일다운로드",
청구방법,"동일월의 요양급여비용 청구 시 주단위, 월단위 혼용 가능여부",46938,https://www.hira.or.kr/bbsDummy.do?pgmid=HIRAA010006011300&brdScnBltNo=4&brdBltNo=46938,"요양기관에서 요양급여비용 청구 시 동일월에 월단위, 주단위 청구를 동시에 할 수 있나요?","요양기관에서 진료월별로 주단위 또는 월단위 청구방법 중 한 가지 방법을 선택하여 청구 하실 수 있습니다. 다만, 동일월의 요양급여비용은 주단위 또는 월단위 청구방법 중 한 가지 방법으로만 청구하여야 합니다. [관련 근거] 보건복지부 고시 「요양급여비용 청구방법, 심사청구서·명세서서식 및 작성요령」",
청구방법,청구전 사전점검시 증빙자료미제출 관련,46766,https://www.hira.or.kr/bbsDummy.do?pgmid=HIRAA010006011300&brdScnBltNo=4&brdBltNo=46766,청구전 사전점검시 증빙자료미체출건으로 인해 청구가 안됩니다. 어떻게 해야 되나요?,"치료재료 신고는 보험급여로 등재되어 있는 치료재료를 상한금액 범위 내에서 요양기관에 실구입가로 보상을 하기 위한 심사자료로 활용되며, 거래가격의 투명성, 적정성 확보를 위한 사후관리 등에 활용하기 위한 기초자료를 확보하기 위함이다. 1) 청구하기전 반드시 치료재료가 신고되어 있어야 합니다. 2) 신고하셨다면 청구하신 코드와 신고하신 코드가 동일한지 확인하시고, 만약 코드가 동일하다면 구입일자를 확인하시기 바랍니다. 3) 청구하기 직전에 신고를 하셨다면 담당자가 확인후 접수를 하였더라도 전산상으로 적용되는 시간이 있으므로 하루 정도 이후에 심사평가원 청구프로그램으로 접속하시어 생성된 파일을 전송하시면 됩니다. 4) 입원환자에게 사용한 치료재료대는 환자의 실제 사용한 날자와 구입일자가 같을시 변경일자란에 사용일자를 기재하지 아니하면 요양개시일을 기준으로 적용하기 때문에, 구입한 일자 요양개시일 및 변경일자(사용일자) 누락 확인해 주시기 바랍니다. [관련 근거] - 국민건강보험법 시행규칙 제19조(요양급여비용의 청구) 제3항 - 보건복지부 고시 제2012-117호(요양급여비용 청구방법)",
청구방법,한방병원 입원 중에 타 기관 진료의뢰 관련,46765,https://www.hira.or.kr/bbsDummy.do?pgmid=HIRAA010006011300&brdScnBltNo=4&brdBltNo=46765,한방병원 입원 중에 타 기관 양방진료를 보게 되면 어떻게 청구해야 하나요?,"1. 한방만 있는 요양기관(양방없음) - 한방에서 입원중인 내역은 입원본인부담률 적용하여 한방 기관에서 청구 - 타 기관 양방외래 진료 내역은 외래본인부담률 적용하여 의뢰받은 양방 기관에서 청구 2. 양·한방 협진 요양기관(하나의 요양기관에서 양방, 한방 모두 진료) - 입원중인 요양기관이 의과청구, 한방 청구를 모두 할 수 있는 기관이라면 의뢰한 기관에서 입원중인 내역과 타 기관 외래 내역을 모두 청구(모두 입원본인부담률 적용) [관련 근거] - 보건복지부 보관 65720-295호(1996. 3. 6.) - 보건복지부 고시 제2014-126호(2014. 8. 1.)",
청구방법,신생아 건강보험 자격관련 청구방법,46764,https://www.hira.or.kr/bbsDummy.do?pgmid=HIRAA010006011300&brdScnBltNo=4&brdBltNo=46764,신생아로서 건강보험증에 등재 확인을 받지 못한 경우 청구방법을 어떻게 해야 하나요?,"수진자 성명란에 ‘산모이름’과 ‘아기’를 함께 쓰고(이름이 있는 경우에는 ‘이름’기재) ‘주민등록번호’란에는 앞부분의 ‘생년월일’과 남·여 구분 (3 또는 4)을 기재하고, 나머지 자리는 ""0""으로 채워서 기재함(다만, 쌍태아인 경우에는 주민등록번호의 끝자리에 첫째 아이는 1, 둘째 아이는 2로 기재한다.) ** 외국인신생아로 엄마가 건강보험 등재 자격이 있는 경우 남, 여 구분을 3 또는 4로 기재 (2000년 이후 우리나라에서 출생한 아기로 내외국인 모두) [관련 근거] 보건복지부 고시 「요양급여비용 청구방법, 심사청구서·명세서서식 및 작성요령」",
자동차보험,청구 후 보험회사가 바뀐 건에 대한 환수 신청 여부,47637,https://www.hira.or.kr/bbsDummy.do?pgmid=HIRAA010006011700&brdScnBltNo=4&brdBltNo=47637,A보험회사 지급보증서로 청구를 한 상황인데 A보험회사에서 연락이 오길 B보험회사로 바뀌었으니 환수 후 B보험회사로 청구하라는 답변을 받았습니다.(심사결과완료) 이 경우 환수가 가능한가요?,"자동차보험진료수가 심사업무처리에 관한 규정 자동차보험 진료수가 제27조 3항에 의거 보험회사 등 변경된 경우 상호정산건으로 환수 대상건이 아닙니다. [관련 근거] 「자동차보험진료수가 심사업무처리에 관한 규정」제27조(진료수가의 지급 등) - 제3항 보험회사등은 보험회사등의 변경 등으로 진료수가 지급주체가 다른 경우에는 해당 의료기관에게 우선 지급 한 후 해당 보험회사등과 상호 정산하여야 한다.(국토교통부 고시 제2024-830호, '24.12.23)",
자동차보험,약침·약제 신고방법 및 결과조회,47636,https://www.hira.or.kr/bbsDummy.do?pgmid=HIRAA010006011700&brdScnBltNo=4&brdBltNo=47636,약침 · 약제 등록 신청 시 필요한 서류는 어떤 것이 있나요?,구 분 내 용 조회방법 요양기관 업무포털(로그인) 1) 신고방법 자동차보험 > 신청 및 자료제출 > 약침 조제내역 신고 및 조회 > 약침 조제내역 신고 2) 결과조회 방법 자동차보험 > 신청 및 자료제출 > 약침 조제내역 신고 및 조회 > 약침 조제내역 신고 결과조회,
자동차보험,약침·약제 등록 신청시 필요 서류,47635,https://www.hira.or.kr/bbsDummy.do?pgmid=HIRAA010006011700&brdScnBltNo=4&brdBltNo=47635,약침·약제 등록 신청시 필요한 서류는 어떤 것이 있나요?,"인증 원외탕전실 ① 구성내역이 포함된 약침약제 처방전(탕전실 발급) ② 탕전실 공동이용내역확인서(보건소 발급) 또는 의료기관개설신고증명서 사본(반드시 앞·뒷면 첨부) ※ 공동이용내역협약서 또는 계약서 인정 불가 기타 원외탕전실 ① 구성내역이 포함된 약침약제 처방전(탕전실 발급) ② 탕전실 공동이용내역확인서(보건소 발급) 또는 의료기관개설신고증명서 사본(반드시 앞·뒷면 첨부) ※ 공동이용내역협약서 또는 계약서 인정 불가 ③ 무균 ·멸균 약침액을 입증할 수 있는 서류 * 공동이용 및 자체탕전 모두 첨부서류 동일 [관련 근거] 「자동차보험진료수가에 관한 기준」일부개정(국토교통부고시 제2024-98호), ‘24.2.21.)",
자동차보험,교통사고 환자의 외래 내원 일수 문의,47634,https://www.hira.or.kr/bbsDummy.do?pgmid=HIRAA010006011700&brdScnBltNo=4&brdBltNo=47634,"사고 6개월 후부터는 1주 1회만 치료가 인정되는 것으로 알고 있는데, 환자 본인이 더 치료를 받고 싶어 합니다. 이런 경우 어떻게 해야 하는지 무척 궁금합니다.","- 교통사고 환자의 치료횟수는 사고환자의 상병과 상태의 경, 중 등 상황이 다양하여 일률적일 수 없고, ‘자동차보험 진료수가 기준’에 치료횟수가 정해진 적용범위 이외에는 의료기관의 진료기록 등을 참조하여 사례별로 적용하고 있습니다. - 따라서 지속적 치료의 범위 및 기간에 대하여 의학적 판단에 따른 적절한 치료를 시행하시기 바랍니다. [관련 근거] 자동차보험진료수가에 관한 기준 제4조(진료의 기준)",
자동차보험,경미한 상병의 한방 외래 내원 일수 문의,47633,https://www.hira.or.kr/bbsDummy.do?pgmid=HIRAA010006011700&brdScnBltNo=4&brdBltNo=47633,경미한 상병의 한방 외래시 일수 산정은 어떻게 하나요?,"- 염좌 및 긴장 등의 경미한 사고의 경우 진찰 및 시술, 처치 등의 진료내역을 수상일로부터 3주까지는 매일, 11주까지는 주3회, 6개월까지 주2회, 6개월 이후는 주1회 산정가능하며, - 개별 환자의 특성, 장기진료의 필요성, 진료기록부 기록 또는 중증 상병(골절 등)인 경우에는 교통사고 환자의 증상 및 중병의 정도에 따라 사례별로 인정합니다. [관련 근거] 자동차보험 심사자문위원회 공개심의 사례, ’13.11.27 / ’15.6.18",
자동차보험,첩약 산정 기준,47631,https://www.hira.or.kr/bbsDummy.do?pgmid=HIRAA010006011700&brdScnBltNo=4&brdBltNo=47631,첩약이 조정됩니다. 청구하는 방법이 별도로 정해져 있나요?,"- 첩약은 「자동차보험진료수가에 관한 기준」 [별표2] ""건강보험기준에 규정되지 않았거나 요양급여로 정하지 아니한 진료항목에 대한 사항"" 버1 (13010) 한방 첩약(1첩당) '주'에 의거 ""환자의 증상 및 질병의 정도에 따라 필요 적절하게 투여 하여야 하며, 1회 처방시 10일(단 염좌 등 경상환자의 경우에는 7일로 하되, 환자의 동의와 한의사의 소견이 있는 경우에는 10일), 1일 2첩 이내에 한하여 산정한다""라고 정하고 있습니다. - 이에, 1일 2첩을 초과하거나 1회 처방시 10일을 초과하는 경우 조정될 수 있습니다. [관련 근거] 「자동차보험진료수가에 관한 기준」[별표2] ""건강보험기준에 규정되지 않았거나 요양급여로 정하지 아니한 진료항목에 대한 사항""",
자동차보험,추나요법 전송 문의,47630,https://www.hira.or.kr/bbsDummy.do?pgmid=HIRAA010006011700&brdScnBltNo=4&brdBltNo=47630,추나요법을 실시하고 급여로 적용하였으나 며칠 뒤 진료정보를 전송하니 타 요양기관에서 20번째를 이미 등록하여 '추나요법 실시 횟수가 연 20회 초과되었습니다.'라고 하는데 어떻게 하나요?,"추나요법은 진료정보 전송일을 기준으로 횟수가 카운트 되므로 요양기관에서는 추나요법 진료 정보를 실시간으로 전송하시기 바라며, 20회를 초과한 경우라도 ‘추나요법 관리시스템’에 등록해야 합니다. [관련 근거] 고시 제2019-64호(행위) “하71 추나요법의 인정기준” 질의응답",
자동차보험,추나요법 진료 정보 전송 후 보험자 변경 방법,47628,https://www.hira.or.kr/bbsDummy.do?pgmid=HIRAA010006011700&brdScnBltNo=4&brdBltNo=47628,"‘추나요법 관리시스템’에 추나요법 진료정보 전송 시 보험자가 자동차보험 이었으나 건강보험(의료급여, 보훈)으로 확인된 경우에는 어떻게 하나요?","보험자가 자동차보험 ↔ 건강보험(의료급여, 보훈)으로 변경되는 경우에는 기존에 전송한 추나요법 진료정보를 삭제하고 변경된 진료정보로 재전송해야 합니다. [관련 근거] 고시 제2019-64호(행위) “하71 추나요법의 인정기준” 질의응답",
자동차보험,자동차사고 수상초기 촬영한 CT·MRI 인정 여부,47627,https://www.hira.or.kr/bbsDummy.do?pgmid=HIRAA010006011700&brdScnBltNo=4&brdBltNo=47627,자동차사고 수상초기 촬영한 CT·MRI 인정 가능한가요?,"사고경위, 환자의 연령, 수상초기에 촬영할 만한 환자의 주관적 호소 외 객관적인 이학적 검사 결과, 신경학적 이상 소견 등의 요소를 감안하여 수상초에 시행된 CT·MRI는 사례별로 심사합니다. [관련 근거] 자동차보험심사 공개심의사례(2014.01.13)",
자동차보험,자동차사고 수상초기 신경차단술 인정 여부,47626,https://www.hira.or.kr/bbsDummy.do?pgmid=HIRAA010006011700&brdScnBltNo=4&brdBltNo=47626,자동차사고 수상초기 시행한 신경차단술 인정 가능한가요?,"급성 통증에서 신경차단술의 효과 및 적절한 보존적 치료기간에 대한 의학적 근거는 부족한 상태로 단순한 염좌 및 긴장 상병에 약물 요법, 물리치료 등의 보존적 치료 없이 신경차단술을 시행함은 그 시행방법 및 소모되는 의료자원 등을 고려할 때 안전성, 효과성, 비용·경제성 측면에서 적정한 치료로 볼 수 없습니다. [관련 근거] 자동차보험심사 공개심의사례(2014.01.13)",
자동차보험,교통사고 환자의 염좌 및 긴장 등에 대한 입원료 인정기준,47625,https://www.hira.or.kr/bbsDummy.do?pgmid=HIRAA010006011700&brdScnBltNo=4&brdBltNo=47625,교통사고환자의 염좌 및 긴장 등에 대한 입원료 인정기준은 어떻게 되나요 ?,"교통사고환자가 「자동차보험진료수가에 관한 기준」 [별표3] 입원료 심사기준에 따라 입원하는 경우, 세부 인정기준은 다음과 같습니다. 1. 일상생활에 지장을 초래할 정도의 심한통증 등으로 안정이 필요하고 의료인의 지속적 관찰 및 수시로 적절한 치료가 필요한 경우 인정됩니다. 2. 단순 통원불편ㆍ피로회복 등을 이유로 입원하는 경우는 인정되지 않습니다. 3. 입원의 필요성에 대한 타당한 사유, 환자상태에 대한 임상적 소견 등이 진료기록부 상에 기록되어 있어야 하며, 이를 참조하여 사례별로 인정하고 있습니다. [관련 근거] - 「자동차보험진료수가에 관한 기준」 [별표3] ""자동차보험진료수가 적용기준 및 방법에 관한 세부사항"" 입원료 심사기준 - 건강보험심사평가원 공고 제2022-103호(2022.5.1.진료분부터 시행)",
자동차보험,비급여항목 구입내역목록표 제출 사유,47624,https://www.hira.or.kr/bbsDummy.do?pgmid=HIRAA010006011700&brdScnBltNo=4&brdBltNo=47624,자동차보험진료수가 청구 시 비급여항목 구입내역목록표 등을 제출하는 이유는 무엇인가요?,"자동차보험 진료수가 기준에 따르면 가격이 별도로 정해지지 않은 약제 및 치료재료의 경우는 실구입 가격을, 행위의 경우는 진료에 소요되는 실제비용을 산정토록 되어 있어, 실구입 가격과 치료에 소요된 실제비용의 확인을 위해 진료수가 최초 청구 및 단가(비용)가 변경될 때마다 구입내역목록표 등을 제출합니다. [관련 근거] - 자동차보험진료수가 심사업무처리에 관한 규정 - 제2장 진료수가의 청구·지급절차 및 방법 등",
자동차보험,자동차사고 환자 진료시 비급여 치료재료대 사용이 가능한가요?,47623,https://www.hira.or.kr/bbsDummy.do?pgmid=HIRAA010006011700&brdScnBltNo=4&brdBltNo=47623,자동차사고 환자 진료시 비급여 치료재료대 사용이 가능한가요?,"- 교통사고환자에게 사용하는 치료재료는 건강보험에서 요양급여 대상인 치료재료를 우선 인정되며, - 비급여대상으로 정해진 치료재료는 요양급여 대상 치료재료 중 대체가능한 치료재료가 없거나 환자의 증상 및 질병의 정도에 따라 진료상 반드시 필요한 경우 사례별로 심사하고 있습니다. - 또한, 건강보험기준에서 인정범위 등이 별도 정해지지 않은 경우에는 「치료재료 급여·비급여 목록 및 급여 상한금액표」상 중분류의 사용 용도 범위 내에서 사용하되, 환자 진료상 불가피하게 사용 용도 범위를 벗어나 사용한 것으로 확인이 되는 경우는 사례별로 심사하고 있습니다. [관련 근거] 「자동차보험진료수가에 관한 기준」(국토교통부 고시 제2024-295호, 2024.6.5.) - 제5조 제1항 제1호 - [별표 3] '진료수가(치료재료) 인정범위'",
자동차보험,자동차보험 환자가 상급종합병원ㆍ종합병원ㆍ병원ㆍ한방병원 2~3인실에 장기로 입원하고 있는 경우 본인부담률 적용은 어떻게 하나요?,47622,https://www.hira.or.kr/bbsDummy.do?pgmid=HIRAA010006011700&brdScnBltNo=4&brdBltNo=47622,자동차보험 환자가 상급종합병원ㆍ종합병원ㆍ병원ㆍ한방병원 2~3인실에 장기로 입원하고 있는 경우 본인부담률 적용은 어떻게 하나요?,"본인이 원하여 2~3인실에 입원한 경우 본인부담률 종별 입원일 2인실 3인실 4인실 5인실 6인실 상급종합병원 무관 50% 40% 본인부담률 없음 종합병원 무관 40% 30% 병원 및 한방병원 1-50일 40% 30% 51-150일 45% 35% 151일 이상 50% 40% ※ 단, 병실의 사정으로 부득이 2~3인실 사용시 입원 8일째부터 적용되는 입원료 본인부담률을 퇴원시까지 동일하게 적용함 [관련 근거] 「자동차보험진료수가에 관한 기준」(국토교통부 고시 제2024-295호, 2024.6.5.) - 제6조(진료수가 인정 제외대상) 제1항 제3호 - [별표 3] '상급종합병원, 종합병원, 병원, 한방병원의 2~3인실 사용 시 입원일수에 따른 입원료의 본인일부부담금 산정기준'",
자동차보험,교통사고 환자가 상급종합병원ㆍ종합병원ㆍ병원ㆍ한방병원 2~3인실에 입원한 경우 환자에게 비용 청구는 어떻게 하나요?,47621,https://www.hira.or.kr/bbsDummy.do?pgmid=HIRAA010006011700&brdScnBltNo=4&brdBltNo=47621,교통사고 환자가 상급종합병원ㆍ종합병원ㆍ병원ㆍ한방병원 2~3인실에 입원한 경우 환자에게 비용 청구는 어떻게 하나요 ?,"상급병실로 적용되던 2~3인실이 일반병실로 확대됨에 따라 4인실 이상 일반병실 부족으로 부득이하게 입원한 경우는 7일 초과한 입원료부터 환자에게 비용을 청구합니다. 다만, 환자의 요구로 입원한 경우는 입원 첫날 입원료부터 환자에게 비용을 청구하며 이때 환자에게 청구하는 비용은 건강보험에서 정한 본인일부부담금*에 해당하는 비용을 청구합니다. * 건강보험에서 정한 본인일부부담금 구분 본인일부부담금의 부담률 2인실 3인실 상급종합병원 50% 40% 종합병원ㆍ병원ㆍ한방병원 40% 30% [관련 근거] 「자동차보험진료수가에 관한 기준」(국토교통부 고시 제2024-295호, 2024.6.5.) - 제6조(진료수가 인정 제외대상) 제1항 제3호",
자동차보험,"추나요법과 동시 시행한 한방물리요법(도인운동요법, 근건이완수기요법) 산정 기준은?",47620,https://www.hira.or.kr/bbsDummy.do?pgmid=HIRAA010006011700&brdScnBltNo=4&brdBltNo=47620,"추나요법과 동시 시행한 한방물리요법(도인운동요법, 근건이완수기요법) 산정 기준은 ?","추나요법, 도인운동요법, 근건이완수기요법은 1일 2종 이상 실시하였다 하더라도 1종만 산정할 수 있습니다. [관련 근거] 국토교통부 행정해석(자동차운영보험과-9328호, '23.12.26.) - '자동차보험진료수가 한방물리요법의 진료수가 및 산정기준 개정 알림'",
자동차보험,교통사고 환자의 약침술 산정 기준,47619,https://www.hira.or.kr/bbsDummy.do?pgmid=HIRAA010006011700&brdScnBltNo=4&brdBltNo=47619,교통사고 환자의 약침술 산정 기준은 어떻게 되나요?,"염좌 등 경상환자의 경우, 수상일로부터 1주까지는 매일, 2~3주까지는 주 3회, 4~10주까지는 주 2회, 10주 초과 시 주 1회 이내에 한하여 산정할 수 있습니다. [관련 근거] 「자동차보험진료수가에 관한 기준」[별표 2] ""건강보험기준에 규정되지 않았거나 요양급여로 정하지 아니한 진료항목에 대한 사항""(허-1 약침술 주사항)",
자동차보험,교통사고 환자의 물리치료 시행시 부위 및 횟수 산정 기준?,47618,https://www.hira.or.kr/bbsDummy.do?pgmid=HIRAA010006011700&brdScnBltNo=4&brdBltNo=47618,교통사고 환자의 물리치료 시행시 부위 및 횟수 산정 기준?,"- 표층열치료(사-101), 한냉치료(사-101-1), 경피적전기자극치료(사-104), 간섭파전류치료(사-104의 ‘주’), 온냉경락요법(하-70)은 수상일로부터 17일까지 외래는 1일 1회 2부위까지, 입원 1일 2회 2부위까지 산정 가능하며, - 수상일로부터 18일 이후로부터는 부위 불문하고 외래는 1일 1회 입원은 1일 2회만 산정할 수 있습니다. [관련 근거] 「자동차보험진료수가에 관한 기준」(국토교통부 고시 제2024-295호, 2024.6.5.) - [별표 1] 건강보험기준과 달리 적용하는 사항",
자동차보험,어-5 체외충격파치료의 산정기준,47617,https://www.hira.or.kr/bbsDummy.do?pgmid=HIRAA010006011700&brdScnBltNo=4&brdBltNo=47617,체외충격파치료-근골격계질환의 인정 기준은 어떻게 되나요?,"- 근골격계 질환(가관절, 골절 지연유합, 석회화성 건초염, 족저근막염, 종골골극, 상완골 내상과염 및 외상과염, 동결건, 견관절 회전근개파열, 어깨 건초염 및 활액낭염)이 발병하고 3개월간 보존적인 치료에도 호전이 없는 통증환자에 대하여 실시한 경우에 산정하며, - 산업재해보상보험 전문재활치료료 산정지침 제1호에도 불구하고, 재활의학과 또는 정형외과, 신경외과 전문의가 직접 10분 이상 실시한 경우에 주 1회 산정하되, 최초 시술시 부터 4회 이내만 산정가능합니다. - 다만, 상병명, 환자의 상태 및 동 치료에 대한 환자의 반응 등에 따라 제통되지 않을 경우에는 치료의 방향 등을 고려하여 2회에 한하여 추가 산정 [관련 근거] 「자동차보험진료수가에 관한 기준 」(국토교통부 고시 제2024-295호, 2024.6.5.) - 제 5조 제2항 제3호 「산업재해보상보험 요양급여 산정기준 기준 」(고용노동부 고시 제2022-87호, 2023.1.1. 시행) - [별표 2] 제10절 재활치료료",
자동차보험,기왕증 관련 처방전 청구 방법,47616,https://www.hira.or.kr/bbsDummy.do?pgmid=HIRAA010006011700&brdScnBltNo=4&brdBltNo=47616,한의원에 자동차보험으로 입원중인 환자의 경우 고혈압 등의 기왕증 관련하여 상급종합병원 외래에서 처방받은 건보 외래진료비용은 어떻게 청구해야 하나요?,"기왕증은 자동차보험 관련 없는 진료로, 외래 진료비가 발생한 의료기관에서 건강보험으로 별도 청구할 수 있습니다. [관련 근거] 「 자동차보험진료수가에 관한 기준 」(국토교통부 고시 제2024-295호, 2024.6.5) - 제6조 제1항 제1호 및 제2호 - [별표 3] 13 진료수가 제외대상 진료비 처리방법",
자동차보험,자동차보험 증식치료의 산정기준은 무엇인가요?,47615,https://www.hira.or.kr/bbsDummy.do?pgmid=HIRAA010006011700&brdScnBltNo=4&brdBltNo=47615,자동차보험 증식치료의 산정기준은 무엇인가요?,"- 교통사고 환자에게 시행하는 증식치료는 다음과 같은 경우 자보진료수가로 인정함 - 다 음 - 가. 「자동차보험진료수가에 관한 기준」제5조제2항제3호에 의거「산업재해보상보험 요양급여 산정기준」의 [별표2] 제10절 재활치료료 산정기준 나. 적응증: 급성기 이후의 근골격계 질환 다. 증식치료 및 도수치료를 동일날 동일부위에 실시하는 경우 주된 항목 1종만 인정함 라. 시행간격: 7일 이상시행하는 경우에 인정함 [관련 근거] 「자동차보험진료수가에 관한 기준」(국토교통부 고시 제2024-295호, 2024.6.5.) - 제5조 제2항 제3호 「산업재해보상보험 요양급여 산정기준」(고용노동부 고시 제2022-87호, 2023.1.1. 시행) - [별표2] 제10절 재활치료료",
자동차보험,자동차보험 도수치료의 산재 관련기준은 무엇인가요?,47614,https://www.hira.or.kr/bbsDummy.do?pgmid=HIRAA010006011700&brdScnBltNo=4&brdBltNo=47614,자동차보험 도수치료의 산재 관련기준은 무엇인가요?,"카이로프랙틱, 정골의학, 정형도수치료 등의 도수치료는 치료방법에 따라 다음 각 목에 해당하는 전문과목의 전문의 또는 물리치료사가 실시한 경우 산정하며, 도수치료는 주 3회 이내 산정하되, 치료기간 중 15회 이내만 산정 가. 전문재활치료료 산정지침 제1호에도 불구하고 도수치료는 재활의학과, 정형외과, 신경외과 전문의가 10분 이상 실시한 경우에 산정함 나. 위 “가”의 규정에도 불구하고 정골의학, 정형도수치료 등의 도수치료는 물리치료사가 실시할 수 있되, 의사의 지시 감독하에 물리치료사가 30분이상 실시한 경우 산정함. - 시술부위를 불문하고 소정금액을 산정 - 행위 및 상대가치점수 제7장 이학요법료 맛사지치료(사-105)는 소정금액에 포함되며, 운동치료(사-106, 사-116) 또는 재활기능치료(사-130)와 동시에 실시한 경우에는 주된 항목의 소정금액만 산정 [관련 근거] 「 자동차보험진료수가에 관한 기준 」 ( 국토교통부 고시 제 2024-295 호 , 2024.6.5.) - 제 5 조 제 2 항 제 3 호 「 산업재해보상보험 요양급여 산정기준 기준 」 ( 고용노동부 고시 제 2022-87 호 , 2023.1.1. 시행) - [ 별표 2] 제 10 절 재활치료료",
자동차보험,자동차보험으로 진료 후 목발이나 보조기 청구는 어떻게 하나요?,47613,https://www.hira.or.kr/bbsDummy.do?pgmid=HIRAA010006011700&brdScnBltNo=4&brdBltNo=47613,자동차보험으로 진료 후 목발이나 보조기 청구는 어떻게 하나요?,"- 교통사고 환자에 대한 진료수가의 인정범위는 건강보험 기준으로 하며, 그 외는 「별표1」「별표2」, 산업재해보상보험 요양급여 산정기준에 의거한 코드 및 금액으로 청구 가능하고, - 청구시 코드구분은 '1' 수가로 상한선 범위 내 실구입가로 청구 가능합니다. [관련 근거] 「자동차보험진료수가에 관한 기준」 (국토교통부 고시 제2024-295호, 2024.6.5) - 제5조 제1항 제2호 「국민건강보험법」시행규칙 [별표7] - 제5조 제2항 제3호 「산업재해보상보험 요양급여 산정기준」의 별표2 ""산재보험에서 추가로 인정하는 요양급여의 범위 및 비용산정기준""",
자동차보험,'키-1 상급병실료(1~3인실)'의 산정 방법은?,47612,https://www.hira.or.kr/bbsDummy.do?pgmid=HIRAA010006011700&brdScnBltNo=4&brdBltNo=47612,'키-1 상급병실료(1~3인실)'의 산정 방법은?,"- 「 보험업법 」에 따라 인가된 자동차보험약관이 정하는 기준에 의하여 부득이하게 상급병실을 사용한 경우, 건강보험에서 정한 상급병실료 산정기준을 동일하게 적용합니다. - 상급병실료 산정시, 6인실 이상 입원료 외에 상급병실료(6인실 이상 입원료와의 차액)를 비용산정목록표 제출 후 청구합니다. 예) 1인실 산정방법 -> 6인실 이상 입원료+상급병실료 1인실(기본입원료와의 차액 : VA011, 90011) [관련 근거] 「자동차보험진료수가에 관한 기준 」(국토교통부 고시 제2024-295호, 2024.6.5.) - 제6조 제1항 제3호 - [별표2] 키-1 상급병실료",
자동차보험,자동차보험 적용 여부,47611,https://www.hira.or.kr/bbsDummy.do?pgmid=HIRAA010006011700&brdScnBltNo=4&brdBltNo=47611,교통사고로 수술을 받았는데 왜 자동차 보험으로 적용 안되나요?,"- 명백히 해당 자동차사고와 인과관계가 없는 상병에 대한 진료비 및 해당 자동차사고가 있기 전에 이미 가지고 있던 증상(기왕증)에 대한 진료비는 자동차보험 인정범위에서 제외됩니다. - 다만, 환자에게 고의 또는 중대한 과실이 없으며 의료기관 또한 고의 또는 과실 없이 진료 중에 발생한 증상(합병증)에 대한 진료비 및 기왕증이라 하여도 해당 자동차사고로 인하여 악화된 경우 그에 대한 진료비는 자동차보험 인정범위에 포함됩니다. - 자동차사고와의 인과관계 여부 등에 대해서는 주치의의 의학적 판단에 따라 자동차보험 및 건강보험 등으로 진료비를 구분하여 청구하여야 합니다. [관련 근거] 「자동차보험진료수가에 관한 기준」(국토교통부 고시 제2024-295호, 2024.6.5.) - 제6조 제1항 제1호 및 제2호 - [별표 3] 13 진료수가 제외대상 진료비 처리방법",
자동차보험,교통사고환자의 입원기간,47610,https://www.hira.or.kr/bbsDummy.do?pgmid=HIRAA010006011700&brdScnBltNo=4&brdBltNo=47610,자동차사고로 인한 입원을 계속하고 싶은데 어떻게 해야 하나요?,"- 교통사고환자의 입원은 의사가 진료상 필요하다고 인정하여 진료기록부상 의학적으로 타당한 기록이 있는 경우 인정하며, - 입원중인 교통사고환자가 수술·처치 등의 진료를 받은 후 상태가 호전되어 의학적으로 더 이상 그 의료기관에서의 입원진료가 불필요한 경우 의료기관은 해당 교통사고환자에게 퇴원 또는 다른 의료기관으로의 전원을 지시할 수 있습니다. - 따라서, 교통사고환자의 입원 및 퇴원 등은 진료 담당의사의 의학적 소견을 토대로 환자 개개인의 상태와 경과를 참고하여 결정되는 사안이므로 진료 담당의사와의 충분한 상담을 통하여 적절한 치료를 받으시기 바랍니다. - 또한, 의료기관에서 자동차보험 진료비 청구 시 입원의 필요성에 대한 진료기록부 등의 관련 자료를 첨부하여 주시면 참고하여 심사함을 알려드립니다. [관련 근거] 「자동차보험진료수가에 관한 기준」(국토교통부 고시 제2024-295호, 2024.6.5.) - 제12조(교통사고환자의 퇴원·전원 지시 등) 제1항 - [별표 3] 12 입원료 심사기준",
자동차보험,자동차보험 1차 심사 조정된 건에 대한 재심사 및 치료재개 요청,47592,https://www.hira.or.kr/bbsDummy.do?pgmid=HIRAA010006011700&brdScnBltNo=4&brdBltNo=47592,의료기관에서 치료받은 물리치료가 조정되었다고 하는데 재심사해서 치료를 다시 받을 수 있게 해주세요.,"- 심사결과에 이의가 있을 때에는 심사결과를 통보받은 의료기관 및 보험회사등이 심사결과를 통보받은 날부터 90일 이내에 건강보험심사평가원에 이의제기할 수 있으며, 환자는 이의제기를 하실 수 없습니다. - 또한, 각종 진단 및 치료행위, 검사 등은 담당 의사의 의학적 판단에 따라 환자의 상태 등을 고려하여 실시하는 것으로 진료 담당 의사와 충분한 상담을 통하여 적절한 치료를 받으시기 바랍니다. [관련 근거] 자동차손해배상보장법 시행규칙 제6조의5(이의제기 등)",
자동차보험,환자가 통증이 있어서 진료과별(의과 -한의과) 치료 받아도 되나요?,47583,https://www.hira.or.kr/bbsDummy.do?pgmid=HIRAA010006011700&brdScnBltNo=4&brdBltNo=47583,환자가 통증이 있어서 진료과별 ( 의과 - 한의과 ) 치료 받아도 되나요 ?,"(통원치료) 자동차보험 심사지침 '교통사고 환자에게 같은 날 동일 목적의 의과·한의과 중복진료(외래) 인정범위' 에 따라 같은 날 통증 완화 등 동일 목적의 의과·한의과 외래 진료가 이루어진 경우, 건강보험 「요양급여의 적용기준 및 방법에 관한 세부사항」*을 동일 적용하되, 주된 치료는 인정하고 그 외 진료는 중복진료로 보아 인정하지 않습니다. ※ 주된 치료는 상병관련 주 처치 등을 고려하여 진료내역 기준으로 함 다만, 같은 날 이루어진 진료라도 다음의 경우는 동일 목적의 의과ㆍ한의과 중복진료 범위에서 제외함 가. 해당 상병 및 상태 확인을 위한 진단 목적의 영상촬영검사 등과 해당 진찰료 나. 제7장 이학요법료 중 전문재활치료료와 해당 진찰료 다. 그 외 진료상 반드시 필요한 경우로 진료기록 등을 확인하여 사례별로 인정함 * 의과, 치과, 한의과 진료과목을 개설ㆍ운영하는 요양기관 및 복수면허(의과, 치과, 한의과) 의료인이 개설하는 요양기관에서 같은 날 동일 상병 진료 시 요양급여비용 산정방법(보건복지부 고시 제2010-18호) (입원치료) 자동차보험 심사지침 '교통사고 환자의 입원 중 의과·한의과 협진 시 중복(유사)진료 범주'에 따라 협의 진찰료를 산정하되, 교통사고로 입원 중인 환자에게 산정하는 협의진찰료는 건강보험의 「요양급여의 적용기준 및 방법에 관한 세부사항」의 “입원 중 협의진찰료 급여기준”에 의거하며 동일날 동일상병에 통증완화의 동일목적으로 중복(유사) 진료가 이루어진 경우에는 협의진료의 중복(유사)진료는 인정하지 않습니다. ※ 입원 중 중복(유사)진료 범주는 다음과 같음 의과 한의과 분류코드 분류명칭 분류코드 분류명칭 MM010 표층열치료 40700 경피경근온열요법 MM020 심층열치료 93023 초음파·초단파·극초단파요법 MM011 한냉치료 40702 경피경근한냉요법 MM070 경피적전기신경자극치료 93026 경피전기자극요법 MM080 간섭파전류치료 93027 경근간섭저주파요법 MM051 경추견인 93028 경추견인 MM052 골반견인 93029 골반견인 MM090 마사지 93032 근건이완수기요법 MM101 단순운동치료 93030 도인운동요법 MM102 복합운동치료 93030 도인운동요법 MM300 적외선치료 40701 경피적외선조사요법 51040 도수치료 40710 추나요법(단순) [관련 근거] 「자동차보험 심사지침」 - 교통사고 환자에게 같은 날 동일 목적의 의과·한의과 중복진료(외래) 인정범위 (공고 2023-172호,'23.9.1. 진료분부터 시행) - 교통사고 환자의 입원 중 의과·한의과 협진 시 중복(유사)진료 범주(공고 2024-107호,'24.5.1. 진료분부터 시행)",
자동차보험,자동차보험 도수치료의 적용기준은 무엇인가요?,47581,https://www.hira.or.kr/bbsDummy.do?pgmid=HIRAA010006011700&brdScnBltNo=4&brdBltNo=47581,자동차보험 도수치료의 적용기준은 무엇인가요 ?,"교통사고 환자에게 시행하는 도수치료는「자동차보험진료수가에 관한 기준」제5조 제2항 제3호에 의거「산업재해보상보험 요양급여 산정기준」의 [별표2] 제10절 재활치료료 산정기준을 동일 적용하되, 시행시기 등은 다음과 같이 적용토록 함 - 다 음 - 가.「건강보험 행위 급여·비급여 목록표 및 급여 상대가치점수」제7장 이학요법료 제1절 기본물리치료료 및 제2절 단순재활치료료 행위를 우선 시행하는 것을 원칙으로 하되, 우선시행 기간을 최소 2주 이상, 시행횟수는 4회 이상으로 하며, 해당 치료에도 불구하고 호전이 없어 도수치료를 시행하는 경우에 인정함 나. 골절부위에 도수치료를 시행하는 경우 인정하지 아니함. 다만, 도수치료를 시행해야 할 만한 의사의 소견 및 환자의 증상 등이 있는 경우 사례별로 인정함 다. 도수치료 시행 시 시행기법 및 시행자, 시행부위, 환자평가 등 관련 내용을 반드시 작성하여 기록하여야 함 ※ 환자 상태에 대한 기능적 회복 및 호전여부는 관절가동범위(ROM), 통증평가척도(VAS 등), 자세평가 및 근력 검사 포함한 이학적 검사 등을 통해 해당 부위의 체절기능부전(Somatic dysfunction)을 평가한 결과로 판단함 [관련 근거] [자동차보험] 교통사고 환자에게 시행하는 도수치료 적용기준 (공고 제2024-107호, 2024.5.1. 진료분부터 시행)",
자동차보험,"침술 3종에 대한 급여기준이 건강보험과 동일하다는데, 자동차보험에서 침술 2종만 인정되는 사유는?",47576,https://www.hira.or.kr/bbsDummy.do?pgmid=HIRAA010006011700&brdScnBltNo=4&brdBltNo=47576,"침술 3종에 대한 급여기준이 건강보험과 동일하다는데, 자동차보험에서 침술 2종만 인정되는 사유는 ?","- 침술 3종은 응급인 경우를 제외하고는 한국표준 질병·사인분류상 대분류를 달리하는 복합상병에만 인정합니다. - 다만, 자동차보험에서는 응급에 해당되지 않고 복합상병과 관련된 객관적 증상이나 자동차 사고와 인과관계가 확인되지 않는 경우에는 2종만 인정됩니다. [관련 근거] 자동차보험심사 공개심의사례 (2017.11.13)",
자동차보험,자동차보험에서 추가청구 방법은?,47573,https://www.hira.or.kr/bbsDummy.do?pgmid=HIRAA010006011700&brdScnBltNo=4&brdBltNo=47573,자동차보험에서 추가청구 방법은?,"- 추가청구란 진료수가를 지급받은 명세서 중 진료내역의 일부가 당초 청구 시 누락되어 누락된 진료내역만 추가로 청구하는 경우로, - 추가청구 시, 원청구분과 구분하여 원청구서의 접수번호, 명일련 번호를 기재하여 청구합니다. [관련 근거] 자동차보험진료수가 심사업무처리에 관한 규정, 청구서·명세서 세부작성요령",
자동차보험,교통사고로 입원 중 기왕증으로 타 기관 진료의뢰 시 청구방법은?,47572,https://www.hira.or.kr/bbsDummy.do?pgmid=HIRAA010006011700&brdScnBltNo=4&brdBltNo=47572,교통사고로 입원 중 기왕증으로 타 기관 진료의뢰 시 청구방법은?,"타 의료기관에 진료를 의뢰한 의료기관이 자동차보험 청구방법 세부작성요령에 따라 타 법령 진료분을 별도 명세서로 청구하며, 명세서단위 특정내역 기재란의 구분코드 ‘MT001’에 ‘K’를 입력하여 작성합니다. 그리고 기존의 타 의료기관 진료의뢰 청구방법과 같이 줄번호단위 특정내역 ‘JS008’을 입력하고, 의뢰받아 진료를 실시한 의료기관기호/진료의뢰일을 기재하여 청구합니다. [관련 근거] 국토교통부고시 제2023-3호 「자동차보험진료수가 심사업무처리에 관한 규정」",
자동차보험,타 의료기관에 진료의뢰 시 청구방법은?,47571,https://www.hira.or.kr/bbsDummy.do?pgmid=HIRAA010006011700&brdScnBltNo=4&brdBltNo=47571,타 의료기관에 진료의뢰 시 청구방법은?,"- 교통사고로 입원 중인 환자를 교통사고와 인과관계가 있는 상병으로 다른 의료기관에 진료 의뢰한 경우 의뢰한 기관과 의뢰받은 기관이 각각 청구할 수 있습니다. - 이 때, 의뢰한 기관은 ‘교통사고환자 진료의뢰서’를 작성하여 의뢰받은 기관에게 제출하여야 하며, 특정내역 MJ006에 ‘의뢰받은 의료기관기호/의뢰일자’를 기재합니다. - 의뢰받은 의료기관은 ‘교통사고환자 진료의뢰서’를 심사참고자료로 제출하며, 특정내역 MT015에 ‘69’를 기재하고 MJ006에 ‘의뢰한 의료기관기호/의뢰일자’를 기재합니다. [관련 근거] - 국토교통부고시 제2023-2호 「자동차보험진료수가에 관한 기준」 - 국토교통부고시 제2023-3호 「자동차보험진료수가 심사업무처리에 관한 규정」",
자동차보험,자동차보험 진료수가 청구 시 상해외인 코드를 기재하여 청구하여야 하나요?,47566,https://www.hira.or.kr/bbsDummy.do?pgmid=HIRAA010006011700&brdScnBltNo=4&brdBltNo=47566,자동차보험 진료수가 청구 시 상해외인 코드를 기재하여 청구하여야 하나요?,"- 교통사고 환자는 모든 청구명세서가 상해외인(상해요인)과 관련되므로, 진료수가 청구명세서에 상해외인(V,W,X,Y)코드는 기재하지 않습니다. - 다만, 협의진찰 등으로 별도의 명세서 작성시 ‘C’를 기재하고, 타법령(산재보험, 건강보험 등)으로 입원진료 중 교통사고로 인한 상병에 대한 진료로 별도의 명세서 작성시는 ‘K’를 기재하며, 주된 사고로 입원(외래)진료 중 다른 사고로 인한 상병에 대한 별도의 명세서 작성 시 ‘U’를 기재합니다. [관련 근거] 자동차보험진료수가 심사업무처리에 관한 규정「별표5」특정 내역 구분코드",
자동차보험,경상환자 4주 치료 경과 시 진단서 제출,47381,https://www.hira.or.kr/bbsDummy.do?pgmid=HIRAA010006011700&brdScnBltNo=4&brdBltNo=47381,경상환자 4주 치료 후 진단서 제출은 누가 어떻게 제출하나요?,"교통사고로 인한 경상환자 치료가 4주 경과하여 추가로 지급보증이 필요한 경우, 환자가 의료기관에 진단서를 요청하여 보험회사에 제출합니다. [관련 근거] - 국토교통부고시 제2023-2호 「자동차보험진료수가에 관한 기준」 - 국토교통부고시 제2023-3호 「자동차보험진료수가 심사업무처리에 관한 규정」 - 금융감독원세칙 「보험업감독업무시행세칙」 별표15 자동차보험 표준약관",
자동차보험,"청구내역 불능(J1, J3코드)관련",47214,https://www.hira.or.kr/bbsDummy.do?pgmid=HIRAA010006011700&brdScnBltNo=4&brdBltNo=47214,"청구내역을 보면 J1 혹은 J3 코드로 불능처리 된 것을 확인할 수 있는데, 이건 왜 불능이 된 건지요?","- J1으로 시작되는 불능코드는 보험회사등 요청에 의한 지급불능건으로 해당보험사에서 자격점검시 한도초과나 사고접수번호, 지급보증번호 기재착오 등으로 인해 청구내역이 불능된 것입니다. - 따라서 해당 보험사에서 불능사유 확인 후 보완청구하시면 됩니다. - J3으로 시작되는 불능코드는 사고접수번호 기재누락 또는 기재 착오(01), 지급보증번호 기재누락 또는 기재착오(02), 자동차보험 심사 위탁 적용이전(2013년 7월 이전) 진료분 청구(03), 청구서와 명세서의 보험회사등 코드 불일치(04) 등으로 인해 청구내역이 불능된 것입니다. 이에 불능사유 확인 후 보완청구하시면 됨을 알려드립니다. [관련 근거] - 자동차보험진료수가 심사업무처리에 관한 규정, 청구서·명세서 세부작성요령 -「국토교통부 고시 제2020-1137호(2020.12.24.)」",
자동차보험,타법령에 의거 입원 진료를 받던 환자가 자동차보험으로 변경시 입원료 청구방법,46855,https://www.hira.or.kr/bbsDummy.do?pgmid=HIRAA010006011700&brdScnBltNo=4&brdBltNo=46855,건강보험 또는 산재 등 타법령에 의해 입원치료를 받고 있던 환자가 자동차보험으로 변경하여 진료하는 경우 입원료는 어떻게 되나요?,"건강보험(의료급여) 또는 산업재해보험 등 다른 법령에 의하여 진료를 받고 있던 환자가 자동차보험으로 진료를 받게 될 경우, 자동차보험 적용일부터 입원시작일로 계산하여 입원기간을 산정 합니다. [관련 근거] 자동차보험진료수가 심사업무처리에 관한 규정, 청구서·명세서 세부작성요령",
자동차보험,직불진료비 청구방법,46851,https://www.hira.or.kr/bbsDummy.do?pgmid=HIRAA010006011700&brdScnBltNo=4&brdBltNo=46851,"환자납부액(직불진료비)은 어느 경우에 청구하며, 청구방법은 어떻게 되나요?","- 환자납부액은 교통사고 환자로부터 직접받은 직불진료비로, 보험 회사등으로부터 환자납부액에 대해서 심사평가원에 심사청구 할 것을 요청받는 경우에 한하여, 진료수가 청구명세서 ‘11항. 환자납 부액’란에 세부내역을 기재하여 청구합니다. - 또한, 교통사고 환자의 진료수가를 청구한 이후 환자납부액을 별도로 청구하는 경우에는 추가청구 작성요령에 따라 청구합니다. [관련 근거] 자동차보험진료수가 청구서·명세서 세부작성요령",
자동차보험,보험회사 변경 시 치료비 지급 관련,46848,https://www.hira.or.kr/bbsDummy.do?pgmid=HIRAA010006011700&brdScnBltNo=4&brdBltNo=46848,자동차보험으로 진료 후 청구하였는데 보험회사가 변경되는 경우 진료한 의료기관에 대한 치료비는 어느 보험회사에 지급하나요?,"보험회사등은 지불책임이 있는 보험회사가 변경된 경우, 명세서 청구 시 지불보증 및 자격점검을 시행한 보험회사에서 의료기관에 지급 하고, 해당 보험회사등과 상호 정산합니다. [관련 근거] 자동차보험진료수가 심사업무처리에 관한 규정",
자동차보험,자동차보험환자 심사사례 확인 방법,46737,https://www.hira.or.kr/bbsDummy.do?pgmid=HIRAA010006011700&brdScnBltNo=4&brdBltNo=46737,자동차보험환자의 기존 심사사례가 궁금합니다.,"아래와 같은 절차를 통해 심사사례 및 기준 등을 조회하실 수 있습니다. 1. 요양기관 업무포털 로그인 후 자동차보험 클릭 2. 급여기준>심사기준조회 3. 검색내용에 찾고자 하는 내역을 입력하면 공개심의사례 및 관련 고시, 심사지침 등을 검색할 수 있습니다.",
의료급여,요양병원 입원 중인 의료급여 산정특례 대상자의 타 의료기관 진료의뢰 시 청구 방법,47679,https://www.hira.or.kr/bbsDummy.do?pgmid=HIRAA010006011130&brdScnBltNo=4&brdBltNo=47679,요양병원에 입원중인 의료급여 산정특례 대상자를 다른 의료급여기관에 산정특례 상병으로 진료의뢰한 경우 청구방법은 어떠한가요?,"「의료급여수가의 기준 및 일반기준」제17조의2 ②,③항에 따른 산정특례 대상자를 해당상병으로 진료의뢰한 경우, 의뢰받은 의료급여기관에서 외래로 청구합니다.(의료급여는 조현병, 치매환자의 경우 산정특례 대상자에서 제외) [관련 근거] 행정해석(기초의료보장과-7894호,'20.1.1.)",
의료급여,진료 중 자격변동 시 의료급여 절차,47639,https://www.hira.or.kr/bbsDummy.do?pgmid=HIRAA010006011130&brdScnBltNo=4&brdBltNo=47639,건강보험대상자로 2차병원에서 진료의뢰를 받아 3차진료기관에서 입원진료를 받고 있던 중 의료급여수급권자로 자격이 변동된 경우 의료급여의뢰서를 재발급 받아야 되나요?,"건강보험에서 요양급여를 의료급여대상자로 자격이 변동된 경우 다시 의료급여의뢰서를 발급받을 필요는 없습니다.다만, 입원 및 외래진료 중인 상병의 치료가 종료된 후 관련 없는 상병으로 진료를 받을 경우에는 의료급여 절차에 따라 제1차 및 제2차의료급여기관에서 발행한 의료급여의뢰서를 발급받아야 합니다. [관련 근거] 행정해석(보관65730-872호, '99.07.08.)",
의료급여,정신건강의학과 입원 중 다른 의료급여기관으로 외래진료 의뢰 시 청구방법,47638,https://www.hira.or.kr/bbsDummy.do?pgmid=HIRAA010006011130&brdScnBltNo=4&brdBltNo=47638,의료급여 정신질환자가 입원중 정신과 의료진으로 진료가 곤란한 다른 진료과목에 해당하는 질환이 발생하였으나 해당 의료기관에 인력 ㆍ 시설 ㆍ 장비로는 치료가 곤란하여 다른 의료급여기관으로 외래진료를 의뢰한 경우 청구방법은 어떠한가요?,"청구방법은 아래와 같이 적용함을 알려드립니다. 1)청구기관: 외래진료 의뢰받은 기관 2)청구명세서: 외래명세서(상해외인란에 ""E""표기, 명세서 여백에 다른 의료급여기관 정신질환자 진료의뢰건임을 명기) 3)수가: 외래수가 4)의료급여기관 종별 가산율: 외래진료 의뢰받은 기관 5)본인일부부담금: 입원본인부담률 [관련 근거] 행정해석(기초의료보장팀-4389호,'07.10.10.)",
의료급여,선택의료급여기관 변경 시 의료급여 절차,47515,https://www.hira.or.kr/bbsDummy.do?pgmid=HIRAA010006011130&brdScnBltNo=4&brdBltNo=47515,"의료급여수급권자가 선택의료급여기관으로부터 의뢰받아 제2·3차의료급여기관에서 계속하여 진료 중에 다른 선택의료급여기관으로 변경된 경우, 변경된 선택의료급여기관으로부터 의료급여의뢰서를 다시 발급받아 제출해야하나요?","동일상병에 대하여 계속하여 진료 받는 경우에 한하여는 변경된 선택의료급여기관의 의료급여의뢰서 추가 제출 없이 해당 의료급여기관의 진료를 받을 수 있습니다. 다만, 계속하여 진료받던 상병의 치료가 종료된 후 또는 다른 상병으로 진료를 받을 경우에는 선택의료급여기관에서의 진료결과 다른 의료급여기관의 진료가 필요한 경우이어야 하므로 변경된 선택의료급여기관의 진료담당의사의 진료의견이 기재된 의료급여의뢰서를 제출하여야 합니다. [관련 근거] 「의료급여사업안내」",
의료급여,선택의료급여기관 적용 대상자의 응급상황 발생 시 의료급여 절차,47514,https://www.hira.or.kr/bbsDummy.do?pgmid=HIRAA010006011130&brdScnBltNo=4&brdBltNo=47514,선택의료급여기관 적용 대상자가 어떠한 경우에 의료급여의뢰서없이도 진료를 받을수 있나요?,응급증상에 해당하거나 장애인보조기기를 지급받고자 하는 경우에는 선택의료급여기관의 의료급여의뢰서가 없어도 다른 의료급여기관에서 진료를 받을 수 있습니다. [관련 근거] 『선택의료급여기관 적용 대상자 및 이용 절차 등에 관한 규정』제10조,
의료급여,선택의료급여기관 적용 대상자의 의뢰 범위 및 의료급여 절차,47513,https://www.hira.or.kr/bbsDummy.do?pgmid=HIRAA010006011130&brdScnBltNo=4&brdBltNo=47513,1차선택의료급여기관 적용 대상자가 의료급여의뢰서를 발급받아 제2차의료급여기관에서 외래진료를 받은 후 다른 제2차의료급여기관에 입원해야 하는 경우 의료급여의뢰서를 재발급 받아야 하나요?,선택의료급여기관에서 의뢰된 수급권자는 동일 종병(제2차의료급여기관에서 다른 제2차의료급여기관)으로 재의뢰 할 수 없습니다. 따라서 위와 같은 경우에는 1차선택의료급여기관에서 의료급여의뢰서를 재발급 받아 입원 예정인 제2차의료급여기관에 제출하여야 합니다. [관련 근거] 『선택의료급여기관 적용 대상자 및 이용 절차 등에 관한 규정』제6조제2항2호,
의료급여,선택의료급여기관 적용대상자의 의료급여 절차,47512,https://www.hira.or.kr/bbsDummy.do?pgmid=HIRAA010006011130&brdScnBltNo=4&brdBltNo=47512,"제1차의료급여기관이 선택기관으로 등록 되어있는 환자가 선택기관을 거쳐 제2차의료급여기관의 진료의뢰를 받아서 제3차의료급여기관에 내원한 경우, 제2차의료급여기관의 의료급여의뢰서만 있으면 의료급여가 적용되나요?","위와같이 선택의료급여기관 적용 대상자가 단계별 절차를 거쳐 제3차의료급여기관으로 재의뢰되는 경우, 제2차의료급여기관의 의료급여의뢰서가 있으면 제3차의료급여기관에서 의료급여를 적용 받을수 있습니다. [관련 근거] 『선택의료급여기관 적용 대상자 및 이용 절차 등에 관한 규정』제6조제2항",
의료급여,퇴원 후 예약진료 시 의료급여 절차,47511,https://www.hira.or.kr/bbsDummy.do?pgmid=HIRAA010006011130&brdScnBltNo=4&brdBltNo=47511,의료급여수급권자가 퇴원 후 예약진료를 받기 위해 병원을 방 문한 경우 의료급여의뢰서를 제출하여야 하나요 ?,"의료급여수급권자가 동일한 상병의 입원진료 종료 후 해당 상 병의 치료와 관련된 외래진료를 받기 위해 진료기관에 재 내원한 경우에는 별도 의 진료의뢰서를 제출할 필요가 없습니다 . [관련 근거] 행정해석(보관65730-368호, '01.4.2.)",
의료급여,동일 상병으로 동일 기관의 다른 진료과목 진료 시 의료급여 절차,47510,https://www.hira.or.kr/bbsDummy.do?pgmid=HIRAA010006011130&brdScnBltNo=4&brdBltNo=47510,단계별 절차를 거쳐 제3차의료급여기관에서진료를 받고 동일한 상병으로 동일기관의 다른 진료과목 진료를 받고자 할경우 다시 단계별 절차를 거쳐야 하나요?,"의료급여수급권자가 의료급여를 받기 위해서는 제1차의료급여기관(의원급) → 제2차의료급여기관(병원급 이상) → 제3차의료급여기관(상급종합병원)의 단계별 절차를 거쳐야하며 각 단계별로 의료급여의뢰서를 발급 받아 다음 단계의 의료급여기관에 제출하여야 합니다. 위의 절차를 지켰을 경우라면, 동일한 상병으로 동일기관의 다른 진료과목의 진료를 받을 경우에는 단계별 절차를 거칠 필요가 없습니다. [관련 근거] 행정해석(보관 65730-225호, '01.03.02.)",
의료급여,응급진료 후 익일 외래진료 시 의료급여 절차,47508,https://www.hira.or.kr/bbsDummy.do?pgmid=HIRAA010006011130&brdScnBltNo=4&brdBltNo=47508,응급환자가 응급진료를 받은 후 익일에 진료를 받으러 온 경우에 의료급여의뢰서가 필요한가요?,"『응급의료에 관한 법률 시행규칙』제2조 및 동법 「시행규칙」별표1에서 정한 응급진료를 받은 후 익일에 동일 의료급여기관에서 외래진료를 받은 경우 정당한 진료전달체계를 거친 것으로 보고 의료급여의뢰서 없이 의료급여가 가능하며 의료급여의뢰서는 진료기록부로 갈음할 수 있습니다. [관련 근거] 행정해석(의급65730-117호, '03.04.02.)",
의료급여,국가검진 후 이상소견 발견 시 의료급여 절차,47507,https://www.hira.or.kr/bbsDummy.do?pgmid=HIRAA010006011130&brdScnBltNo=4&brdBltNo=47507,의료급여수급권자가 제2차의료급여기관에서 국가 암검진을 받은결과 이상소견이 발견되어 해당병원(검진받은병원)에서 진료를 받으려하는데 제1차의료급여기관의 의료급여의뢰서가 필요한가요?,"제2차의료급여기관(병원)에서 국가암검진을 받은 결과 이상소견이 발견되어 진료담당의사가 검진결과서에 제2차의료급여기관의 진료가 필요하다고 의사소견을 기재한 경우 해당 검진결과서를 의료급여의뢰서로 갈음할 수 있습니다. 따라서 제1차의료급여기관의 의료급여의뢰서 없이도 검진 받은 제2차의료급여기관에서 진료가 가능합니다. 그러나 검진 후 이상소견에 대해 모두 제2차의료급여기관의 진료를 요하는 것은 아니므로 제2차의료급여기관의 진료가 필요한 경우에 한해서 선별적으로 진료를 실시토록 하여야 할 것입니다. [관련 근거] 행정해석(의급65730-147호, '03.04.24.)",
의료급여,의료급여의뢰서 대체 여부,47468,https://www.hira.or.kr/bbsDummy.do?pgmid=HIRAA010006011130&brdScnBltNo=4&brdBltNo=47468,의료급여의뢰서는 요양급여의뢰서 또는 의사소견서 등으로 대 체할 수 있나요 ?,제 1 차의료급여기관 진찰결과 또는 진료 중에 제 2 차 또는 제 3 차 의료급여기관의 진료가 필요한 경우에는 진료담당의사의 진 료의견이 기재된 의료급여의뢰서 ( 의료급여 시행규칙 별지 제 3 호 서식 ) 지참 후 방문하여야 합니다 . 이때 의료급여의뢰서 는 건강보험의 요양급여의뢰서 또는 의사소견서 등으로 대체할 수 없습니다 . [ 관련 근거 ] -「 의료급여법 시행규칙 」 제 3 조 ( 의료급여의 절차 ) - 「 의료급여사업안내 」,
의료급여,의료급여의뢰서 유효기간,47467,https://www.hira.or.kr/bbsDummy.do?pgmid=HIRAA010006011130&brdScnBltNo=4&brdBltNo=47467,"의료급여 절차에 따라 진료 받은 의료급여수급권자가 동일상병 에 대하 여 다시 진료를 받을 경우 , 처음 발급받은 의료급여의뢰 서로 언 제까지 진료를 볼 수 있나요 ?","- 의료급여수급권자는 처음 발급받은 의료급여의뢰서로 해당 상 병의 치료가 종료될 때까지 의뢰받은 의료급여기관에서 치 료가 가능합니다 . 다만 , 기타상병의 경우 치료종료는 최종 진료일로부터 투약 등 진료행위 없이 30 일을 초과하는 경우 종료로 간주하며 , 만성질환자의 경우 의뢰받은 의료급여기관 의 담당의사의 판단에 따라 의뢰한 상병에 대한 치료 후 증세가 호전되어 더 이상 당해 의료급여기관에서의 진료가 불필요하 게 된 경우에는 치료종료로 간주합니다 . - 아울러 , 계속 진료를 받던 상병의 치료가 종료되었거나 , 관련 없는 타 상병으로 진료를 받을 경우에는 의료급여의뢰서를 제출하여야 합니다 . [ 관련 근거 ] -「 의료급여사업안내 」 - 행정해석 ( 보관 65730-872 호 , '99.7.8.)",
의료급여,의료급여 입원 식대 본인부담률,47465,https://www.hira.or.kr/bbsDummy.do?pgmid=HIRAA010006011130&brdScnBltNo=4&brdBltNo=47465,의료급여수급권자의 입원 식대 본인부담률은 얼마인가요?,"의료급여 식대 본인부담률은 식대 금액의 20%입니다. 다만, 중증질환자에게 해당 중증질환(합병증 포함)으로 진료한 경우에는 식대 금액의 5%이며 행려환자, 자연분만 및 6세 미만 아동의 입원진료의 경우에는 식대 본인부담금을 면제합니다. [관련 근거] - 「의료급여법 시행규칙」[별표1의2] - 「의료급여수가의 기준 및 일반기준」제23조(식대중본인일부부담)",
의료급여,의료급여 입원 식대 수가,47464,https://www.hira.or.kr/bbsDummy.do?pgmid=HIRAA010006011130&brdScnBltNo=4&brdBltNo=47464,의료급여수급권자에 대한 입원 식대 수가는 건강보험 식대 수가와 동일한가요?,"건강보험의 경우는 요양기관 종별에 따라 식대 항목별 단가가 다르나, 의료급여 식대 수가는 종별 구분 없이 항목별(일반식, 치료식 등) 단일 수가입니다. 또한, 일반식 가산, 치료식 영양관리료 등의 가산수가를 적용하지 않습니다. [관련 근거] 「의료급여수가의 기준 및 일반기준」제12조(식대)",
의료급여,의료급여 외래 혈액투석 시 수가산정방법 및 정액수가 외 별도 산정가능 범주,47331,https://www.hira.or.kr/bbsDummy.do?pgmid=HIRAA010006011130&brdScnBltNo=4&brdBltNo=47331,의료급여환자가 외래에서 혈액투석을 받을 경우 수가산정방법 및 혈액투석 정액수가 외 별도로 산정 가능한 범주는 어떠한가요 ?,"1. 수가산정방법 만성신부전증 환자가 외래에서 혈액투석시에는 1 회당 정액수가 ( 점수 ) 에 국민건강보험법 제 45 조제 4 항의 규정에 의하여 고시한 "" 건강보험요양급여비용의 내역 "" 의 유형별 분류에 따른 점수당 단가를 곱한 금액과 상대가치점수 제 1 편 제 2 부 제 9 장 처치 및 수술료 등 [ 투석 ] 중 혈액투석 [1 회당 ]( 코드 O7020) 의 "" 주 ""( 코드 O7021) 의 1( 사용된 재료대와 약제의 비용 33,900 원 ) 과 2( 사용된 투석액 ) 의 금액을 합하여 산정합니다 . 2. 혈액투석 정액수가 외 별도 산정 가능 범주 가 . 1 회당 의료급여 혈액투석 정액수가에는 진찰료 , 혈액투석 수 기료 , 필수경구약제 및 Erythropoietin 제제 등 투석당일 투여된 약 제 및 검사료 등이 포함되어 있습니다 . 다만 , 혈액투석을 위한 정맥내 카테터삽입술 또는 혈관중재시술 등의 비용 및 감염 병 의 확산 등에 따른 긴급한 사유로 보건복지부장관이 한시적으 로 인정하는 항목에 대한 비용은 「 의료급여수가의 기준 및 일 반기준 」 제 1 조의 규정에 의하여 별도 산정 가능합니다 . 나 . 혈액투석을 받는 만성신부전증 환자가 동일 날 만성신부전 관련 합병증이 아닌 다른 상병으로 진료를 받는 경우 , 이에 대한 급여비용은 「 의료급여수가의 기준 및 일반기준 」 제 1 조의 규정에 의하여 별도 산정 가능합니다 . [관련 근거] 「의료급여수가의 기준 및 일반기준」 제7조(혈액투석 수가)",
의료급여,의료급여 단계별 절차 예외 사항,47194,https://www.hira.or.kr/bbsDummy.do?pgmid=HIRAA010006011130&brdScnBltNo=4&brdBltNo=47194,의료급여수급권자가 단계별 절차를 거치지않아도 되는(의료급여의뢰서를 지참하지 않아도 되는)경우가 있나요?,"1. 제2차의료급여기관 또는 제3차의료급여기관에 의료급여 신청 가능한 경우 - 「응급의료에 관한 법률」제2조제1호에 해당하는 응급환자인 경우 - 분만의 경우 - 영 제3조제2항제1호라목에 따라 보건복지부장관이 정하여 고시하는 결핵질환, 희귀난치성질환 또는 중증질환을 가진 사람이 의료급여를 받으려는 경우 - 제2차의료급여기관 또는 제3차의료급여기관에서 근무하는 수급권자가 그 근무하는 의료급여기관에서 의료급여를 받으려는 경우 - 「장애인복지법」제32조에 따라 등록한 장애인이 「장애인·노인 등을 위한 보조기기 지원 및 활용촉진에 관한 법률」제3조 제2호에 따른 보조기기를 지급받으려는 경우 - 「장애인복지법」제32조에 따라 등록한 장애인이 「구강보건법」제15조의2에 따른 장애인구강진료센터에서 의료급여를 받으려는 경우 - 감염병의 확산 등 긴급한 사유가 있어 보건복지부장관이 정하여 고시하는 기준에 따라 의료급여를 받으려는 경우 -「건강검진기본법」에 따른 국가건강검진을 받은 사람이 보건복지부장관이 정하여 고시하는 결핵질환의 확진검사에 대하여 의료급여를 받으려는 경우 2. 제2차의료급여기관에 의료급여 신청가능한 경우 - 단순물리치료가 아닌 작업치료ㆍ운동치료 등의 재활치료가 필요하다고 인정되는 사람이 재활의학과에서 의료급여를 받으려는 경우 - 한센병환자가 의료급여를 받으려는 경우 - 「장애인복지법」제32조에 따라 등록한 장애인이 의료급여를 받으려는 경우 - 「국민건강보험법 시행령」제45조제1호에 해당하는 지역(요양기관까지 거리가 멀거나 대중교통으로 이동하는 시간이 오래 걸리는 지역으로서 보건복지부 장관이 정하여 고시하는 섬·벽지 지역)의 의료급여수급권자가 의료급여를 받으려는 경우 - 「국가유공자 등 예우 및 지원에 관한 법률 시행령」제14조 또는 「보훈보상대상자 지원에 관한 법률 시행령」제8조에 따른 상이등급을 받은 사람이 의료급여를 받으려는 경우 - 15세 이하의 아동이 의료급여를 받으려는 경우 [관련 근거] 『의료급여법 시행규칙』 제3조(의료급여의 절차)",
의료급여,의료급여 등록 산정특례 대상자의 본인일부부담금,47191,https://www.hira.or.kr/bbsDummy.do?pgmid=HIRAA010006011130&brdScnBltNo=4&brdBltNo=47191,"의료급여 등록 희귀질환자의 경우, 등록된 희귀질환이 아닌 다른 상병으로 외래 진료를 봤을 경우에도 본인부담금이 면제되나요?","보건복지부장관이 정하여 고시하는 결핵질환, 희귀중증난치질환또는 중증질환을 가진 사람이 외래진료를 받을 경우 급여비용총액전부를 기금에서 부담하며 희귀질환 이외의 상병으로 외래진료를 받은 경우에도 본인일부부담금이 면제됩니다. [관련 근거] 「의료급여법 시행령」 [별표1]제1호다목",
의료급여,정신건강의학과 1일당 입원 정액수가 체감제 적용기준,47190,https://www.hira.or.kr/bbsDummy.do?pgmid=HIRAA010006011130&brdScnBltNo=4&brdBltNo=47190,정신질환으로 입원한 의료급여 수급권자의 정액수가 이외에 별도로 산정할 수 있는 항목은 어떠한 것이 있나요?,"퇴원한 환자가 퇴원한 날부터 30일 이내에 재입원하는 경우에는 입원기간에 종전 입원 기간을 합산하여 수가를 적용합니다. ""퇴원한 날부터 30일 이내""라 함은 퇴원 다음날부터 계산하여 30일까지의 기간을 뜻합니다. [관련 근거] 「의료급여수가의 기준및 일반기준」제11조(정신질환 입원 및 낮병동 수가 등)및 행정해석(보관65730-25호,'01.01.09.)",
의료급여,정신건강의학과 입원진료에 대한 청구시 정액수가 외 별도 산정 가능 범주,47189,https://www.hira.or.kr/bbsDummy.do?pgmid=HIRAA010006011130&brdScnBltNo=4&brdBltNo=47189,정신질환으로 입원한 의료급여 수급권자의 정액수가 이외에 별도로 산정할 수 있는 항목은 어떠한 것이 있나요?,"의료급여 정신질환 입원수가는 1일당 정액수가로 환자진료에 필요한 진찰료ㆍ입원료ㆍ투약료ㆍ 주사료 ㆍ검사료 등을 포함합니다. 다만 정액수가에 포함되지 않는 다음의 경우 제1조에 따라 별도로 산정할 수 있습니다. 1. 입원기간 중 약품비, 퇴원 투약비용, 마약류 관리료 2. 입원환자 안전관리료 3. 식대 4. 정신요법료 5. 감염병의 확산 등에 따른 긴급한 사유로 보건복지부장관이 한시적으로 인정하는 항목에 대한 비용 [관련 근거] 「의료급여수가의 기준및 일반기준」 제9조(정신질환 수가 기준)",
의료급여,의료급여수급권자의 제1차 의료급여기관에서의 입원진료의 범위,47187,https://www.hira.or.kr/bbsDummy.do?pgmid=HIRAA010006011130&brdScnBltNo=4&brdBltNo=47187,의료급여수급권자의 경우 어떠한 경우에 제1차의료급여기관(의원급)에 입원할 수 있나요?,"제1차의료급여기관(의원급)에서는 아래와 같은 경우에 한하여 입원진료를 할 수 있도록 규정하고 있습니다. 1) 분만 및 수술을 동반하는 경우 2) 정신질환, 한센병환자의 치료, 골절로 인하여 입원치료가 불가피한 경우 3) 입원 진료중 의료급여수급권자로 자격이 변동된 경우 4) 말기암 환자에 대한 입원진료가 필요한 경우 [관련 근거] 의료급여수가의 기준 및 일반기준 제5조(입원진료 범위)",
비급여진료비,척추디스크 또는 척추협착증에 MRI 보험 적용 여부,47557,https://www.hira.or.kr/bbsDummy.do?pgmid=HIRAA010006011600&brdScnBltNo=4&brdBltNo=47557,허리가 아파 병원에 갔더니 의사가 MRI를 권유하여 찍었는데 척추디스크와 척추협착이 있다고 합니다. 비급여로 돈을 지불했는데 척추디스크와 협착증에는 MRI가 보험적용이 안되나요?,"- 자기공명영상진단(MRI)는 보험급여 인정기준에서 급여대상을 별도로 정하고, 급여기준을 초과하여 실시하는 경우는 비급여대상입니다. - 척추질환의 경우 급여대상으로 정한 척추, 척수, 척추주위의 악성종양 (전이성 포함) , 척추, 척수, 척추주위의 양성종양 등 척추, 척수, 척추주위의 질환이 있거나, 이를 의심하여 진료의가 임상적으로 의학적 필요성이 있다고 판단한 경우, 퇴행성 질환은 명백한 신경학적 이상 증상 및 진료 결과 이상 소견이 있어 그 결과를 기록한 경우, 타 진단장비 이용이 불가하여 MRI 촬영이 불가피한 경우(사구체여과율 60ml/min 이하의 신장기능 저하 환자로 조영제 사용이 불가능한 환자, 임산부) 보험급여가 되며 그 외 척추디스크, 척추협착증에는 비록 의사의 권유로 촬영했더라도 비급여대상입니다. [관련 근거] 보건복지부 고시 제2023-293호(2024.1.1.) ""척추 자기공명영상진단(MRI) 급여기준""",
비급여진료비,동일병원 동일항목의 비급여 진료비용 가격차이,47474,https://www.hira.or.kr/bbsDummy.do?pgmid=HIRAA010006011600&brdScnBltNo=4&brdBltNo=47474,동일병원 내 동일항목의 비급여 진료비용이 다를 수 있나요 ?,"동일병원 내 동일항목이어도 치료시간 , 부위 등의 차이가 있는 경우 , 진료비용 또한 달라질 수 있습니다 . 이와 관련 공개항목의 비급여 진료비용은 우리원 홈페이지 [ 비급여 진료비 정보 ] 에서 확인 할 수 있으며 , 각 항목의 자세한 내역을 확인하고자 하는 경우 , 검색결과의 [ 세부 ] 버튼을 이용하여 가격정보를 확인할 수 있습니다 . [관련 근거] 보건복지부 고시 제 2023-274 호 「 비급여 진료비용 등의 보고 및 공개에 관한 기준 」 (2023. 12. 27.)",
비급여진료비,비급여 진료비용 확인 방법,47473,https://www.hira.or.kr/bbsDummy.do?pgmid=HIRAA010006011600&brdScnBltNo=4&brdBltNo=47473,"도수치료 , 가다실 9 등과 같이 건강보험이 적용되지 않는 비급여 항목의 병원별 가격을 알고 싶은데 , 어디서 확인할 수 있나요 ?",비급여 항목의 가격은 해당 병원 홈페이지나 우리원 홈페이지 * 또는 모바일앱 ‘ 건강 e 음 ’ ** 를 통해 병원별로 확인할 수 있습니다 . 우리원은 국민이 의료기관 ( 병 · 의원 ) 을 선택할 때 참고할 수 있도록 보건복지부 장관이 정하는 공개항목 *** 의 비급여 진료비용을 조사 · 분석하여 공개하고 있습니다 . * 우리원 홈페이지 > 조회 · 신청 > 비급여진료비정보 ** ‘ 건강 e 음 ’ 앱 > 조회 · 신청 > 비급여진료비정보 *** [ 별표 1] 공개항목 ( 제 5 조제 1 항 관련 ) [관련 근거] 보건복지부 고시 제 2023-274 호 「 비급여 진료비용 등의 보고 및 공개에 관한 기준 」 (2023. 12. 27.),
비급여진료비,보험회사 제출용 소견서 발급비용,47398,https://www.hira.or.kr/bbsDummy.do?pgmid=HIRAA010006011600&brdScnBltNo=4&brdBltNo=47398,보험회사에서 보험금을 타기 위해서는 의사소견서를 발급받아 오라 합니다 . 소견서는 별도의 발급비용이 없는 것으로 알고 있는데 보험회사 제출용 소견서도 발급비용이 없나요 ?,"- 소 견서는 질병 · 부상 등으로 진료 중에 다른 의료기관으로 이송하는 경우 환자의 진료에 참고할 수 있도록 진료의사가 자신의 소견을 적은 것이며 , 이는 진료의 일환이므로 이에 대한 비용은 입원료에 포함되어 환자에게 별도로 부담시킬 수 없습니다 . - 이에 반하여 , 진단서는 의사가 진찰하거나 검사한 결과를 토대로 생명이나 건강의 상태를 증명하기 위하여 작성한 의학적인 판단 서로 , 비용은 보건복지부 고시 제 2021-034 호 (2021.2.5.) "" 의료기관의 제증명수수료 항목 및 금액에 관한 기준 "" 에 따라 환자가 부담토록 하고 있습니다 . - 한편 , 보험사 등이 요구하는 소견서의 경우 진료의 일환이라기 보다는 보험금 청구에 대한 증명등의 목적을 가지고 있으므로 의미적으로 일반진단서에 가까운 것으로 볼수 있고 , 「 의료기관의 제증명수수료 항목 및 금액에 관한 기준 」 제 5 조 3 항에 따라별도의 명칭 , 서식 및 내용 ( 구체적인 진료내역 , 향후치료 소견 등 ) 으로 작성되는 제증명서에 해당하여 발급비용은 의료기관에서 자체적으로 그 금액을 정하여 받을 수 있습니다 . - 따라서 , “ 보험회사제출용소견서 ” 발급비용은 환자가 부담해야합니다 . [관련 근거] 보건복지부 고시 제 2021-034 호 (2021.2.5.) "" 의료기관의 제증명수수료 항목 및 금액에 관한 기준 """,
비급여진료비,반월판연골손상 질환에 슬관절 MRI 보험급여 여부,47347,https://www.hira.or.kr/bbsDummy.do?pgmid=HIRAA010006011600&brdScnBltNo=4&brdBltNo=47347,무릎이 아파 병원에 갔더니 MRI를 찍어보자고 하여 찍었는데 반월판연골손상이라고 합니다. 반월판연골손상은 MRI가 보험 되나요?,"- 자기공명영상진단(MRI)는 보험급여 인정기준에서 급여대상을 별도로 정하고 있고, 급여기준을 초과하여 실시하는 경우는 비급여대상입니다. - 관절질환의 경우 외상으로 인한 급성 혈관절증, 골수염, 화농성 관절염, 관절 손상 및 인대 손상(탈구 포함)을 급여 적응증으로 정하고 있으며, 그 중 관절 손상 및 인대 손상의 경우는 무릎부위(반달연골, 무릎안의 유리체 등)만 해당되며 이 경우 급성만 해당된다고 명시하고 있습니다. - 아울러, 무릎관절 및 인대의 손상의 범주는 보건복지부 행정해석(보험급여과-2067호, 2010.10.1.시행)에 따라 무릎의 반달연골의 이상, 무릎안의 유리체, 무릎의 탈구, 반달연골의 손상, 무릎 인대의 손상 및 파괴 등이 해당되며 퇴행성 및 만성 손상은 해당되지 않습니다. - 따라서 퇴행성 또는 만성 손상으로 인한 반월판연골 손상에 실시한 무릎 MRI는 비급여대상입니다. [관련 근거] 보건복지부 고시 제2022-51호(2022.3.1.) ""자기공명영상진단(MRI)의 급여기준""",
비급여진료비,진단서 발급 시 진찰료 산정여부,47281,https://www.hira.or.kr/bbsDummy.do?pgmid=HIRAA010006011600&brdScnBltNo=4&brdBltNo=47281,진단서 발급을 목적으로 진료를 본 경우 진찰료가 산정되나요?,"- 진찰료는 기본진찰료와 외래관리료(진찰료에서 기본진찰료를 제외한 점수)의 소정점수를 합하여 산정하며 기본진찰료는 병원 관리 및 진찰권 발급 등, 외래관리료는 외래환자의 처방 등에 소요되는 비용을 포함하고 있습니다. -또한, 진단서는 의사가 진찰하거나 검사한 결과를 종합하여 생명이나 건강의 상태를 증명하기 위하여 작성한 의학적인 판단서로 「의료법 시행규칙」제9조에 의거 서식에 따라 병명, 향후 치료에 대한 소견 등을 적고 의사가 진단한 결과를 증명하기 위해 작성하는 것입니다. - 「국민건강보험 요양급여의 기준에 관한 규칙」제9조제1항 관련 [별표2] 비급여대상 제3호 사목에 따르면, 각종 증명서 발급을 목적으로 질병ㆍ부상의 진료를 직접 목적으로 하지 않는 경우 실시되는 행위는 비급여 대상으로 정하고 있습니다. - 또한, 「의료법」제45조의3에 따른 ""의료기관의 제증명수수료 항목 및 금액에 관한 기준"" (보건복지부 고시 제2021-34호, 2021.2.5.)에서 제증명수수료 항목, 기준 및 상한금액을 정하고 있으며, 동 기준 제2조에 따르면 ""제증명수수료 금액""은 진찰료 및 각종 검사료 등을 포함하지 않은 금액을 말합니다. ※ ""의료기관의 제증명수수료 항목 및 금액에 관한 기준""은 보건복지부 홈페이지( www.mohw.go.kr >정보>법령>훈령/예규/고시/지침 )에서 확인하실 수 있습니다. [관련 근거] -「의료법 시행규칙」제9조 - 보건복지부 고시 제2021-34호 「의료기관의 제증명수수료 항목 및 금액에 관한 기준」 -「국민건강보험법」제 41조 「국민건강보험 요양급여의 기준에 관한 규칙」제9조제1항 관련 [별표2]",
비급여진료비,체성분 검사가 비급여가 맞는지 문의드립니다.,47034,https://www.hira.or.kr/bbsDummy.do?pgmid=HIRAA010006011600&brdScnBltNo=4&brdBltNo=47034,간염으로 치료를 받고 있는데 체성분 검사비를 비급여로 지불하였습니다. 비급여가 정당한지 문의드립니다.,정밀체성분측정(Impedance)검사는 보건복지부 고시 제2002-69호에 의거 진찰료 또는 입원료의 소정점수에 포함되므로 별도 산정할 수 없는 행위로 진료비확인신청을 통해 비급여로 지불한 체성분검사 비용은 환불 받으실 수 있음을 알려드립니다. [관련 근거] 보건복지부 고시 제2002-69호,
비급여진료비,급여와 비급여 차이 문의,47006,https://www.hira.or.kr/bbsDummy.do?pgmid=HIRAA010006011600&brdScnBltNo=4&brdBltNo=47006,급여와 비급여의 차이가 무엇인가요?,"- 일반적으로 건강보험 혜택이 적용되는 진료항목을 급여, 그렇지 않은 항목을 비급여라고 합니다. 비급여 항목을 예로 들면 시력교정술(라식, 라섹), 치과보철료(골드크라운-금니), 도수치료, 일반진단서 등이 있습니다. 또한, 건강보험 급여항목이지만 급여기준에 따라 비급여로 적용되고 있는 초음파 검사료, MRI 진단료, 보조생식술 등이 해당됩니다. 이러한 비급여 항목은 의료기관이 자체적으로 금액을 정하여 병원 마다 금액의 차이가 있으며, 비용의 전액을 환자가 부담합니다. [관련 근거] - 「국민건강보험법」제41조 요양급여 - 「국민건강보험 요양급여의 기준에 관한 규칙」제9조 [별표 2] 비급여대상",
비급여진료비,귀가시 소지한 체온계가 비급여가 정당한지 문의 드립니다.,46770,https://www.hira.or.kr/bbsDummy.do?pgmid=HIRAA010006011600&brdScnBltNo=4&brdBltNo=46770,"입원시 체온계가 제공되어 소지하고 왔는데, 요청하지 않은 체온계를 비급여로 받을 수 있는지 문의드립니다.","체온계는 보건복지부 고시 제2000-73호(치료재료) “체온계 사용료는 입원료에 포함되어 있으므로 별도로 환자에게 부담시킬 수 없으나, 본인이 파손하거나 귀가시 휴대하여 갈 경우에는 그 실비를 본인에게 부담시킬 수 있음”에 의거 귀가시 소지한 체온계는 비급여가 타당함을 알려 드립니다. [관련 근거] 보건복지부 고시 제2000-73호(치료재료)",
비급여진료비,무좀에 레이저 치료비용 보험적용 여부,46769,https://www.hira.or.kr/bbsDummy.do?pgmid=HIRAA010006011600&brdScnBltNo=4&brdBltNo=46769,무좀으로 레이저 치료를 받았습니다. 질병인데 레이저비용이 보험 적용 되지 않아 문의 드립니다.,고객님이 문의하신 치료는 SZ035 레이저를 이용한 손발톱 진균증 치료로 「건강보험 행위 급여·비급여 목록표 및 급여 상대가치점수」제1편 제3부 [행위비급여목록]에서 2016. 9. 1.부터 비급여 항목에 해당됨을 알려드립니다. [관련 근거] 「건강보험 행위 급여·비급여 목록표 및 급여 상대가치점수」 제1편 제3부 [행위비급여목록],
비급여진료비,진료비확인요청 범위,46760,https://www.hira.or.kr/bbsDummy.do?pgmid=HIRAA010006011600&brdScnBltNo=4&brdBltNo=46760,"병원진료 후 비용을 제대로 지불했는지 알고 싶어 진료비확인요청을 하려는데, 확인범위가 어디까지인지 알고 싶습니다.",- 국민건강보험법령에 의한 요양급여 대상여부의 확인 업무는 가입자나 피부양자가 본인일부부담금 외에 부담한 비용이 요양급여 대상에서 제외되는 비용인지 여부에 대한 심사입니다. - 따라서 요양급여로 적용되지 아니한 전액본인부담 및 비급여진료비가 확인대상입니다. [관련 근거] 국민건강보험법 제48조(요양급여 대상 여부의 확인 등),
