rank,term,frequency,category,length,tier
1,요양기관,1115,의료기기,4,Tier1_초고빈도
2,상대가치점수,834,기타의료용어,6,Tier1_초고빈도
3,진료심사평가,554,기타의료용어,6,Tier1_초고빈도
4,의료기관,512,의료기기,4,Tier1_초고빈도
5,수가산정방법,498,기타의료용어,6,Tier1_초고빈도
6,건강보험심사평가,436,기타의료용어,8,Tier1_초고빈도
7,참고하시기,432,의료기기,5,Tier1_초고빈도
8,조혈모세포,429,해부및생리,5,Tier1_초고빈도
9,상급종합병,335,질병및증후군,5,Tier1_초고빈도
10,신의료기술,297,수술및시술,5,Tier1_초고빈도
11,신의료기,293,의료기기,4,Tier1_초고빈도
12,정밀면역검사,265,검사및진단,6,Tier1_초고빈도
13,솔리리스,207,기타의료용어,4,Tier1_초고빈도
14,스핀라자,197,기타의료용어,4,Tier1_초고빈도
15,Eculizumab,196,생물학적제제,10,Tier1_초고빈도
16,심율동전환제세동기,193,의료기기,9,Tier1_초고빈도
17,의료급여기,189,의료기기,5,Tier1_초고빈도
18,처방별적응증,168,기타의료용어,6,Tier1_초고빈도
19,의료급여기관,158,의료기기,6,Tier1_초고빈도
20,코로나바이러스감염증,157,질병및증후군,10,Tier1_초고빈도
21,임상진료지침,153,기타의료용어,6,Tier1_초고빈도
22,제세동기,151,의료기기,4,Tier1_초고빈도
23,희귀난치성질환,150,질병및증후군,7,Tier1_초고빈도
24,척추고정술,145,수술및시술,5,Tier1_초고빈도
25,신경차단술,138,수술및시술,5,Tier1_초고빈도
26,Ravulizumab,128,생물학적제제,11,Tier1_초고빈도
27,울토미리스,128,기타의료용어,5,Tier1_초고빈도
28,추간판제거술,128,수술및시술,6,Tier1_초고빈도
29,면역관용요법,123,수술및시술,6,Tier1_초고빈도
30,인정하기,116,의료기기,4,Tier1_초고빈도
31,국민안심병,113,질병및증후군,5,Tier1_초고빈도
32,요양급여의적용기,112,의료기기,8,Tier1_초고빈도
33,요양급여기,111,의료기기,5,Tier1_초고빈도
34,요양급여의적용기준및방법,106,의료기기,12,Tier1_초고빈도
35,요양급여기준,104,의료기기,6,Tier1_초고빈도
36,인공관절치환술,104,수술및시술,7,Tier1_초고빈도
37,요양급여의적용기준및방법에관,104,의료기기,14,Tier1_초고빈도
38,항암화학요법,102,수술및시술,6,Tier1_초고빈도
39,자기공명영상진단,102,의료기기,8,Tier1_초고빈도
40,지역심사평가,101,기타의료용어,6,Tier1_초고빈도
41,고주파절제술,100,수술및시술,6,Tier1_초고빈도
42,실시기관,98,의료기기,4,Tier1_초고빈도
43,심장재동기,97,의료기기,5,Tier1_초고빈도
44,보건복지부장관,93,기타의료용어,7,Tier1_초고빈도
45,진료기관,87,의료기기,4,Tier1_초고빈도
46,국민건강보험요양급여의기,86,의료기기,12,Tier1_초고빈도
47,국민건강보험요양급여의기준,86,의료기기,13,Tier1_초고빈도
48,심율동전환제세동기거치술,86,수술및시술,12,Tier1_초고빈도
49,정신보건,85,기타의료용어,4,Tier1_초고빈도
50,대상기관,84,의료기기,4,Tier1_초고빈도
51,뇌혈관질환,84,질병및증후군,5,Tier1_초고빈도
52,국민건강보험요양급여의기준에관,84,의료기기,15,Tier1_초고빈도
53,Heart Disease,83,영문의학용어,13,Tier1_초고빈도
54,추간판장애,82,질병및증후군,5,Tier1_초고빈도
55,임상전기,79,의료기기,4,Tier1_초고빈도
56,양전자방출단층촬영,78,기타의료용어,9,Tier1_초고빈도
57,응급의료기,78,의료기기,5,Tier1_초고빈도
58,졸겐스마,78,기타의료용어,4,Tier1_초고빈도
59,응급의료기관,77,의료기기,6,Tier1_초고빈도
60,임상전기생리학적검사,76,의료기기,10,Tier1_초고빈도
61,차의료급여기,76,의료기기,6,Tier1_초고빈도
62,차의료급여기관,76,의료기기,7,Tier1_초고빈도
63,세부인정기,75,의료기기,5,Tier1_초고빈도
64,세부인정기준,75,의료기기,6,Tier1_초고빈도
65,만성신부전,74,질병및증후군,5,Tier1_초고빈도
66,보호기관,71,의료기기,4,Tier1_초고빈도
67,신경뿌리병증,71,질병및증후군,6,Tier1_초고빈도
68,염기서열분석,70,의료기기,6,Tier1_초고빈도
69,선택의료급여기관,69,해부및생리,8,Tier1_초고빈도
70,응급의료관,68,기타의료용어,5,Tier1_초고빈도
71,선택의료급여기,68,해부및생리,7,Tier1_초고빈도
72,차진료기,68,의료기기,4,Tier1_초고빈도
73,차진료기관,68,의료기기,5,Tier1_초고빈도
74,심사사례지침,68,기타의료용어,6,Tier1_초고빈도
75,척추후궁절제술,66,수술및시술,7,Tier1_초고빈도
76,상부소화관,64,기타의료용어,5,Tier1_초고빈도
77,Infliximab,63,생물학적제제,10,Tier1_초고빈도
78,보조생식술,63,수술및시술,5,Tier1_초고빈도
79,확인하기,62,의료기기,4,Tier1_초고빈도
80,알레르기,60,의료기기,4,Tier1_초고빈도
81,뇌정위적방사선,57,해부및생리,7,Tier1_초고빈도
82,인공호흡기,56,의료기기,5,Tier1_초고빈도
83,에브리스디건,55,기타의료용어,6,Tier1_초고빈도
84,에브리스디건조시럽,55,기타의료용어,9,Tier1_초고빈도
85,감염예방관,54,기타의료용어,5,Tier1_초고빈도
86,뇌정위적방사선수술,54,수술및시술,9,Tier1_초고빈도
87,정신의료기관,54,의료기기,6,Tier1_초고빈도
88,정신의료기,54,의료기기,5,Tier1_초고빈도
89,전산화단층영상진단,54,기타의료용어,9,Tier1_초고빈도
90,보장기관,54,의료기기,4,Tier1_초고빈도
91,건강보험요양급여행위및그상대가치점수,54,기타의료용어,18,Tier1_초고빈도
92,의약품관,53,기타의료용어,4,Tier1_초고빈도
93,에브리스디건조,53,기타의료용어,7,Tier1_초고빈도
94,고정기기,52,의료기기,4,Tier1_초고빈도
95,경피적관상동맥,51,해부및생리,7,Tier1_초고빈도
96,경피적관,51,기타의료용어,4,Tier1_초고빈도
97,자궁내막,51,해부및생리,4,Tier1_초고빈도
98,견봉성형술,51,수술및시술,5,Tier1_초고빈도
99,신속항원검사,51,기타의료용어,6,Tier1_초고빈도
100,조직병리검사,50,해부및생리,6,Tier1_초고빈도
101,보건기관,50,의료기기,4,Tier1_초고빈도
102,한방물리요법,50,수술및시술,6,Tier1_초고빈도
103,안건진료기,50,의료기기,5,Tier1_초고빈도
104,신종인플루,49,기타의료용어,5,Tier2_고빈도
105,대동맥판막,49,해부및생리,5,Tier2_고빈도
106,혈관색전술,49,수술및시술,5,Tier2_고빈도
107,중증난치질환,48,질병및증후군,6,Tier2_고빈도
108,Burosumab,48,생물학적제제,9,Tier2_고빈도
109,혈전제거술,48,수술및시술,5,Tier2_고빈도
110,감염전문관,48,기타의료용어,5,Tier2_고빈도
111,말초혈관,47,해부및생리,4,Tier2_고빈도
112,부갑상선,47,해부및생리,4,Tier2_고빈도
113,크리스비타,47,기타의료용어,5,Tier2_고빈도
114,의료보호기,47,의료기기,5,Tier2_고빈도
115,Adalimumab,46,생물학적제제,10,Tier2_고빈도
116,Current Therapy,46,영문의학용어,15,Tier2_고빈도
117,류마티스관,46,기타의료용어,5,Tier2_고빈도
118,류마티스관절,46,해부및생리,6,Tier2_고빈도
119,류마티스관절염,46,해부및생리,7,Tier2_고빈도
120,만성신부전증,45,기타의료용어,6,Tier2_고빈도
121,직전분기,45,의료기기,4,Tier2_고빈도
122,급여상대가치점수,45,기타의료용어,8,Tier2_고빈도
123,호스피스전문기관,45,의료기기,8,Tier2_고빈도
124,호스피스전문기,45,의료기기,7,Tier2_고빈도
125,기타혈관,44,해부및생리,4,Tier2_고빈도
126,치아우식증,43,기타의료용어,5,Tier2_고빈도
127,실시간역전사중합효소,43,기타의료용어,10,Tier2_고빈도
128,풍선혈관,42,해부및생리,4,Tier2_고빈도
129,판단하기,42,의료기기,4,Tier2_고빈도
130,풍선혈관성형술,41,수술및시술,7,Tier2_고빈도
131,결정하기,41,의료기기,4,Tier2_고빈도
132,완화의료병,41,질병및증후군,5,Tier2_고빈도
133,사지골절정복술,41,수술및시술,7,Tier2_고빈도
134,치아홈메우기,41,의료기기,6,Tier2_고빈도
135,관상동맥조영,40,해부및생리,6,Tier2_고빈도
136,의료기기,38,의료기기,4,Tier2_고빈도
137,두개골조기,38,의료기기,5,Tier2_고빈도
138,심박기거치술,38,수술및시술,6,Tier2_고빈도
139,세부산정기,38,의료기기,5,Tier2_고빈도
140,세부산정기준,38,의료기기,6,Tier2_고빈도
141,병리조직검사,38,해부및생리,6,Tier2_고빈도
142,회신하였기,38,의료기기,5,Tier2_고빈도
143,한국표준질병,37,질병및증후군,6,Tier2_고빈도
144,이루어지지,37,기타의료용어,5,Tier2_고빈도
145,파열복원술,37,수술및시술,5,Tier2_고빈도
146,혈관조영술,36,수술및시술,5,Tier2_고빈도
147,갑상선기,36,해부및생리,4,Tier2_고빈도
148,치면열구전색술,36,수술및시술,7,Tier2_고빈도
149,대동맥판막성형술,36,수술및시술,8,Tier2_고빈도
150,심폐소생술,35,수술및시술,5,Tier2_고빈도
151,정신건강증,35,기타의료용어,5,Tier2_고빈도
152,시행하기,35,의료기기,4,Tier2_고빈도
153,침전기자극술,35,수술및시술,6,Tier2_고빈도
154,고지질혈증,35,기타의료용어,5,Tier2_고빈도
155,혈색소뇨증,34,기타의료용어,5,Tier2_고빈도
156,체외순환막,34,해부및생리,5,Tier2_고빈도
157,신경전도검사,34,해부및생리,6,Tier2_고빈도
158,잠복결핵감염,34,기타의료용어,6,Tier2_고빈도
159,뇌하수체종,34,질병및증후군,5,Tier2_고빈도
160,관상동맥조영술,34,수술및시술,7,Tier2_고빈도
161,중앙메르스관,34,기타의료용어,6,Tier2_고빈도
162,전전분기,33,의료기기,4,Tier2_고빈도
163,해당기관,33,의료기기,4,Tier2_고빈도
164,형간염항체,33,기타의료용어,5,Tier2_고빈도
165,만성폐쇄성폐질환,33,질병및증후군,8,Tier2_고빈도
166,인공와우이식술,33,수술및시술,7,Tier2_고빈도
167,체외충격파쇄석술,33,수술및시술,8,Tier2_고빈도
168,유리체절제술,33,수술및시술,6,Tier2_고빈도
169,관혈적정복술,33,수술및시술,6,Tier2_고빈도
170,교합조정술,33,수술및시술,5,Tier2_고빈도
171,혈관성형술,33,수술및시술,5,Tier2_고빈도
172,유방전절제술,33,수술및시술,6,Tier2_고빈도
173,화학발광면역분석,33,검사및진단,8,Tier2_고빈도
174,등급간호관,33,기타의료용어,5,Tier2_고빈도
175,신경인지기능검사,32,해부및생리,8,Tier2_고빈도
176,신경인지기,32,해부및생리,5,Tier2_고빈도
177,선형가속기,32,해부및생리,5,Tier2_고빈도
178,지역응급의료기관,32,의료기기,8,Tier2_고빈도
179,지역응급의료기,32,의료기기,7,Tier2_고빈도
180,방지하기,32,의료기기,4,Tier2_고빈도
181,간세포암종,32,질병및증후군,5,Tier2_고빈도
182,도인운동요법,32,수술및시술,6,Tier2_고빈도
183,Current Medical Diagnosis,31,영문의학용어,25,Tier2_고빈도
184,혈장교환술,31,수술및시술,5,Tier2_고빈도
185,국소피판술,31,수술및시술,5,Tier2_고빈도
186,냉각절제술,31,수술및시술,5,Tier2_고빈도
187,근적외선,31,해부및생리,4,Tier2_고빈도
188,전산화단층촬영,31,기타의료용어,7,Tier2_고빈도
189,파형변이지수,31,측정값지표,6,Tier2_고빈도
190,온냉경락요법,31,수술및시술,6,Tier2_고빈도
191,의료보장증,31,기타의료용어,5,Tier2_고빈도
192,평가하기,30,의료기기,4,Tier2_고빈도
193,Golimumab,30,생물학적제제,9,Tier2_고빈도
194,심근경색증,30,기타의료용어,5,Tier2_고빈도
195,이중중합효소,30,기타의료용어,6,Tier2_고빈도
196,무탐침정위기,30,의료기기,6,Tier2_고빈도
197,장기요양기관,30,의료기기,6,Tier2_고빈도
198,장기요양기,30,의료기기,5,Tier2_고빈도
199,박리절제술,30,수술및시술,5,Tier2_고빈도
200,돌연변이검사,30,기타의료용어,6,Tier2_고빈도
201,추간판탈출증,29,기타의료용어,6,Tier2_고빈도
202,신의료기술평가,29,의료기기,7,Tier2_고빈도
203,자궁경관,29,기타의료용어,4,Tier2_고빈도
204,담낭절제술,29,수술및시술,5,Tier2_고빈도
205,요실금수술,29,수술및시술,5,Tier2_고빈도
206,동종조혈모세포,28,해부및생리,7,Tier2_고빈도
207,관상동맥질환,28,질병및증후군,6,Tier2_고빈도
208,사지관절절제술,28,수술및시술,7,Tier2_고빈도
209,완화의료전문기,28,의료기기,7,Tier2_고빈도
210,완화의료전문기관,28,의료기기,8,Tier2_고빈도
211,협약의료기관,28,의료기기,6,Tier2_고빈도
212,협약의료기,28,의료기기,5,Tier2_고빈도
213,자궁경부암,28,질병및증후군,5,Tier2_고빈도
214,Octreotide,28,기타의료용어,10,Tier2_고빈도
215,양전자단층촬영,28,기타의료용어,7,Tier2_고빈도
216,경추간판장애,28,질병및증후군,6,Tier2_고빈도
217,Tocilizumab,27,생물학적제제,11,Tier2_고빈도
218,Rituximab,27,생물학적제제,9,Tier2_고빈도
219,강직성척추염,27,기타의료용어,6,Tier2_고빈도
220,자동봉합기,27,의료기기,5,Tier2_고빈도
221,Rosuvastatin,27,생물학적제제,12,Tier2_고빈도
222,척추전방전위증,27,기타의료용어,7,Tier2_고빈도
223,예방하기,27,의료기기,4,Tier2_고빈도
224,호스피스병,27,질병및증후군,5,Tier2_고빈도
225,간섭파전류,27,기타의료용어,5,Tier2_고빈도
226,유방재건,27,기타의료용어,4,Tier2_고빈도
227,인공수정체,27,의료기기,5,Tier2_고빈도
228,치료적성분채집술,27,수술및시술,8,Tier2_고빈도
229,자가조혈모세포,27,해부및생리,7,Tier2_고빈도
230,진료확인번호,27,기타의료용어,6,Tier2_고빈도
231,시행시기,27,의료기기,4,Tier2_고빈도
232,산하기관,27,의료기기,4,Tier2_고빈도
233,의료보호진료기,27,의료기기,7,Tier2_고빈도
234,의료보호진료기관,27,의료기기,8,Tier2_고빈도
235,폐동맥고혈압,26,해부및생리,6,Tier2_고빈도
236,Upadacitinib,26,생물학적제제,12,Tier2_고빈도
237,체외순환막형산화요법,26,수술및시술,10,Tier2_고빈도
238,근로조건,26,기타의료용어,4,Tier2_고빈도
239,뇌기저부수술,26,수술및시술,6,Tier2_고빈도
240,대중증질환,26,질병및증후군,5,Tier2_고빈도
241,없으시기,26,의료기기,4,Tier2_고빈도
242,척추수핵용해술,25,수술및시술,7,Tier2_고빈도
243,중재적시술,25,수술및시술,5,Tier2_고빈도
244,방사선수술,25,수술및시술,5,Tier2_고빈도
245,세기변조방사선,25,해부및생리,7,Tier2_고빈도
246,유양동절제술,25,수술및시술,6,Tier2_고빈도
247,진료수가기준,25,의료기기,6,Tier2_고빈도
248,진료수가기,25,의료기기,5,Tier2_고빈도
249,Tofacitinib,24,생물학적제제,11,Tier2_고빈도
250,피부광화학요법,24,수술및시술,7,Tier2_고빈도
251,레미케이드,24,기타의료용어,5,Tier2_고빈도
252,적용분기,24,의료기기,4,Tier2_고빈도
253,Cardiac Resynchronization Therapy,24,영문의학용어,33,Tier2_고빈도
254,경피적관상동맥중재술,24,수술및시술,10,Tier2_고빈도
255,경부혈관,24,해부및생리,4,Tier2_고빈도
256,적용시기,24,의료기기,4,Tier2_고빈도
257,피판작성술,24,수술및시술,5,Tier2_고빈도
258,척추경나사,24,기타의료용어,5,Tier2_고빈도
259,연부조직종,24,질병및증후군,5,Tier2_고빈도
260,Liver Disease,24,영문의학용어,13,Tier2_고빈도
261,안검하수증,24,기타의료용어,5,Tier2_고빈도
262,조건부승인,24,기타의료용어,5,Tier2_고빈도
263,촬영한 MRI,24,기타의료용어,7,Tier2_고빈도
264,결정신청관,24,기타의료용어,5,Tier2_고빈도
265,무릎관절증,24,해부및생리,5,Tier2_고빈도
266,스텐트삽입술,23,수술및시술,6,Tier2_고빈도
267,경피경간담즙배액술,23,수술및시술,9,Tier2_고빈도
268,유방절제술,23,수술및시술,5,Tier2_고빈도
269,뇌전증수술,23,수술및시술,5,Tier2_고빈도
270,산정요건,23,기타의료용어,4,Tier2_고빈도
271,신경절차단술,23,수술및시술,6,Tier2_고빈도
272,한국표준질병사인분류,23,기타의료용어,10,Tier2_고빈도
273,연부조직종양적출술,23,수술및시술,9,Tier2_고빈도
274,염기서열검사,23,의료기기,6,Tier2_고빈도
275,최소화하기,23,의료기기,5,Tier2_고빈도
276,종합전문요양기,23,의료기기,7,Tier2_고빈도
277,종합전문요양기관,23,의료기기,8,Tier2_고빈도
278,약제감수성검사,23,기타의료용어,7,Tier2_고빈도
279,말단거대증,23,기타의료용어,5,Tier2_고빈도
280,두개골조기봉합교정수술,23,수술및시술,11,Tier2_고빈도
281,폐쐐기절제술,22,수술및시술,6,Tier2_고빈도
282,급성심근경색증,22,기타의료용어,7,Tier2_고빈도
283,신종감염병증후군,22,질병및증후군,8,Tier2_고빈도
284,신종감염병증,22,질병및증후군,6,Tier2_고빈도
285,다발성경화증,22,기타의료용어,6,Tier2_고빈도
286,럭스터나,22,기타의료용어,4,Tier2_고빈도
287,진단하기,22,의료기기,4,Tier2_고빈도
288,재활저출력레이저,22,기타의료용어,8,Tier2_고빈도
289,치근단절제술,22,수술및시술,6,Tier2_고빈도
290,치은박리소파술,22,수술및시술,7,Tier2_고빈도
291,성분채집술,22,수술및시술,5,Tier2_고빈도
292,세포병리검사,22,해부및생리,6,Tier2_고빈도
293,중동호흡기증후군,22,질병및증후군,8,Tier2_고빈도
294,중동호흡기,22,의료기기,5,Tier2_고빈도
295,중동호흡기증,22,의료기기,6,Tier2_고빈도
296,미세혈관,22,해부및생리,4,Tier2_고빈도
297,Artificial Ear Cochlear Implant,22,영문의학용어,31,Tier2_고빈도
298,본인일부부담금산정특례에관,22,기타의료용어,13,Tier2_고빈도
299,투자법침술,22,수술및시술,5,Tier2_고빈도
300,MRI 세부산정기준,22,의료기기,10,Tier2_고빈도
301,식도역류병,22,질병및증후군,5,Tier2_고빈도
302,대한척추신경,22,해부및생리,6,Tier2_고빈도
303,비스테로이드항염,21,기타의료용어,8,Tier2_고빈도
304,Infectious Diseases,21,영문의학용어,19,Tier2_고빈도
305,치매척도검사,21,기타의료용어,6,Tier2_고빈도
306,Atorvastatin,21,생물학적제제,12,Tier2_고빈도
307,추간판전치환술,21,수술및시술,7,Tier2_고빈도
308,적용하기,21,의료기기,4,Tier2_고빈도
309,기대하기,21,의료기기,4,Tier2_고빈도
310,만성질환관,21,기타의료용어,5,Tier2_고빈도
311,후방고정술,21,수술및시술,5,Tier2_고빈도
312,폴립절제술,21,수술및시술,5,Tier2_고빈도
313,불규칙항체,21,기타의료용어,5,Tier2_고빈도
314,경피적외선,21,해부및생리,5,Tier2_고빈도
315,Ustekinumab,20,생물학적제제,11,Tier2_고빈도
316,노인장기,20,의료기기,4,Tier2_고빈도
317,치료하기,20,의료기기,4,Tier2_고빈도
318,전기수술기,20,의료기기,5,Tier2_고빈도
319,장기이식수술,20,수술및시술,6,Tier2_고빈도
320,관상동맥스텐트,20,해부및생리,7,Tier2_고빈도
321,단일혈관,20,해부및생리,4,Tier2_고빈도
322,스트렌식,20,기타의료용어,4,Tier2_고빈도
323,바이러스항체,20,기타의료용어,6,Tier2_고빈도
324,척수신경말초지차단술,20,수술및시술,10,Tier2_고빈도
325,창상봉합술,20,수술및시술,5,Tier2_고빈도
326,Sofosbuvir,20,기타의료용어,10,Tier2_고빈도
327,정맥혈전증,20,질병및증후군,5,Tier2_고빈도
328,말단비대증,20,기타의료용어,5,Tier2_고빈도
329,비중격교정술,20,수술및시술,6,Tier2_고빈도
330,의료급여기준,20,의료기기,6,Tier2_고빈도
331,Based Therapy,20,영문의학용어,13,Tier2_고빈도
332,건강보험기,20,의료기기,5,Tier2_고빈도
333,입원격리관,20,기타의료용어,5,Tier2_고빈도
334,사후점검기,20,의료기기,5,Tier2_고빈도
335,Baricitinib,19,생물학적제제,11,Tier3_중빈도
336,조직확장기,19,해부및생리,5,Tier3_중빈도
337,기관내삽관,19,의료기기,5,Tier3_중빈도
338,일측폐환기,19,의료기기,5,Tier3_중빈도
339,유지하기,19,의료기기,4,Tier3_중빈도
340,뇌동정맥기,19,해부및생리,5,Tier3_중빈도
341,갑상선수술,19,수술및시술,5,Tier3_중빈도
342,신경이식술,19,수술및시술,5,Tier3_중빈도
343,안근기능검사,19,의료기기,6,Tier3_중빈도
344,신청기관,19,의료기기,4,Tier3_중빈도
345,해당분기,19,의료기기,4,Tier3_중빈도
346,차세대염기서열분석,19,의료기기,9,Tier3_중빈도
347,악성림프종,19,질병및증후군,5,Tier3_중빈도
348,자궁내장치,19,의료기기,5,Tier3_중빈도
349,유방재건술,19,수술및시술,5,Tier3_중빈도
350,갑상선관련항체,19,해부및생리,7,Tier3_중빈도
351,갑상선관,19,해부및생리,4,Tier3_중빈도
352,척추 MRI,19,기타의료용어,6,Tier3_중빈도
353,신규개설기,19,의료기기,5,Tier3_중빈도
354,신규개설기관,19,의료기기,6,Tier3_중빈도
355,건강보험기준,19,의료기기,6,Tier3_중빈도
356,제대혈조혈모세포,19,해부및생리,8,Tier3_중빈도
357,장관유착박리술,19,수술및시술,7,Tier3_중빈도
358,급여요건,19,기타의료용어,4,Tier3_중빈도
359,경피적외선조사요법,19,수술및시술,9,Tier3_중빈도
360,회전근개파열,19,기타의료용어,6,Tier3_중빈도
361,Implantable Cardioverter,19,영문의학용어,24,Tier3_중빈도
362,혈소판감소증,18,기타의료용어,6,Tier3_중빈도
363,자가면역질환,18,질병및증후군,6,Tier3_중빈도
364,소화기관,18,의료기기,4,Tier3_중빈도
365,대한진단검사,18,검사및진단,6,Tier3_중빈도
366,뇌동맥류수술,18,수술및시술,6,Tier3_중빈도
367,단일광자전산화단층촬영,18,기타의료용어,11,Tier3_중빈도
368,차세대염기,18,의료기기,5,Tier3_중빈도
369,비소세포폐암,18,질병및증후군,6,Tier3_중빈도
370,지각과민처치,18,수술및시술,6,Tier3_중빈도
371,종양제거술,18,수술및시술,5,Tier3_중빈도
372,안구내삽관,18,기타의료용어,5,Tier3_중빈도
373,안구내삽관레이저,18,기타의료용어,8,Tier3_중빈도
374,치주소파술,18,수술및시술,5,Tier3_중빈도
375,급여인정기,18,의료기기,5,Tier3_중빈도
376,급여인정기준,18,의료기기,6,Tier3_중빈도
377,중합효소연쇄반응검사,18,기타의료용어,10,Tier3_중빈도
378,진료수가산정방법,18,기타의료용어,8,Tier3_중빈도
379,본인일부부담금산정특례에관한기준,18,의료기기,16,Tier3_중빈도
380,본인일부부담금산정특례에관한기,18,의료기기,15,Tier3_중빈도
381,착오없으시기,18,의료기기,6,Tier3_중빈도
382,회전근개파열복원술,18,수술및시술,9,Tier3_중빈도
383,두개골성형술,18,수술및시술,6,Tier3_중빈도
384,입원료심사사례지침,18,기타의료용어,9,Tier3_중빈도
385,부신피질호르몬,17,기타의료용어,7,Tier3_중빈도
386,Secukinumab,17,생물학적제제,11,Tier3_중빈도
387,Ixekizumab,17,생물학적제제,10,Tier3_중빈도
388,수탁기관,17,의료기기,4,Tier3_중빈도
389,인공심폐기,17,의료기기,5,Tier3_중빈도
390,소화성궤양,17,기타의료용어,5,Tier3_중빈도
391,척추수핵흡인술,17,수술및시술,7,Tier3_중빈도
392,척추후굴풍선복원술,17,수술및시술,9,Tier3_중빈도
393,척추후굴풍선,17,해부및생리,6,Tier3_중빈도
394,MRI 촬영이,17,기타의료용어,7,Tier3_중빈도
395,좌전하행동맥,17,해부및생리,6,Tier3_중빈도
396,마이크로어레이검사,17,기타의료용어,9,Tier3_중빈도
397,인공심폐순환,17,의료기기,6,Tier3_중빈도
398,여성생식기,17,의료기기,5,Tier3_중빈도
399,반월상연골,17,해부및생리,5,Tier3_중빈도
400,신경자극기,17,해부및생리,5,Tier3_중빈도
401,산정기관,17,의료기기,4,Tier3_중빈도
402,예측하기,17,의료기기,4,Tier3_중빈도
403,치과대학부속치과병,17,질병및증후군,9,Tier3_중빈도
404,이온삼투요법,17,수술및시술,6,Tier3_중빈도
405,치근활택술,17,수술및시술,5,Tier3_중빈도
406,유트로핀,17,기타의료용어,4,Tier3_중빈도
407,각막생체염,17,해부및생리,5,Tier3_중빈도
408,산도스타틴라르,17,기타의료용어,7,Tier3_중빈도
409,요양기관종,17,질병및증후군,5,Tier3_중빈도
410,천수신경조절술,17,수술및시술,7,Tier3_중빈도
411,희귀난치질환,17,질병및증후군,6,Tier3_중빈도
412,일반의료체,17,기타의료용어,5,Tier3_중빈도
413,일반의료체계,17,기타의료용어,6,Tier3_중빈도
414,국민보건,17,기타의료용어,4,Tier3_중빈도
415,보험급여기,17,의료기기,5,Tier3_중빈도
416,갑상선전절제술,17,수술및시술,7,Tier3_중빈도
417,Filgotinib,16,생물학적제제,10,Tier3_중빈도
418,Disease Activity Score,16,영문의학용어,22,Tier3_중빈도
419,Vedolizumab,16,생물학적제제,11,Tier3_중빈도
420,Current Diagnosis,16,영문의학용어,17,Tier3_중빈도
421,혈전용해술,16,수술및시술,5,Tier3_중빈도
422,폐엽절제술,16,수술및시술,5,Tier3_중빈도
423,약물방출풍선,16,해부및생리,6,Tier3_중빈도
424,약물방출풍선카테터,16,해부및생리,9,Tier3_중빈도
425,간이정신진단검사,16,검사및진단,8,Tier3_중빈도
426,피부이식술,16,수술및시술,5,Tier3_중빈도
427,내시경하추간판,16,기타의료용어,7,Tier3_중빈도
428,내시경하추간판제거술,16,수술및시술,10,Tier3_중빈도
429,직장수지검사,16,기타의료용어,6,Tier3_중빈도
430,관상동맥스텐트삽입술,16,수술및시술,10,Tier3_중빈도
431,압력측정술,16,수술및시술,5,Tier3_중빈도
432,남성생식기,16,의료기기,5,Tier3_중빈도
433,의무고용비율,16,측정값지표,6,Tier3_중빈도
434,인조혈관,16,해부및생리,4,Tier3_중빈도
435,반흔구축성형술,16,수술및시술,7,Tier3_중빈도
436,체외금속고정술,16,수술및시술,7,Tier3_중빈도
437,수가분류번호,16,기타의료용어,6,Tier3_중빈도
438,조직면역형광현미경검사,16,검사및진단,11,Tier3_중빈도
439,피부혈행조영술,16,수술및시술,7,Tier3_중빈도
440,피부혈행조영,16,기타의료용어,6,Tier3_중빈도
441,망막박리수술,16,수술및시술,6,Tier3_중빈도
442,망막열공냉동,16,해부및생리,6,Tier3_중빈도
443,망막열공냉동응고술,16,수술및시술,9,Tier3_중빈도
444,에스장절제술,16,수술및시술,6,Tier3_중빈도
445,미주신경자극기,16,해부및생리,7,Tier3_중빈도
446,상행대동맥,16,해부및생리,5,Tier3_중빈도
447,뇌유발전위검사,16,기타의료용어,7,Tier3_중빈도
448,척수신경자극기,16,해부및생리,7,Tier3_중빈도
449,응고기능기,16,의료기기,5,Tier3_중빈도
450,경부림프절청소술,16,수술및시술,8,Tier3_중빈도
451,유두괄약근절개술,16,수술및시술,8,Tier3_중빈도
452,기능적전기,16,의료기기,5,Tier3_중빈도
453,수가적용방법,16,기타의료용어,6,Tier3_중빈도
454,해부병리조직검사,16,해부및생리,8,Tier3_중빈도
455,해부병리조직,16,해부및생리,6,Tier3_중빈도
456,입원환자간호관,16,기타의료용어,7,Tier3_중빈도
457,신경성형술,16,수술및시술,5,Tier3_중빈도
458,신종코로나바이러스감염증,16,질병및증후군,12,Tier3_중빈도
459,의료행위전문평가,16,기타의료용어,8,Tier3_중빈도
460,의료수가의기준및일반기,16,의료기기,11,Tier3_중빈도
461,의료수가의기준및일반기준,16,의료기기,12,Tier3_중빈도
462,림프절절제술,16,수술및시술,6,Tier3_중빈도
463,순음청력검사,16,기타의료용어,6,Tier3_중빈도
464,젠자임파브라자임,16,기타의료용어,8,Tier3_중빈도
465,궤양성대장염,15,기타의료용어,6,Tier3_중빈도
466,Risankizumab,15,생물학적제제,12,Tier3_중빈도
467,Guselkumab,15,생물학적제제,10,Tier3_중빈도
468,중심정맥관,15,해부및생리,5,Tier3_중빈도
469,Deucravacitinib,15,생물학적제제,15,Tier3_중빈도
470,사용하기,15,의료기기,4,Tier3_중빈도
471,위식도역류,15,기타의료용어,5,Tier3_중빈도
472,외모개선,15,해부및생리,4,Tier3_중빈도
473,관상동맥중재술,15,수술및시술,7,Tier3_중빈도
474,자궁내막증,15,해부및생리,5,Tier3_중빈도
475,부정맥고주파절제술,15,수술및시술,9,Tier3_중빈도
476,부정맥고주파,15,해부및생리,6,Tier3_중빈도
477,정자주입술,15,수술및시술,5,Tier3_중빈도
478,세포표지검사,15,해부및생리,6,Tier3_중빈도
479,경도인지장애,15,질병및증후군,6,Tier3_중빈도
480,핵의학영상진단,15,기타의료용어,7,Tier3_중빈도
481,혈액응고장애,15,질병및증후군,6,Tier3_중빈도
482,MRI 촬영,15,기타의료용어,6,Tier3_중빈도
483,방사선특수영상진단,15,해부및생리,9,Tier3_중빈도
484,다음분기,15,의료기기,4,Tier3_중빈도
485,측로조성술,15,수술및시술,5,Tier3_중빈도
486,감소시키기,15,의료기기,5,Tier3_중빈도
487,십자인대성형술,15,수술및시술,7,Tier3_중빈도
488,잠간고정술,15,수술및시술,5,Tier3_중빈도
489,Tenofovir,15,기타의료용어,9,Tier3_중빈도
490,갑상선기능저하증,15,해부및생리,8,Tier3_중빈도
491,인공관절재치환술,15,수술및시술,8,Tier3_중빈도
492,금속제거술,15,수술및시술,5,Tier3_중빈도
493,기관지경검사,15,의료기기,6,Tier3_중빈도
494,점막절제술,15,수술및시술,5,Tier3_중빈도
495,요류역학검사,15,기타의료용어,6,Tier3_중빈도
496,세극등현미경검사,15,기타의료용어,8,Tier3_중빈도
497,결석제거술,15,수술및시술,5,Tier3_중빈도
498,조혈모세포이식술,15,수술및시술,8,Tier3_중빈도
499,Neck Surgery,15,영문의학용어,12,Tier3_중빈도
500,개설기관,15,의료기기,4,Tier3_중빈도
501,경피적관상동맥확장술,15,수술및시술,10,Tier3_중빈도
502,액상흡인세포,15,해부및생리,6,Tier3_중빈도
503,유양동폐쇄술,15,수술및시술,6,Tier3_중빈도
504,인공신장투석,15,수술및시술,6,Tier3_중빈도
505,대장세척기,15,의료기기,5,Tier3_중빈도
506,제한효소분석,15,기타의료용어,6,Tier3_중빈도
507,긴급사용승인,15,기타의료용어,6,Tier3_중빈도
508,중환자실격리관,15,기타의료용어,7,Tier3_중빈도
509,게재하였기,15,의료기기,5,Tier3_중빈도
510,시행한 MRI,15,기타의료용어,7,Tier3_중빈도
511,선행화학요법,15,수술및시술,6,Tier3_중빈도
512,의료보험요양급여기,15,의료기기,9,Tier3_중빈도
513,의료보험요양급여기준,15,의료기기,10,Tier3_중빈도
514,경피적관상동맥스텐트,15,해부및생리,10,Tier3_중빈도
515,경피적관상동맥스텐트삽입술,15,수술및시술,13,Tier3_중빈도
516,식도악성종,15,질병및증후군,5,Tier3_중빈도
517,식도악성종양근치수술,15,수술및시술,10,Tier3_중빈도
518,Bimekizumab,14,생물학적제제,11,Tier3_중빈도
519,빔젤릭스오토인젝터,14,기타의료용어,9,Tier3_중빈도
520,수면다원검사,14,기타의료용어,6,Tier3_중빈도
521,자궁부속기,14,의료기기,5,Tier3_중빈도
522,아리셉트,14,기타의료용어,4,Tier3_중빈도
523,혈전색전증,14,질병및증후군,5,Tier3_중빈도
524,척추관협착증,14,질병및증후군,6,Tier3_중빈도
525,심실조기,14,의료기기,4,Tier3_중빈도
526,정관절제술,14,수술및시술,5,Tier3_중빈도
527,모자보건,14,기타의료용어,4,Tier3_중빈도
528,담석제거술,14,수술및시술,5,Tier3_중빈도
529,대한소화기,14,의료기기,5,Tier3_중빈도
530,제거하기,14,의료기기,4,Tier3_중빈도
531,의료기관평가,14,의료기기,6,Tier3_중빈도
532,의료기관평가인증,14,의료기기,8,Tier3_중빈도
533,조건부인증,14,기타의료용어,5,Tier3_중빈도
534,고실성형술,14,수술및시술,5,Tier3_중빈도
535,수면무호흡증,14,기타의료용어,6,Tier3_중빈도
536,신속동정검사,14,기타의료용어,6,Tier3_중빈도
537,실시간중합효소,14,기타의료용어,7,Tier3_중빈도
538,자가골연골,14,해부및생리,5,Tier3_중빈도
539,자가골연골이식술,14,수술및시술,8,Tier3_중빈도
540,척추체제거술,14,수술및시술,6,Tier3_중빈도
541,음경성형술,14,수술및시술,5,Tier3_중빈도
542,전극삽입술,14,수술및시술,5,Tier3_중빈도
543,혈관조영촬영,14,해부및생리,6,Tier3_중빈도
544,갑상선기능검사,14,해부및생리,7,Tier3_중빈도
545,저나트륨혈증,14,기타의료용어,6,Tier3_중빈도
546,결장절제술,14,수술및시술,5,Tier3_중빈도
547,장루조성술,14,수술및시술,5,Tier3_중빈도
548,유전자형검사,14,검사및진단,6,Tier3_중빈도
549,Teriflunomide,14,기타의료용어,13,Tier3_중빈도
550,고주파열응고술,14,수술및시술,7,Tier3_중빈도
551,위전절제술,14,수술및시술,5,Tier3_중빈도
552,유전성질환,14,질병및증후군,5,Tier3_중빈도
553,악교정수술,14,수술및시술,5,Tier3_중빈도
554,치근낭적출술,14,수술및시술,6,Tier3_중빈도
555,건강보험증,14,기타의료용어,5,Tier3_중빈도
556,비리어드,14,기타의료용어,4,Tier3_중빈도
557,액상흡인세포병리검사,14,해부및생리,10,Tier3_중빈도
558,액상흡인세포병,14,질병및증후군,7,Tier3_중빈도
559,골수천자생검,14,기타의료용어,6,Tier3_중빈도
560,요추퇴행성후만증,14,기타의료용어,8,Tier3_중빈도
561,대면진료관,14,기타의료용어,5,Tier3_중빈도
562,병상대기,14,의료기기,4,Tier3_중빈도
563,의료보호증,14,기타의료용어,5,Tier3_중빈도
564,세포림프종,14,질병및증후군,5,Tier3_중빈도
565,경피적척추성형술,14,수술및시술,8,Tier3_중빈도
566,기본자기,14,의료기기,4,Tier3_중빈도
567,사구체신염,13,기타의료용어,5,Tier3_중빈도
568,인공판막,13,해부및생리,4,Tier3_중빈도
569,관혈적수술,13,수술및시술,5,Tier3_중빈도
570,심박동기,13,의료기기,4,Tier3_중빈도
571,척추측만증,13,기타의료용어,5,Tier3_중빈도
572,척추유합술,13,수술및시술,5,Tier3_중빈도
573,코일색전술,13,수술및시술,5,Tier3_중빈도
574,투여하기,13,의료기기,4,Tier3_중빈도
575,혈액가스분석,13,기타의료용어,6,Tier3_중빈도
576,일반적주의,13,기타의료용어,5,Tier3_중빈도
577,파악하기,13,의료기기,4,Tier3_중빈도
578,우관상동맥,13,해부및생리,5,Tier3_중빈도
579,유리체내주입술,13,수술및시술,7,Tier3_중빈도
580,양수과다증,13,질병및증후군,5,Tier3_중빈도
581,호흡기질환,13,질병및증후군,5,Tier3_중빈도
582,야간진료관,13,기타의료용어,5,Tier3_중빈도
583,피부반응검사,13,기타의료용어,6,Tier3_중빈도
584,장기크기,13,의료기기,4,Tier3_중빈도
585,전립선비대증,13,해부및생리,6,Tier3_중빈도
586,양성자방사선,13,해부및생리,6,Tier3_중빈도
587,일차봉합술,13,수술및시술,5,Tier3_중빈도
588,안구광학단층촬영,13,기타의료용어,8,Tier3_중빈도
589,심방중격결손증,13,기타의료용어,7,Tier3_중빈도
590,냉동제거술,13,수술및시술,5,Tier3_중빈도
591,병소절제술,13,수술및시술,5,Tier3_중빈도
592,복합부위통증증,13,기타의료용어,7,Tier3_중빈도
593,복합부위통증증후군,13,질병및증후군,9,Tier3_중빈도
594,피하단열수술,13,수술및시술,6,Tier3_중빈도
595,부분체외순환,13,기타의료용어,6,Tier3_중빈도
596,Balloon Catheter,13,영문의학용어,16,Tier3_중빈도
597,가이드와이어,13,기타의료용어,6,Tier3_중빈도
598,지노트로핀,13,기타의료용어,5,Tier3_중빈도
599,방사선영상진단,13,해부및생리,7,Tier3_중빈도
600,대한비뇨기,13,의료기기,5,Tier3_중빈도
601,다발경화증,13,기타의료용어,5,Tier3_중빈도
602,눈물분비기능검사,13,의료기기,8,Tier3_중빈도
603,눈물분비기,13,의료기기,5,Tier3_중빈도
604,항카디오리핀,13,기타의료용어,6,Tier3_중빈도
605,심의하기,13,의료기기,4,Tier3_중빈도
606,이의신청기,13,의료기기,5,Tier3_중빈도
607,산정하기,13,의료기기,4,Tier3_중빈도
608,산도스타틴,13,기타의료용어,5,Tier3_중빈도
609,난관결찰술,13,수술및시술,5,Tier3_중빈도
610,비암성통증,13,기타의료용어,5,Tier3_중빈도
611,처치및수술,13,수술및시술,5,Tier3_중빈도
612,인공심박동기,13,의료기기,6,Tier3_중빈도
613,Dual Lumen Catheter,13,영문의학용어,19,Tier3_중빈도
614,광범위정맥류발거술,13,수술및시술,9,Tier3_중빈도
615,광범위정맥류,13,해부및생리,6,Tier3_중빈도
616,광범위정맥,13,해부및생리,5,Tier3_중빈도
617,상병분류기,13,의료기기,5,Tier3_중빈도
618,악안면교정수술,13,수술및시술,7,Tier3_중빈도
619,조혈모세포이식의요양급여에관,13,해부및생리,14,Tier3_중빈도
620,조혈모세포이식의요양급여에관한기준,13,해부및생리,17,Tier3_중빈도
621,조혈모세포이식의요양급여에관한기,13,해부및생리,16,Tier3_중빈도
622,동일기관,13,의료기기,4,Tier3_중빈도
623,경근간섭저주파요법,13,수술및시술,9,Tier3_중빈도
624,의료보호기준,13,의료기기,6,Tier3_중빈도
625,만성폐쇄성병,13,질병및증후군,6,Tier3_중빈도
626,삼차원 CT,13,기타의료용어,6,Tier3_중빈도
627,신경근및신경절차단술,13,수술및시술,10,Tier3_중빈도
628,신경근및신경,13,해부및생리,6,Tier3_중빈도
629,신경근및신경절차,13,해부및생리,8,Tier3_중빈도
630,위아전절제술,13,수술및시술,6,Tier3_중빈도
631,잔여갑상선,13,해부및생리,5,Tier3_중빈도
632,잔여갑상선제거술,13,수술및시술,8,Tier3_중빈도
633,히스속전기도검사,13,의료기기,8,Tier3_중빈도
634,히스속전기,13,의료기기,5,Tier3_중빈도
635,Youmans Neurological Surgery,13,영문의학용어,28,Tier3_중빈도
636,경피적고주파열치료,13,기타의료용어,9,Tier3_중빈도
637,경피적고주파열,13,기타의료용어,7,Tier3_중빈도
638,경피적고주파열치료술,13,수술및시술,10,Tier3_중빈도
639,골수이형성증후군,12,질병및증후군,8,Tier3_중빈도
640,골수이형성증,12,기타의료용어,6,Tier3_중빈도
641,계속적복막,12,해부및생리,5,Tier3_중빈도
642,계속적복막관류,12,해부및생리,7,Tier3_중빈도
643,계속적복막관,12,해부및생리,6,Tier3_중빈도
644,흉강삽관,12,기타의료용어,4,Tier3_중빈도
645,흉강삽관술,12,수술및시술,5,Tier3_중빈도
646,계속적복막관류술,12,수술및시술,8,Tier3_중빈도
647,Ganciclovir,12,기타의료용어,11,Tier3_중빈도
648,폐전적출술,12,수술및시술,5,Tier3_중빈도
649,Related Disorders,12,영문의학용어,17,Tier3_중빈도
650,Denosumab,12,생물학적제제,9,Tier3_중빈도
651,일측폐환기법마취,12,수술및시술,8,Tier3_중빈도
652,혈관성질환,12,질병및증후군,5,Tier3_중빈도
653,경막외마취,12,수술및시술,5,Tier3_중빈도
654,부갑상선호르몬,12,해부및생리,7,Tier3_중빈도
655,하부장관,12,기타의료용어,4,Tier3_중빈도
656,풍선확장술,12,수술및시술,5,Tier3_중빈도
657,두드러기,12,의료기기,4,Tier3_중빈도
658,미제출기관,12,의료기기,5,Tier3_중빈도
659,미제출기,12,의료기기,4,Tier3_중빈도
660,갑상선자극호르몬,12,해부및생리,8,Tier3_중빈도
661,장기추적검사,12,검사및진단,6,Tier3_중빈도
662,강제호기,12,의료기기,4,Tier3_중빈도
663,고콜레스테롤혈증,12,기타의료용어,8,Tier3_중빈도
664,Infectious Diseases Society,12,영문의학용어,27,Tier3_중빈도
665,신경섬유종,12,질병및증후군,5,Tier3_중빈도
666,양수과소증,12,기타의료용어,5,Tier3_중빈도
667,달빛어린이병,12,질병및증후군,6,Tier3_중빈도
668,운동부하검사,12,기타의료용어,6,Tier3_중빈도
669,회전근개수술,12,수술및시술,6,Tier3_중빈도
670,관절와순수술,12,수술및시술,6,Tier3_중빈도
671,해소하기,12,의료기기,4,Tier3_중빈도
672,상부소화관내시경검사,12,기타의료용어,10,Tier3_중빈도
673,호흡기병원체,12,의료기기,6,Tier3_중빈도
674,분지혈관,12,해부및생리,4,Tier3_중빈도
675,인대성형술,12,수술및시술,5,Tier3_중빈도
676,심실기능부전,12,질병및증후군,6,Tier3_중빈도
677,신경병성통증,12,해부및생리,6,Tier3_중빈도
678,액상세포검사,12,해부및생리,6,Tier3_중빈도
679,Teriparatide,12,기타의료용어,12,Tier3_중빈도
680,요소호흡검사,12,기타의료용어,6,Tier3_중빈도
681,부정맥수술,12,수술및시술,5,Tier3_중빈도
682,뇌동정맥기형적출술,12,수술및시술,9,Tier3_중빈도
683,갑상선자극면역글로불린검사,12,검사및진단,13,Tier3_중빈도
684,점막하종양절제술,12,수술및시술,8,Tier3_중빈도
685,실시하기,12,의료기기,4,Tier3_중빈도
686,항암주사관,12,기타의료용어,5,Tier3_중빈도
687,요양기관기,12,의료기기,5,Tier3_중빈도
688,이의신청기관,12,의료기기,6,Tier3_중빈도
689,만료되기,12,의료기기,4,Tier3_중빈도
690,청구기관,12,의료기기,4,Tier3_중빈도
691,Acyclovir,12,기타의료용어,9,Tier3_중빈도
692,전자궁적출술,12,수술및시술,6,Tier3_중빈도
693,하비갑개점막,12,해부및생리,6,Tier3_중빈도
694,정신분열증,12,기타의료용어,5,Tier3_중빈도
695,유도하기,12,의료기기,4,Tier3_중빈도
696,로보트보조,12,기타의료용어,5,Tier3_중빈도
697,병용금기,12,의료기기,4,Tier3_중빈도
698,뇌혈류측정검사,12,검사및진단,7,Tier3_중빈도
699,피부레이저광선,12,해부및생리,7,Tier3_중빈도
700,위십이지장염,12,기타의료용어,6,Tier3_중빈도
701,전염병예방법,12,기타의료용어,6,Tier3_중빈도
702,음압격리관,12,기타의료용어,5,Tier3_중빈도
703,공단자격관,12,기타의료용어,5,Tier3_중빈도
704,공단자격관리시스템,12,의료기기,9,Tier3_중빈도
705,의료전달체계,12,기타의료용어,6,Tier3_중빈도
706,의료전달체,12,기타의료용어,5,Tier3_중빈도
707,초음파골밀도,12,기타의료용어,6,Tier3_중빈도
708,한방수기요법,12,수술및시술,6,Tier3_중빈도
709,한방수기,12,의료기기,4,Tier3_중빈도
710,약물소작술,12,수술및시술,5,Tier3_중빈도
711,동맥간우회로조성술,12,수술및시술,9,Tier3_중빈도
712,한국유방암,12,질병및증후군,5,Tier3_중빈도
713,반흔성형술,12,수술및시술,5,Tier3_중빈도
714,지방이식술,12,수술및시술,5,Tier3_중빈도
715,동기능부전증후군,12,질병및증후군,8,Tier3_중빈도
716,동기능부전증,12,의료기기,6,Tier3_중빈도
717,인공소생술,12,수술및시술,5,Tier3_중빈도
718,중추신경계질환,11,질병및증후군,7,Tier3_중빈도
719,판상건선,11,해부및생리,4,Tier3_중빈도
720,중파장자외선,11,해부및생리,6,Tier3_중빈도
721,심장혈관,11,해부및생리,4,Tier3_중빈도
722,항호중구세포질항체,11,해부및생리,9,Tier3_중빈도
723,항호중구세포,11,해부및생리,6,Tier3_중빈도
724,위식도역류질환,11,질병및증후군,7,Tier3_중빈도
725,피부피판술,11,수술및시술,5,Tier3_중빈도
726,좌심실기,11,의료기기,4,Tier3_중빈도
727,급성관상동맥증후군,11,질병및증후군,9,Tier3_중빈도
728,급성관상동맥,11,해부및생리,6,Tier3_중빈도
729,급성관상동맥증,11,해부및생리,7,Tier3_중빈도
730,Clarithromycin,11,생물학적제제,14,Tier3_중빈도
731,수압팽창술,11,수술및시술,5,Tier3_중빈도
732,공중보건,11,기타의료용어,4,Tier3_중빈도
733,보호하기,11,의료기기,4,Tier3_중빈도
734,냉각풍선절제술,11,수술및시술,7,Tier3_중빈도
735,냉각풍선,11,해부및생리,4,Tier3_중빈도
736,이물제거술,11,수술및시술,5,Tier3_중빈도
737,대한소화기내시경,11,의료기기,8,Tier3_중빈도
738,판막성형술,11,수술및시술,5,Tier3_중빈도
739,난포자극호르몬,11,기타의료용어,7,Tier3_중빈도
740,근무조건,11,기타의료용어,4,Tier3_중빈도
741,고주파열치료,11,기타의료용어,6,Tier3_중빈도
742,경동맥화학색전술,11,수술및시술,8,Tier3_중빈도
743,복강내압측정,11,기타의료용어,6,Tier3_중빈도
744,골편절제술,11,수술및시술,5,Tier3_중빈도
745,치은박리소파수술,11,수술및시술,8,Tier3_중빈도
746,Combination Therapy,11,영문의학용어,19,Tier3_중빈도
747,갑상선호르몬,11,해부및생리,6,Tier3_중빈도
748,CT 촬영,11,기타의료용어,5,Tier3_중빈도
749,하지정맥류,11,해부및생리,5,Tier3_중빈도
750,MRI 건강보험,11,기타의료용어,8,Tier3_중빈도
751,종양절제술,11,수술및시술,5,Tier3_중빈도
752,자동유방초음파,11,기타의료용어,7,Tier3_중빈도
753,전기자극기,11,의료기기,5,Tier3_중빈도
754,프로토픽연고,11,약물및성분,6,Tier3_중빈도
755,혈중약물검사,11,기타의료용어,6,Tier3_중빈도
756,좌심도자술,11,수술및시술,5,Tier3_중빈도
757,어지러움증,11,기타의료용어,5,Tier3_중빈도
758,문장언어평가,11,기타의료용어,6,Tier3_중빈도
759,보험인정기준,11,의료기기,6,Tier3_중빈도
760,보험인정기,11,의료기기,5,Tier3_중빈도
761,교정하기,11,의료기기,4,Tier3_중빈도
762,복막관류술,11,수술및시술,5,Tier3_중빈도
763,조기양막,11,해부및생리,4,Tier3_중빈도
764,골편절채술,11,수술및시술,5,Tier3_중빈도
765,메탈라제,11,기타의료용어,4,Tier3_중빈도
766,반월판연골,11,해부및생리,5,Tier3_중빈도
767,반월판연골절제술,11,수술및시술,8,Tier3_중빈도
768,부분절제술,11,수술및시술,5,Tier3_중빈도
769,동종말초혈액조혈모세포,11,해부및생리,11,Tier3_중빈도
770,사전등록번호,11,기타의료용어,6,Tier3_중빈도
771,보험급여기준,11,의료기기,6,Tier3_중빈도
772,활용하기,11,의료기기,4,Tier3_중빈도
773,질병군분류번호,11,기타의료용어,7,Tier3_중빈도
774,요양취급기관,11,의료기기,6,Tier3_중빈도
775,요양취급기,11,의료기기,5,Tier3_중빈도
776,이의제기,11,의료기기,4,Tier3_중빈도
777,죽상경화증,11,기타의료용어,5,Tier3_중빈도
778,두개골조기봉합교정술,11,수술및시술,10,Tier3_중빈도
779,종양절제를위한개두술,11,수술및시술,10,Tier3_중빈도
780,충격증후군,11,질병및증후군,5,Tier3_중빈도
781,대한갑상선,11,해부및생리,5,Tier3_중빈도
782,경락기능검사,11,의료기기,6,Tier3_중빈도
783,저칼륨혈증,11,기타의료용어,5,Tier3_중빈도
784,폴리뉴클레오티드나트륨,10,약물및성분,11,Tier3_중빈도
785,중증근무력증,10,기타의료용어,6,Tier3_중빈도
786,Chronic Kidney Disease,10,영문의학용어,22,Tier3_중빈도
787,튜브배액술,10,수술및시술,5,Tier3_중빈도
788,Extra Corporeal Membrane Oxygenation,10,영문의학용어,36,Tier3_중빈도
789,Azithromycin,10,생물학적제제,12,Tier3_중빈도
790,Rare Diseases,10,영문의학용어,13,Tier3_중빈도
791,MRI 검사,10,기타의료용어,6,Tier3_중빈도
792,첩모발거술,10,수술및시술,5,Tier3_중빈도
793,신생혈관,10,해부및생리,4,Tier3_중빈도
794,미세수술적다중고환조직,10,해부및생리,11,Tier3_중빈도
795,심장이식술,10,수술및시술,5,Tier3_중빈도
796,하부장관스텐트,10,의료기기,7,Tier3_중빈도
797,인공판막치환술,10,수술및시술,7,Tier3_중빈도
798,대동맥판막치환술,10,수술및시술,8,Tier3_중빈도
799,뇌하수체기,10,의료기기,5,Tier3_중빈도
800,태아심음자궁수축검사,10,기타의료용어,10,Tier3_중빈도
801,알레르기비염,10,의료기기,6,Tier3_중빈도
802,후두기관,10,의료기기,4,Tier3_중빈도
803,고환고정술,10,수술및시술,5,Tier3_중빈도
804,체내고정용금속제거술,10,수술및시술,10,Tier3_중빈도
805,대동맥판협착증,10,질병및증후군,7,Tier3_중빈도
806,명세서일련번호,10,기타의료용어,7,Tier3_중빈도
807,견갑하건,10,기타의료용어,4,Tier3_중빈도
808,세부적용기준,10,의료기기,6,Tier3_중빈도
809,세부적용기,10,의료기기,5,Tier3_중빈도
810,부분치환술,10,수술및시술,5,Tier3_중빈도
811,단일광자단층촬영,10,기타의료용어,8,Tier3_중빈도
812,승모판막,10,해부및생리,4,Tier3_중빈도
813,누낭비강문합술,10,수술및시술,7,Tier3_중빈도
814,좌심방이폐색술,10,수술및시술,7,Tier3_중빈도
815,방광내압측정,10,기타의료용어,6,Tier3_중빈도
816,요역동학검사,10,기타의료용어,6,Tier3_중빈도
817,건및인대성형술,10,수술및시술,7,Tier3_중빈도
818,영상증폭장치,10,의료기기,6,Tier3_중빈도
819,활액막절제술,10,수술및시술,6,Tier3_중빈도
820,즉일충전처치,10,수술및시술,6,Tier3_중빈도
821,체내금속고정술,10,수술및시술,7,Tier3_중빈도
822,전층피부이식술,10,수술및시술,7,Tier3_중빈도
823,안구내삽관레이저광응고술,10,수술및시술,12,Tier3_중빈도
824,쇄골하정맥,10,해부및생리,5,Tier3_중빈도
825,대한심혈관,10,해부및생리,5,Tier3_중빈도
826,Chronic Obstructive Pulmonary Disease,10,영문의학용어,37,Tier3_중빈도
827,흉부 CT,10,기타의료용어,5,Tier3_중빈도
828,잠복결핵질환,10,질병및증후군,6,Tier3_중빈도
829,인공환기요법,10,수술및시술,6,Tier3_중빈도
830,인공환기,10,의료기기,4,Tier3_중빈도
831,맥도널드진단기준,10,의료기기,8,Tier3_중빈도
832,맥도널드진단,10,기타의료용어,6,Tier3_중빈도
833,Teriflflunomide,10,기타의료용어,15,Tier3_중빈도
834,맥도널드진단기,10,의료기기,7,Tier3_중빈도
835,흡인세포병리검사,10,해부및생리,8,Tier3_중빈도
836,흡인세포병,10,질병및증후군,5,Tier3_중빈도
837,운동점차단술,10,수술및시술,6,Tier3_중빈도
838,경추후궁성형술,10,수술및시술,7,Tier3_중빈도
839,동맥류절제술,10,수술및시술,6,Tier3_중빈도
840,지방자치단체,10,기타의료용어,6,Tier3_중빈도
841,편평상피세포,10,해부및생리,6,Tier3_중빈도
842,전염성연속종,10,질병및증후군,6,Tier3_중빈도
843,전염성연속종제거술,10,수술및시술,9,Tier3_중빈도
844,비예기항체,10,의료기기,5,Tier3_중빈도
845,형간염항체검사,10,기타의료용어,7,Tier3_중빈도
846,Valvular Heart Disease,10,영문의학용어,22,Tier3_중빈도
847,서혜부허니아근본수술,10,수술및시술,10,Tier3_중빈도
848,아이비글로불린에스,10,기타의료용어,9,Tier3_중빈도
849,포도당부하검사,10,기타의료용어,7,Tier3_중빈도
850,진공음압창상처치,10,수술및시술,8,Tier3_중빈도
851,조직전자현미경검사,10,해부및생리,9,Tier3_중빈도
852,국민건강보험요양급여기,10,의료기기,11,Tier3_중빈도
853,국민건강보험요양급여기준에관,10,의료기기,14,Tier3_중빈도
854,국민건강보험요양급여기준,10,의료기기,12,Tier3_중빈도
855,고프로락틴혈증,10,기타의료용어,7,Tier3_중빈도
856,경피적전기,10,의료기기,5,Tier3_중빈도
857,경피적전기신경,10,해부및생리,7,Tier3_중빈도
858,진단방사선,10,해부및생리,5,Tier3_중빈도
859,특정내역기,10,의료기기,5,Tier3_중빈도
860,대면투약관,10,기타의료용어,5,Tier3_중빈도
861,전담치료병,10,질병및증후군,5,Tier3_중빈도
862,제공기관,10,의료기기,4,Tier3_중빈도
863,납차폐특수치,10,측정값지표,6,Tier3_중빈도
864,관련기관,10,의료기기,4,Tier3_중빈도
865,CT 인정여부,10,기타의료용어,7,Tier3_중빈도
866,있으시기,10,의료기기,4,Tier3_중빈도
867,응급의료에관,10,기타의료용어,6,Tier3_중빈도
868,현재로선,10,해부및생리,4,Tier3_중빈도
869,간동맥화학색전술,10,수술및시술,8,Tier3_중빈도
870,신경봉합술,10,수술및시술,5,Tier3_중빈도
871,소세포폐암,10,질병및증후군,5,Tier3_중빈도
872,개최분기,10,의료기기,4,Tier3_중빈도
873,엡글리스오토인젝터,9,기타의료용어,9,Tier4_중저빈도
874,Lebrikizumab,9,생물학적제제,12,Tier4_중저빈도
875,아토피피부염,9,기타의료용어,6,Tier4_중저빈도
876,린버크서방,9,기타의료용어,5,Tier4_중저빈도
877,Bath Ankylosing Spondilitis Disease Activity,9,영문의학용어,44,Tier4_중저빈도
878,이식편대숙주질환,9,질병및증후군,8,Tier4_중저빈도
879,길랑바레증후군,9,질병및증후군,7,Tier4_중저빈도
880,중증감염증,9,질병및증후군,5,Tier4_중저빈도
881,길랑바레증,9,기타의료용어,5,Tier4_중저빈도
882,MRI 결과,9,기타의료용어,6,Tier4_중저빈도
883,신루설치술,9,수술및시술,5,Tier4_중저빈도
884,요관확장술,9,수술및시술,5,Tier4_중저빈도
885,경피적풍선혈관성형술,9,수술및시술,10,Tier4_중저빈도
886,경피적풍선혈관,9,해부및생리,7,Tier4_중저빈도
887,호중구감소증,9,기타의료용어,6,Tier4_중저빈도
888,좌심실기능부전,9,질병및증후군,7,Tier4_중저빈도
889,호기말이산화탄소분압,9,의료기기,10,Tier4_중저빈도
890,심실보조장치,9,의료기기,6,Tier4_중저빈도
891,평형기능검사,9,의료기기,6,Tier4_중저빈도
892,심혈관질환,9,질병및증후군,5,Tier4_중저빈도
893,추간판조영술,9,수술및시술,6,Tier4_중저빈도
894,두개절제술,9,수술및시술,5,Tier4_중저빈도
895,의급여기,9,의료기기,4,Tier4_중저빈도
896,제왕절개술,9,수술및시술,5,Tier4_중저빈도
897,조절하기,9,의료기기,4,Tier4_중저빈도
898,상후두기도유지기,9,의료기기,8,Tier4_중저빈도
899,고정하기,9,의료기기,4,Tier4_중저빈도
900,Ritonavir,9,기타의료용어,9,Tier4_중저빈도
901,호흡곤란증,9,기타의료용어,5,Tier4_중저빈도
902,상부위장관,9,기타의료용어,5,Tier4_중저빈도
903,심장판막,9,해부및생리,4,Tier4_중저빈도
904,염증성질환,9,질병및증후군,5,Tier4_중저빈도
905,특성상 MRI,9,기타의료용어,7,Tier4_중저빈도
906,불가하여 MRI,9,기타의료용어,8,Tier4_중저빈도
907,자궁내막암,9,질병및증후군,5,Tier4_중저빈도
908,관상동맥확장술,9,수술및시술,7,Tier4_중저빈도
909,좌회선동맥,9,해부및생리,5,Tier4_중저빈도
910,재활의료기,9,의료기기,5,Tier4_중저빈도
911,재활의료기관,9,의료기기,6,Tier4_중저빈도
912,혈액배양검사,9,기타의료용어,6,Tier4_중저빈도
913,차원 CT,9,기타의료용어,5,Tier4_중저빈도
914,이하선종양적출술,9,수술및시술,8,Tier4_중저빈도
915,부갑상선기,9,해부및생리,5,Tier4_중저빈도
916,전기충격요법,9,수술및시술,6,Tier4_중저빈도
917,방사선단순영상진단,9,해부및생리,9,Tier4_중저빈도
918,단순방사선,9,해부및생리,5,Tier4_중저빈도
919,측두하악관절,9,해부및생리,6,Tier4_중저빈도
920,측두하악관,9,기타의료용어,5,Tier4_중저빈도
921,유착박리술,9,수술및시술,5,Tier4_중저빈도
922,경막외신경차단술,9,수술및시술,8,Tier4_중저빈도
923,경막외신경,9,해부및생리,5,Tier4_중저빈도
924,뇌척수액루수술,9,수술및시술,7,Tier4_중저빈도
925,척수경막,9,해부및생리,4,Tier4_중저빈도
926,뇌척수액루,9,기타의료용어,5,Tier4_중저빈도
927,자궁근종절제술,9,수술및시술,7,Tier4_중저빈도
928,호흡기능검사,9,의료기기,6,Tier4_중저빈도
929,척추후방고정술,9,수술및시술,7,Tier4_중저빈도
930,Steroid Intra Discal Therapy,9,영문의학용어,28,Tier4_중저빈도
931,자궁소파수술,9,수술및시술,6,Tier4_중저빈도
932,담즙배액술,9,수술및시술,5,Tier4_중저빈도
933,인공임신중절수술,9,수술및시술,8,Tier4_중저빈도
934,만성동맥폐색증,9,질병및증후군,7,Tier4_중저빈도
935,Pantoprazole,9,생물학적제제,12,Tier4_중저빈도
936,Velpatasvir,9,기타의료용어,11,Tier4_중저빈도
937,만성기관,9,의료기기,4,Tier4_중저빈도
938,정맥혈전색전증,9,질병및증후군,7,Tier4_중저빈도
939,Thoracic Surgery,9,영문의학용어,16,Tier4_중저빈도
940,자가유래연골세포,9,해부및생리,8,Tier4_중저빈도
941,자가유래연골,9,해부및생리,6,Tier4_중저빈도
942,연속혈당측정검사,9,검사및진단,8,Tier4_중저빈도
943,십이지장궤양,9,기타의료용어,6,Tier4_중저빈도
944,사마귀제거술,9,수술및시술,6,Tier4_중저빈도
945,제공하기,9,의료기기,4,Tier4_중저빈도
946,미주신경자극기설치술,9,수술및시술,10,Tier4_중저빈도
947,후방추체유합술,9,수술및시술,7,Tier4_중저빈도
948,촬영한 CT,9,기타의료용어,6,Tier4_중저빈도
949,근관장측정검사,9,검사및진단,7,Tier4_중저빈도
950,후종인대골화증,9,해부및생리,7,Tier4_중저빈도
951,압력철선,9,해부및생리,4,Tier4_중저빈도
952,자궁경관봉축술,9,수술및시술,7,Tier4_중저빈도
953,편평상피세포암,9,질병및증후군,7,Tier4_중저빈도
954,부비강입구부경검사,9,기타의료용어,9,Tier4_중저빈도
955,고주파열치료술,9,수술및시술,7,Tier4_중저빈도
956,망막전위도검사,9,해부및생리,7,Tier4_중저빈도
957,역행성담췌관,9,기타의료용어,6,Tier4_중저빈도
958,혼합배양검사,9,기타의료용어,6,Tier4_중저빈도
959,조기양막파수검사,9,해부및생리,8,Tier4_중저빈도
960,Irregular Antibody Screening,9,영문의학용어,28,Tier4_중저빈도
961,적혈구자성화기,9,의료기기,7,Tier4_중저빈도
962,적혈구자성화기술,9,수술및시술,8,Tier4_중저빈도
963,미생물현미경검사,9,기타의료용어,8,Tier4_중저빈도
964,최소억제농도,9,측정값지표,6,Tier4_중저빈도
965,Carbamazepine,9,기타의료용어,13,Tier4_중저빈도
966,포사코나졸약물정량검사,9,기타의료용어,11,Tier4_중저빈도
967,항중심체항체,9,기타의료용어,6,Tier4_중저빈도
968,정신분열병,9,질병및증후군,5,Tier4_중저빈도
969,글자지우기검사,9,의료기기,7,Tier4_중저빈도
970,글자지우기,9,의료기기,5,Tier4_중저빈도
971,Sling Procedure,9,영문의학용어,15,Tier4_중저빈도
972,High Frequency Ventilation,9,영문의학용어,26,Tier4_중저빈도
973,Darunavir,9,기타의료용어,9,Tier4_중저빈도
974,심도자용카테터,9,의료기기,7,Tier4_중저빈도
975,하비갑개점막하절제술,9,수술및시술,10,Tier4_중저빈도
976,의료급여절차,9,기타의료용어,6,Tier4_중저빈도
977,폐경기증후군,9,질병및증후군,6,Tier4_중저빈도
978,전염성질환,9,질병및증후군,5,Tier4_중저빈도
979,의과대학병,9,질병및증후군,5,Tier4_중저빈도
980,안검성형술,9,수술및시술,5,Tier4_중저빈도
981,안검내반증,9,기타의료용어,5,Tier4_중저빈도
982,전부비강근본수술,9,수술및시술,8,Tier4_중저빈도
983,안검하수증수술,9,수술및시술,7,Tier4_중저빈도
984,복강내침술,9,수술및시술,5,Tier4_중저빈도
985,연골저형성증,9,해부및생리,6,Tier4_중저빈도
986,감염병전담정신병,9,질병및증후군,8,Tier4_중저빈도
987,평가대상기,9,의료기기,5,Tier4_중저빈도
988,경피전기,9,의료기기,4,Tier4_중저빈도
989,진료전달체계,9,기타의료용어,6,Tier4_중저빈도
990,진료전달체,9,기타의료용어,5,Tier4_중저빈도
991,서울대학교병,9,질병및증후군,6,Tier4_중저빈도
992,거대세포종,9,질병및증후군,5,Tier4_중저빈도
993,초음파골밀도측정,9,기타의료용어,8,Tier4_중저빈도
994,알츠하이머병,9,질병및증후군,6,Tier4_중저빈도
995,해당요양기,9,의료기기,5,Tier4_중저빈도
996,해당요양기관,9,의료기기,6,Tier4_중저빈도
997,의료보험진료수가기,9,의료기기,9,Tier4_중저빈도
998,의료보험진료수가기준,9,의료기기,10,Tier4_중저빈도
999,연골봉합술,9,수술및시술,5,Tier4_중저빈도
1000,상부소화관종,9,질병및증후군,6,Tier4_중저빈도
1001,상부소화관종양수술,9,수술및시술,9,Tier4_중저빈도
1002,수술후보조,9,기타의료용어,5,Tier4_중저빈도
1003,직장및에스장절제술,9,수술및시술,9,Tier4_중저빈도
1004,복부 CT,9,기타의료용어,5,Tier4_중저빈도
1005,등급간호관리료적용기,9,의료기기,10,Tier4_중저빈도
1006,사측방추체간유합술,9,수술및시술,9,Tier4_중저빈도
1007,사측방추체,9,기타의료용어,5,Tier4_중저빈도
1008,정위적방사선,9,해부및생리,6,Tier4_중저빈도
1009,관상동맥성형술,9,수술및시술,7,Tier4_중저빈도
1010,젠자임타이로젠,9,기타의료용어,7,Tier4_중저빈도
1011,두개골유합증,9,기타의료용어,6,Tier4_중저빈도
1012,부비동악성종양적출술,9,수술및시술,10,Tier4_중저빈도
1013,부비동악성종,9,질병및증후군,6,Tier4_중저빈도
1014,Heart Disease Chapter,9,영문의학용어,21,Tier4_중저빈도
1015,대동맥판폐쇄부전,9,질병및증후군,8,Tier4_중저빈도
1016,Tralokinumab,8,생물학적제제,12,Tier4_중저빈도
1017,Dupilumab,8,생물학적제제,9,Tier4_중저빈도
1018,생활습관,8,기타의료용어,4,Tier4_중저빈도
1019,베노훼럼,8,기타의료용어,4,Tier4_중저빈도
1020,Cyclophosphamide,8,기타의료용어,16,Tier4_중저빈도
1021,협착확장술,8,수술및시술,5,Tier4_중저빈도
1022,다중수면잠복기,8,의료기기,7,Tier4_중저빈도
1023,다중수면잠복기검사,8,의료기기,9,Tier4_중저빈도
1024,싸이메빈정,8,기타의료용어,5,Tier4_중저빈도
1025,후두전적출술,8,수술및시술,6,Tier4_중저빈도
1026,요독증후군,8,질병및증후군,5,Tier4_중저빈도
1027,대동맥내풍선,8,해부및생리,6,Tier4_중저빈도
1028,Amlodipine,8,생물학적제제,10,Tier4_중저빈도
1029,정량광형광기,8,의료기기,6,Tier4_중저빈도
1030,노보세븐알티,8,기타의료용어,6,Tier4_중저빈도
1031,제왕절개만출술,8,수술및시술,7,Tier4_중저빈도
1032,쇼그렌증후군,8,질병및증후군,6,Tier4_중저빈도
1033,중심망막,8,해부및생리,4,Tier4_중저빈도
1034,Ranibizumab,8,생물학적제제,11,Tier4_중저빈도
1035,초음파절삭기,8,의료기기,6,Tier4_중저빈도
1036,기능항진증,8,의료기기,5,Tier4_중저빈도
1037,호흡곤란증후군,8,질병및증후군,7,Tier4_중저빈도
1038,갈색세포종,8,질병및증후군,5,Tier4_중저빈도
1039,Nephrostomy Balloon Catheter,8,영문의학용어,28,Tier4_중저빈도
1040,두개골조기유합증,8,의료기기,8,Tier4_중저빈도
1041,뇌정위적수술,8,수술및시술,6,Tier4_중저빈도
1042,심박출계수,8,기타의료용어,5,Tier4_중저빈도
1043,다발골수종,8,질병및증후군,5,Tier4_중저빈도
1044,수정체낭,8,기타의료용어,4,Tier4_중저빈도
1045,추가혈관,8,해부및생리,4,Tier4_중저빈도
1046,종양적출술,8,수술및시술,5,Tier4_중저빈도
1047,동공부등검사,8,기타의료용어,6,Tier4_중저빈도
1048,내시경하생검,8,기타의료용어,6,Tier4_중저빈도
1049,관상동맥우회술,8,수술및시술,7,Tier4_중저빈도
1050,캡슐내시경검사,8,기타의료용어,7,Tier4_중저빈도
1051,태반조기,8,의료기기,4,Tier4_중저빈도
1052,세부검사항목,8,기타의료용어,6,Tier4_중저빈도
1053,혈액이산화탄소분압,8,측정값지표,9,Tier4_중저빈도
1054,간외담관,8,기타의료용어,4,Tier4_중저빈도
1055,척수공동증,8,기타의료용어,5,Tier4_중저빈도
1056,관절경수술,8,수술및시술,5,Tier4_중저빈도
1057,밀봉소선,8,해부및생리,4,Tier4_중저빈도
1058,심전도감시기,8,의료기기,6,Tier4_중저빈도
1059,운영기관,8,의료기기,4,Tier4_중저빈도
1060,터너증후군,8,질병및증후군,5,Tier4_중저빈도
1061,전동식세절기,8,의료기기,6,Tier4_중저빈도
1062,자궁내장치삽입술,8,수술및시술,8,Tier4_중저빈도
1063,산소공급장치,8,의료기기,6,Tier4_중저빈도
1064,측정하기,8,의료기기,4,Tier4_중저빈도
1065,원거리피판술,8,수술및시술,6,Tier4_중저빈도
1066,관절고정술,8,수술및시술,5,Tier4_중저빈도
1067,유리체제거술,8,수술및시술,6,Tier4_중저빈도
1068,자궁내유착증,8,기타의료용어,6,Tier4_중저빈도
1069,부고환정자흡인술,8,수술및시술,8,Tier4_중저빈도
1070,요도하열성형술,8,수술및시술,7,Tier4_중저빈도
1071,사지골절도수정복술,8,수술및시술,9,Tier4_중저빈도
1072,전기소작술,8,수술및시술,5,Tier4_중저빈도
1073,지속적비디오뇌파검사,8,기타의료용어,10,Tier4_중저빈도
1074,치은절제술,8,수술및시술,5,Tier4_중저빈도
1075,중대뇌동맥,8,해부및생리,5,Tier4_중저빈도
1076,갑상선질환,8,질병및증후군,5,Tier4_중저빈도
1077,테리본피하,8,기타의료용어,5,Tier4_중저빈도
1078,엘리퀴스,8,기타의료용어,4,Tier4_중저빈도
1079,치조골성형수술,8,수술및시술,7,Tier4_중저빈도
1080,수정체전낭,8,기타의료용어,5,Tier4_중저빈도
1081,수정체전낭원형절개술,8,수술및시술,10,Tier4_중저빈도
1082,흉부혈관,8,해부및생리,4,Tier4_중저빈도
1083,복부혈관,8,해부및생리,4,Tier4_중저빈도
1084,홀터기록검사,8,의료기기,6,Tier4_중저빈도
1085,의료기관인증,8,의료기기,6,Tier4_중저빈도
1086,완화의료건,8,기타의료용어,5,Tier4_중저빈도
1087,완화의료건강보험수가분류,8,기타의료용어,12,Tier4_중저빈도
1088,중심정맥내카테터,8,해부및생리,8,Tier4_중저빈도
1089,Post Adjunctive Balloon Catheter,8,영문의학용어,32,Tier4_중저빈도
1090,체내표시기,8,의료기기,5,Tier4_중저빈도
1091,주민등록번호,8,기타의료용어,6,Tier4_중저빈도
1092,대뇌운동피질자극기,8,의료기기,9,Tier4_중저빈도
1093,양막이식술,8,수술및시술,5,Tier4_중저빈도
1094,항카디오리핀항체,8,기타의료용어,8,Tier4_중저빈도
1095,복막절제술,8,수술및시술,5,Tier4_중저빈도
1096,눈물막파괴시간검사,8,해부및생리,9,Tier4_중저빈도
1097,MRI에서,8,기타의료용어,5,Tier4_중저빈도
1098,비관혈관절수동술,8,수술및시술,8,Tier4_중저빈도
1099,비관혈관절,8,해부및생리,5,Tier4_중저빈도
1100,비관혈관,8,해부및생리,4,Tier4_중저빈도
1101,조절마비굴절검사,8,기타의료용어,8,Tier4_중저빈도
1102,비촉지유방종,8,질병및증후군,6,Tier4_중저빈도
1103,비촉지유방종양침위치결정술,8,수술및시술,13,Tier4_중저빈도
1104,전립선질환,8,질병및증후군,5,Tier4_중저빈도
1105,항뮬러관호르몬,8,기타의료용어,7,Tier4_중저빈도
1106,대칭기관,8,의료기기,4,Tier4_중저빈도
1107,메니에르병,8,질병및증후군,5,Tier4_중저빈도
1108,Aripiprazole,8,생물학적제제,12,Tier4_중저빈도
1109,혈액성분채집술,8,수술및시술,7,Tier4_중저빈도
1110,Implantable Cardioverter Defibrillator,8,영문의학용어,38,Tier4_중저빈도
1111,충수절제술,8,수술및시술,5,Tier4_중저빈도
1112,Clozapine,8,기타의료용어,9,Tier4_중저빈도
1113,순환기능검사,8,의료기기,6,Tier4_중저빈도
1114,안전주사기,8,의료기기,5,Tier4_중저빈도
1115,전용헬기,8,의료기기,4,Tier4_중저빈도
1116,수면무호흡증후군,8,질병및증후군,8,Tier4_중저빈도
1117,직류전기,8,의료기기,4,Tier4_중저빈도
1118,체위변경처치,8,수술및시술,6,Tier4_중저빈도
1119,자궁질도말세포,8,해부및생리,7,Tier4_중저빈도
1120,자궁질도말세포병,8,질병및증후군,8,Tier4_중저빈도
1121,자궁질도말세포병리검사,8,해부및생리,11,Tier4_중저빈도
1122,옥스카르바제핀,8,기타의료용어,7,Tier4_중저빈도
1123,항사구체기,8,의료기기,5,Tier4_중저빈도
1124,항사구체기저막,8,해부및생리,7,Tier4_중저빈도
1125,가관절수술,8,수술및시술,5,Tier4_중저빈도
1126,비유전성질환,8,질병및증후군,6,Tier4_중저빈도
1127,제트환기요법,8,수술및시술,6,Tier4_중저빈도
1128,제트환기,8,의료기기,4,Tier4_중저빈도
1129,비골골절교정술,8,수술및시술,7,Tier4_중저빈도
1130,악골골절수술,8,수술및시술,6,Tier4_중저빈도
1131,Electrode Catheter,8,영문의학용어,18,Tier4_중저빈도
1132,소장이중조영술,8,수술및시술,7,Tier4_중저빈도
1133,소장이중조영,8,기타의료용어,6,Tier4_중저빈도
1134,각막봉합술,8,수술및시술,5,Tier4_중저빈도
1135,이중기관지관,8,의료기기,6,Tier4_중저빈도
1136,기관지내시경술,8,수술및시술,7,Tier4_중저빈도
1137,바이러스항원검사,8,기타의료용어,8,Tier4_중저빈도
1138,세기관지염,8,의료기기,5,Tier4_중저빈도
1139,난소난관,8,기타의료용어,4,Tier4_중저빈도
1140,연골성형술,8,수술및시술,5,Tier4_중저빈도
1141,이중상공막,8,해부및생리,5,Tier4_중저빈도
1142,후두기관염,8,의료기기,5,Tier4_중저빈도
1143,급성기관,8,의료기기,4,Tier4_중저빈도
1144,수액유량조절기,8,의료기기,7,Tier4_중저빈도
1145,가피절제술,8,수술및시술,5,Tier4_중저빈도
1146,신경생리추적,8,해부및생리,6,Tier4_중저빈도
1147,추간판내고주파열,8,기타의료용어,8,Tier4_중저빈도
1148,냉동응고술,8,수술및시술,5,Tier4_중저빈도
1149,인공슬관절치환술,8,수술및시술,8,Tier4_중저빈도
1150,인공슬관절,8,해부및생리,5,Tier4_중저빈도
1151,인공슬관,8,의료기기,4,Tier4_중저빈도
1152,추체간유합술,8,수술및시술,6,Tier4_중저빈도
1153,척추간판탈출증,8,기타의료용어,7,Tier4_중저빈도
1154,적용하시기,8,의료기기,5,Tier4_중저빈도
1155,경피경근온열요법,8,수술및시술,8,Tier4_중저빈도
1156,골농양수술,8,수술및시술,5,Tier4_중저빈도
1157,타요양기,8,의료기기,4,Tier4_중저빈도
1158,타요양기관,8,의료기기,5,Tier4_중저빈도
1159,신의료기술등의결정및조정기,8,의료기기,13,Tier4_중저빈도
1160,신의료기술등의결정및조정기준,8,의료기기,14,Tier4_중저빈도
1161,의료보험요양기,8,의료기기,7,Tier4_중저빈도
1162,신장이식수술,8,수술및시술,6,Tier4_중저빈도
1163,경근무늬측정검사,8,검사및진단,8,Tier4_중저빈도
1164,진단분류기,8,의료기기,5,Tier4_중저빈도
1165,국소피판작성술,8,수술및시술,7,Tier4_중저빈도
1166,응고시간검사,8,기타의료용어,6,Tier4_중저빈도
1167,체내용심박기,8,의료기기,6,Tier4_중저빈도
1168,체내용심박기거치술,8,수술및시술,9,Tier4_중저빈도
1169,기관내삽관에의한폐쇄순환식전신마취,8,수술및시술,17,Tier4_중저빈도
1170,경비적뇌하수체종,8,질병및증후군,8,Tier4_중저빈도
1171,경비적뇌하수체종양적출술,8,수술및시술,12,Tier4_중저빈도
1172,기관내삽관에의한폐쇄순환식전신마취관리기,8,의료기기,20,Tier4_중저빈도
1173,기관내삽관에의한폐쇄순환식전신마취관,8,의료기기,18,Tier4_중저빈도
1174,영상저장및전송시스템,8,의료기기,10,Tier4_중저빈도
1175,회전근개증후군,8,질병및증후군,7,Tier4_중저빈도
1176,회전근개증,8,기타의료용어,5,Tier4_중저빈도
1177,동시항암화학방사선,8,해부및생리,9,Tier4_중저빈도
1178,동시항암화학방사선요법,8,수술및시술,11,Tier4_중저빈도
1179,수술후보조요법,8,수술및시술,7,Tier4_중저빈도
1180,Paclitaxel,8,기타의료용어,10,Tier4_중저빈도
1181,담관배액술,8,수술및시술,5,Tier4_중저빈도
1182,스트레스장애,8,질병및증후군,6,Tier4_중저빈도
1183,협진기관,8,의료기기,4,Tier4_중저빈도
1184,아래허리통증,8,기타의료용어,6,Tier4_중저빈도
1185,삼각섬유연골복합체,8,해부및생리,9,Tier4_중저빈도
1186,삼각섬유연골,8,해부및생리,6,Tier4_중저빈도
1187,ICD 삽입술,8,수술및시술,7,Tier4_중저빈도
1188,하지혈관,8,해부및생리,4,Tier4_중저빈도
1189,제한병기,8,의료기기,4,Tier4_중저빈도
1190,Intraarticular Injection,7,영문의학용어,24,Tier4_중저빈도
1191,Abrocitinib,7,생물학적제제,11,Tier4_중저빈도
1192,면역억제요법,7,수술및시술,6,Tier4_중저빈도
1193,괴저성농피증,7,기타의료용어,6,Tier4_중저빈도
1194,Disease Activity Index,7,영문의학용어,22,Tier4_중저빈도
1195,가와사키병,7,질병및증후군,5,Tier4_중저빈도
1196,후천성면역결핍증,7,질병및증후군,8,Tier4_중저빈도
1197,또는 MRI,7,기타의료용어,6,Tier4_중저빈도
1198,신경파괴술,7,수술및시술,5,Tier4_중저빈도
1199,Disease Modifying Anti,7,영문의학용어,22,Tier4_중저빈도
1200,자궁적출술,7,수술및시술,5,Tier4_중저빈도
1201,늑골절제술,7,수술및시술,5,Tier4_중저빈도
1202,무과립구증,7,기타의료용어,5,Tier4_중저빈도
1203,감별하기,7,의료기기,4,Tier4_중저빈도
1204,소속기관,7,의료기기,4,Tier4_중저빈도
1205,대한심부전,7,질병및증후군,5,Tier4_중저빈도
1206,아밀로이드증,7,기타의료용어,6,Tier4_중저빈도
1207,말초동맥성질환,7,질병및증후군,7,Tier4_중저빈도
1208,Disease Control,7,영문의학용어,15,Tier4_중저빈도
1209,내시경절제술,7,수술및시술,6,Tier4_중저빈도
1210,기관절개술,7,수술및시술,5,Tier4_중저빈도
1211,성장호르몬결핍증,7,질병및증후군,8,Tier4_중저빈도
1212,또는 CT,7,기타의료용어,5,Tier4_중저빈도
1213,Cauda Equina Syndrome,7,영문의학용어,21,Tier4_중저빈도
1214,마미증후군,7,질병및증후군,5,Tier4_중저빈도
1215,실시간이중중합효소,7,기타의료용어,9,Tier4_중저빈도
1216,추벽제거술,7,수술및시술,5,Tier4_중저빈도
1217,전파절삭기,7,의료기기,5,Tier4_중저빈도
1218,면역결핍증,7,질병및증후군,5,Tier4_중저빈도
1219,광선공포증,7,해부및생리,5,Tier4_중저빈도
1220,갑상선수질암,7,질병및증후군,6,Tier4_중저빈도
1221,신경내분비종,7,질병및증후군,6,Tier4_중저빈도
1222,차원 MRI,7,기타의료용어,6,Tier4_중저빈도
1223,MRI 영상을,7,기타의료용어,7,Tier4_중저빈도
1224,부분치수절단술,7,수술및시술,7,Tier4_중저빈도
1225,복부대동맥,7,해부및생리,5,Tier4_중저빈도
1226,급성신우신염,7,기타의료용어,6,Tier4_중저빈도
1227,백내장수술,7,수술및시술,5,Tier4_중저빈도
1228,재검토기,7,의료기기,4,Tier4_중저빈도
1229,구분하기,7,의료기기,4,Tier4_중저빈도
1230,피부묘기,7,의료기기,4,Tier4_중저빈도
1231,두개인두종,7,질병및증후군,5,Tier4_중저빈도
1232,뇌정위적방사선분할수술,7,수술및시술,11,Tier4_중저빈도
1233,삼첨판막,7,해부및생리,4,Tier4_중저빈도
1234,구개열수술,7,수술및시술,5,Tier4_중저빈도
1235,기능개선,7,해부및생리,4,Tier4_중저빈도
1236,수술하기,7,의료기기,4,Tier4_중저빈도
1237,요천골신경,7,해부및생리,5,Tier4_중저빈도
1238,심전도기록기,7,의료기기,6,Tier4_중저빈도
1239,Valganciclovir,7,기타의료용어,14,Tier4_중저빈도
1240,발싸이트,7,기타의료용어,4,Tier4_중저빈도
1241,형질세포종,7,질병및증후군,5,Tier4_중저빈도
1242,프라카논,7,기타의료용어,4,Tier4_중저빈도
1243,승모판막성형술,7,수술및시술,7,Tier4_중저빈도
1244,티눈제거술,7,수술및시술,5,Tier4_중저빈도
1245,소정수기,7,의료기기,4,Tier4_중저빈도
1246,하부요로증,7,기타의료용어,5,Tier4_중저빈도
1247,전신홍반루,7,기타의료용어,5,Tier4_중저빈도
1248,물리치료요법,7,수술및시술,6,Tier4_중저빈도
1249,인대피하단열수술,7,수술및시술,8,Tier4_중저빈도
1250,자가표피이식술,7,수술및시술,7,Tier4_중저빈도
1251,시간혈압측정검사,7,검사및진단,8,Tier4_중저빈도
1252,치주질환수술,7,수술및시술,6,Tier4_중저빈도
1253,방사선시술,7,수술및시술,5,Tier4_중저빈도
1254,응급의료수가기준,7,의료기기,8,Tier4_중저빈도
1255,응급의료수가기,7,의료기기,7,Tier4_중저빈도
1256,기능저하증,7,의료기기,5,Tier4_중저빈도
1257,Romosozumab,7,생물학적제제,11,Tier4_중저빈도
1258,이베니티,7,기타의료용어,4,Tier4_중저빈도
1259,만성기관지염,7,의료기기,6,Tier4_중저빈도
1260,심율동전환술,7,수술및시술,6,Tier4_중저빈도
1261,용적감소술,7,수술및시술,5,Tier4_중저빈도
1262,체외순환기,7,의료기기,5,Tier4_중저빈도
1263,관상동맥우회로술,7,수술및시술,8,Tier4_중저빈도
1264,연골절제술,7,수술및시술,5,Tier4_중저빈도
1265,피부양성종,7,질병및증후군,5,Tier4_중저빈도
1266,피부섬유아세포,7,해부및생리,7,Tier4_중저빈도
1267,효소대체요법,7,수술및시술,6,Tier4_중저빈도
1268,전자기유도기,7,의료기기,6,Tier4_중저빈도
1269,심부정맥혈전증,7,질병및증후군,7,Tier4_중저빈도
1270,CT 또는,7,기타의료용어,5,Tier4_중저빈도
1271,정밀안저검사,7,기타의료용어,6,Tier4_중저빈도
1272,형광안저혈관조영,7,해부및생리,8,Tier4_중저빈도
1273,형광안저혈관조영술,7,수술및시술,9,Tier4_중저빈도
1274,형광안저혈관,7,해부및생리,6,Tier4_중저빈도
1275,기관지확장술,7,수술및시술,6,Tier4_중저빈도
1276,간접열량측정,7,기타의료용어,6,Tier4_중저빈도
1277,굴절및조절검사,7,기타의료용어,7,Tier4_중저빈도
1278,경피적혈전제거술,7,수술및시술,8,Tier4_중저빈도
1279,망막주위막,7,해부및생리,5,Tier4_중저빈도
1280,망막주위막제거술,7,수술및시술,8,Tier4_중저빈도
1281,처우개선,7,해부및생리,4,Tier4_중저빈도
1282,피부각질세포,7,해부및생리,6,Tier4_중저빈도
1283,청력개선,7,해부및생리,4,Tier4_중저빈도
1284,볼리브리스,7,기타의료용어,5,Tier4_중저빈도
1285,치아교정술,7,수술및시술,5,Tier4_중저빈도
1286,하비갑개절제술,7,수술및시술,7,Tier4_중저빈도
1287,피부견인술,7,수술및시술,5,Tier4_중저빈도
1288,저위전방절제술,7,수술및시술,7,Tier4_중저빈도
1289,법정전염병,7,질병및증후군,5,Tier4_중저빈도
1290,형광면역분석,7,검사및진단,6,Tier4_중저빈도
1291,연성요관,7,기타의료용어,4,Tier4_중저빈도
1292,구강미생물검사,7,기타의료용어,7,Tier4_중저빈도
1293,혈액배양신속검출기기,7,의료기기,10,Tier4_중저빈도
1294,최소억제농도검사,7,기타의료용어,8,Tier4_중저빈도
1295,신속처리병리조직검사,7,해부및생리,10,Tier4_중저빈도
1296,신속처리병리조직,7,해부및생리,8,Tier4_중저빈도
1297,신속처리병,7,질병및증후군,5,Tier4_중저빈도
1298,Oseltamivir,7,기타의료용어,11,Tier4_중저빈도
1299,분자병리검사,7,기타의료용어,6,Tier4_중저빈도
1300,요누출압검사,7,기타의료용어,6,Tier4_중저빈도
1301,프리즘가림검사,7,기타의료용어,7,Tier4_중저빈도
1302,자궁전적제술,7,수술및시술,6,Tier4_중저빈도
1303,내시경치료술,7,수술및시술,6,Tier4_중저빈도
1304,일차골수섬유증,7,기타의료용어,7,Tier4_중저빈도
1305,Chronic Obstructive Lung Disease,7,영문의학용어,32,Tier4_중저빈도
1306,현행산정지침,7,기타의료용어,6,Tier4_중저빈도
1307,세포유전학검사,7,해부및생리,7,Tier4_중저빈도
1308,딜라트렌,7,기타의료용어,4,Tier4_중저빈도
1309,원형탈모증,7,기타의료용어,5,Tier4_중저빈도
1310,가온가습고유량비강캐뉼라요법,7,수술및시술,14,Tier4_중저빈도
1311,가온가습고유량비강캐뉼라,7,기타의료용어,12,Tier4_중저빈도
1312,외과적수술,7,수술및시술,5,Tier4_중저빈도
1313,운영하기,7,의료기기,4,Tier4_중저빈도
1314,큐피스템,7,기타의료용어,4,Tier4_중저빈도
1315,중간엽줄기세포,7,해부및생리,7,Tier4_중저빈도
1316,중간엽줄기,7,의료기기,5,Tier4_중저빈도
1317,뇌순환개선,7,해부및생리,5,Tier4_중저빈도
1318,위십이지장궤양,7,기타의료용어,7,Tier4_중저빈도
1319,난소난관적출술,7,수술및시술,7,Tier4_중저빈도
1320,각막절제술,7,수술및시술,5,Tier4_중저빈도
1321,성상신경절차,7,해부및생리,6,Tier4_중저빈도
1322,소아혈액투석,7,수술및시술,6,Tier4_중저빈도
1323,소모성질환,7,질병및증후군,5,Tier4_중저빈도
1324,급성기관지염,7,의료기기,6,Tier4_중저빈도
1325,분자유전검사,7,기타의료용어,6,Tier4_중저빈도
1326,추간판내고주파열응고술,7,수술및시술,11,Tier4_중저빈도
1327,추간판내고주파,7,기타의료용어,7,Tier4_중저빈도
1328,공막고정술,7,수술및시술,5,Tier4_중저빈도
1329,청성지속반응검사,7,기타의료용어,8,Tier4_중저빈도
1330,변연절제술,7,수술및시술,5,Tier4_중저빈도
1331,환자감시장치,7,의료기기,6,Tier4_중저빈도
1332,CT 촬영을,7,기타의료용어,6,Tier4_중저빈도
1333,PET 촬영,7,기타의료용어,6,Tier4_중저빈도
1334,잠복결핵검사,7,기타의료용어,6,Tier4_중저빈도
1335,극초단파요법,7,수술및시술,6,Tier4_중저빈도
1336,진단용방사선,7,해부및생리,6,Tier4_중저빈도
1337,무상보상기,7,의료기기,5,Tier4_중저빈도
1338,일반병상비율,7,측정값지표,6,Tier4_중저빈도
1339,임상병리검사,7,기타의료용어,6,Tier4_중저빈도
1340,급성열성호흡기,7,의료기기,7,Tier4_중저빈도
1341,중증진료등록,7,기타의료용어,6,Tier4_중저빈도
1342,보험급여인정기,7,의료기기,7,Tier4_중저빈도
1343,보험급여인정기준,7,의료기기,8,Tier4_중저빈도
1344,감각기관,7,의료기기,4,Tier4_중저빈도
1345,풍선복원술,7,수술및시술,5,Tier4_중저빈도
1346,CT 요양급여,7,기타의료용어,7,Tier4_중저빈도
1347,대퇴신경차단술,7,수술및시술,7,Tier4_중저빈도
1348,척추후궁절제후증후군,7,질병및증후군,10,Tier4_중저빈도
1349,척추후궁절제후증,7,기타의료용어,8,Tier4_중저빈도
1350,신호대기,7,의료기기,4,Tier4_중저빈도
1351,서울특별시및광역시구지역소재요양기,7,의료기기,17,Tier4_중저빈도
1352,서울특별시및광역시구지역소재요양기관,7,의료기기,18,Tier4_중저빈도
1353,전립선증식증,7,해부및생리,6,Tier4_중저빈도
1354,티쎈트릭,7,기타의료용어,4,Tier4_중저빈도
1355,씨스푸란,7,기타의료용어,4,Tier4_중저빈도
1356,Positron Emission Tomography,7,영문의학용어,28,Tier4_중저빈도
1357,췌관배액술,7,수술및시술,5,Tier4_중저빈도
1358,반월상연골봉합술,7,수술및시술,8,Tier4_중저빈도
1359,흉터개선,7,해부및생리,4,Tier4_중저빈도
1360,타각적청력역치측정검사,7,검사및진단,11,Tier4_중저빈도
1361,공동폐쇄유양동절제술,7,수술및시술,10,Tier4_중저빈도
1362,만성육아종,6,질병및증후군,5,Tier4_중저빈도
1363,만성육아종질환,6,질병및증후군,7,Tier4_중저빈도
1364,시신경척수염,6,해부및생리,6,Tier4_중저빈도
1365,시신경척수,6,해부및생리,5,Tier4_중저빈도
1366,Disease Modifying,6,영문의학용어,17,Tier4_중저빈도
1367,아프타성구내염,6,기타의료용어,7,Tier4_중저빈도
1368,Nifedipine,6,생물학적제제,10,Tier4_중저빈도
1369,아달라트오로스,6,기타의료용어,7,Tier4_중저빈도
1370,Vascular Surgery,6,영문의학용어,16,Tier4_중저빈도
1371,다기관염증증후군,6,질병및증후군,8,Tier4_중저빈도
1372,다기관염증증,6,의료기기,6,Tier4_중저빈도
1373,투여조건,6,기타의료용어,4,Tier4_중저빈도
1374,표피박리증,6,기타의료용어,5,Tier4_중저빈도
1375,원발장기,6,의료기기,4,Tier4_중저빈도
1376,경피적담관,6,기타의료용어,5,Tier4_중저빈도
1377,국제질병분류,6,기타의료용어,6,Tier4_중저빈도
1378,크론병활성도,6,측정값지표,6,Tier4_중저빈도
1379,울혈성심부전,6,질병및증후군,6,Tier4_중저빈도
1380,장기이식술,6,수술및시술,5,Tier4_중저빈도
1381,Membrane Oxygenation,6,영문의학용어,20,Tier4_중저빈도
1382,대퇴슬와동맥,6,해부및생리,6,Tier4_중저빈도
1383,인공성대삽입술,6,수술및시술,7,Tier4_중저빈도
1384,Vancomycin,6,생물학적제제,10,Tier4_중저빈도
1385,클래리시드필름코팅,6,기타의료용어,9,Tier4_중저빈도
1386,황체형성호르몬,6,기타의료용어,7,Tier4_중저빈도
1387,후방감압술,6,수술및시술,5,Tier4_중저빈도
1388,정관정관,6,기타의료용어,4,Tier4_중저빈도
1389,정관정관문합술,6,수술및시술,7,Tier4_중저빈도
1390,확진하기,6,의료기기,4,Tier4_중저빈도
1391,음압격리병,6,질병및증후군,5,Tier4_중저빈도
1392,청소년기,6,의료기기,4,Tier4_중저빈도
1393,아일리아,6,기타의료용어,4,Tier4_중저빈도
1394,Radiofrequency Ablation,6,영문의학용어,23,Tier4_중저빈도
1395,유치도뇨관,6,기타의료용어,5,Tier4_중저빈도
1396,비호지킨림프종,6,질병및증후군,7,Tier4_중저빈도
1397,Esomeprazole,6,생물학적제제,12,Tier4_중저빈도
1398,Brolucizumab,6,생물학적제제,12,Tier4_중저빈도
1399,대동맥근부수술,6,수술및시술,7,Tier4_중저빈도
1400,상결장경검사,6,기타의료용어,6,Tier4_중저빈도
1401,신경근병증,6,질병및증후군,5,Tier4_중저빈도
1402,탈수초성질환,6,질병및증후군,6,Tier4_중저빈도
1403,퇴행성질환,6,질병및증후군,5,Tier4_중저빈도
1404,뇌하수체기능저하증,6,의료기기,9,Tier4_중저빈도
1405,침습적동맥,6,해부및생리,5,Tier4_중저빈도
1406,교모세포종,6,질병및증후군,5,Tier4_중저빈도
1407,말초혈액검사,6,기타의료용어,6,Tier4_중저빈도
1408,전국의료관,6,기타의료용어,5,Tier4_중저빈도
1409,감염감시체,6,기타의료용어,5,Tier4_중저빈도
1410,감염감시체계,6,기타의료용어,6,Tier4_중저빈도
1411,루베리스,6,기타의료용어,4,Tier4_중저빈도
1412,킨텔레스,6,기타의료용어,4,Tier4_중저빈도
1413,이소골재건술,6,수술및시술,6,Tier4_중저빈도
1414,이소골재건,6,기타의료용어,5,Tier4_중저빈도
1415,말초동맥질환,6,질병및증후군,6,Tier4_중저빈도
1416,대한임상검사정도관,6,기타의료용어,9,Tier4_중저빈도
1417,대한임상검사정도,6,기타의료용어,8,Tier4_중저빈도
1418,경동맥수술,6,수술및시술,5,Tier4_중저빈도
1419,위장관질환,6,질병및증후군,5,Tier4_중저빈도
1420,피부묘기증,6,의료기기,5,Tier4_중저빈도
1421,산소포화도측정,6,기타의료용어,7,Tier4_중저빈도
1422,음경해면체,6,기타의료용어,5,Tier4_중저빈도
1423,야간조제관,6,기타의료용어,5,Tier4_중저빈도
1424,아전절제술,6,수술및시술,5,Tier4_중저빈도
1425,측두하악장애,6,질병및증후군,6,Tier4_중저빈도
1426,경막외조영술,6,수술및시술,6,Tier4_중저빈도
1427,적정치료기,6,의료기기,5,Tier4_중저빈도
1428,중앙집중관찰시스템,6,의료기기,9,Tier4_중저빈도
1429,중앙집중관찰,6,기타의료용어,6,Tier4_중저빈도
1430,중앙집중관,6,기타의료용어,5,Tier4_중저빈도
1431,세포내시경검사,6,해부및생리,7,Tier4_중저빈도
1432,도수근력검사,6,기타의료용어,6,Tier4_중저빈도
1433,승모판치환술,6,수술및시술,6,Tier4_중저빈도
1434,방사면역측정,6,검사및진단,6,Tier4_중저빈도
1435,자궁경관무력증,6,기타의료용어,7,Tier4_중저빈도
1436,간동맥조영술,6,수술및시술,6,Tier4_중저빈도
1437,자궁난관,6,기타의료용어,4,Tier4_중저빈도
1438,뇌병변장애,6,질병및증후군,5,Tier4_중저빈도
1439,자폐성장애,6,질병및증후군,5,Tier4_중저빈도
1440,신경박리술,6,수술및시술,5,Tier4_중저빈도
1441,광범위절제술,6,수술및시술,6,Tier4_중저빈도
1442,화학색전술,6,수술및시술,5,Tier4_중저빈도
1443,환자안전기준,6,의료기기,6,Tier4_중저빈도
1444,환자안전기,6,의료기기,5,Tier4_중저빈도
1445,Entecavir,6,기타의료용어,9,Tier4_중저빈도
1446,말초혈관질환,6,질병및증후군,6,Tier4_중저빈도
1447,심혈관계질환,6,질병및증후군,6,Tier4_중저빈도
1448,결막누낭,6,해부및생리,4,Tier4_중저빈도
1449,결막누낭비강문합술,6,수술및시술,9,Tier4_중저빈도
1450,MRI 또는,6,기타의료용어,6,Tier4_중저빈도
1451,Nephrol Dial Transplant,6,영문의학용어,23,Tier4_중저빈도
1452,카테터삽입술,6,수술및시술,6,Tier4_중저빈도
1453,Inflammatory Bowel Disease,6,영문의학용어,26,Tier4_중저빈도
1454,자가혈관,6,해부및생리,4,Tier4_중저빈도
1455,대변항원검사,6,기타의료용어,6,Tier4_중저빈도
1456,Catheter Ablation,6,영문의학용어,17,Tier4_중저빈도
1457,릭시아나,6,기타의료용어,4,Tier4_중저빈도
1458,그레이브스병,6,질병및증후군,6,Tier4_중저빈도
1459,피부양성종양적출술,6,수술및시술,9,Tier4_중저빈도
1460,바이토린,6,기타의료용어,4,Tier4_중저빈도
1461,Simvastatin,6,생물학적제제,11,Tier4_중저빈도
1462,위치표식술,6,수술및시술,5,Tier4_중저빈도
1463,눈물배출기,6,의료기기,5,Tier4_중저빈도
1464,선천성기,6,해부및생리,4,Tier4_중저빈도
1465,대비감도검사,6,기타의료용어,6,Tier4_중저빈도
1466,시험적거치술,6,수술및시술,6,Tier4_중저빈도
1467,도모하기,6,의료기기,4,Tier4_중저빈도
1468,수가개선,6,해부및생리,4,Tier4_중저빈도
1469,해결하기,6,의료기기,4,Tier4_중저빈도
1470,기관절개관,6,해부및생리,5,Tier4_중저빈도
1471,약제내성검사,6,기타의료용어,6,Tier4_중저빈도
1472,성매개감염,6,기타의료용어,5,Tier4_중저빈도
1473,제한적 MRI,6,기타의료용어,7,Tier4_중저빈도
1474,골반복막절제술,6,수술및시술,7,Tier4_중저빈도
1475,골반복막,6,해부및생리,4,Tier4_중저빈도
1476,교원성혈관,6,해부및생리,5,Tier4_중저빈도
1477,휴온스 리도카인 염산염 수화물,6,기타의료용어,16,Tier4_중저빈도
1478,혈액여과술,6,수술및시술,5,Tier4_중저빈도
1479,풍선확장카테터,6,해부및생리,7,Tier4_중저빈도
1480,의뢰기관,6,의료기기,4,Tier4_중저빈도
1481,혈관문합술,6,수술및시술,5,Tier4_중저빈도
1482,심사기관,6,의료기기,4,Tier4_중저빈도
1483,관상동맥회로우회술,6,수술및시술,9,Tier4_중저빈도
1484,프로토픽,6,기타의료용어,4,Tier4_중저빈도
1485,지유착증수술,6,수술및시술,6,Tier4_중저빈도
1486,기계적혈전제거술,6,수술및시술,8,Tier4_중저빈도
1487,금속스텐트삽입술,6,수술및시술,8,Tier4_중저빈도
1488,설소대성형술,6,수술및시술,6,Tier4_중저빈도
1489,각막곡율측정,6,해부및생리,6,Tier4_중저빈도
1490,심방중격결손증수술,6,수술및시술,9,Tier4_중저빈도
1491,체외진단검사,6,검사및진단,6,Tier4_중저빈도
1492,인접장기,6,의료기기,4,Tier4_중저빈도
1493,치매정신증,6,기타의료용어,5,Tier4_중저빈도
1494,Current Surgical Therapy,6,영문의학용어,24,Tier4_중저빈도
1495,아빌리파이메인테나,6,기타의료용어,9,Tier4_중저빈도
1496,자베스카,6,기타의료용어,4,Tier4_중저빈도
1497,자베스카캡슐,6,약물및성분,6,Tier4_중저빈도
1498,스타빌라이지드세레텍,6,기타의료용어,10,Tier4_중저빈도
1499,의약품분류번호,6,기타의료용어,7,Tier4_중저빈도
1500,관상동맥조영촬영,6,해부및생리,8,Tier4_중저빈도
1501,요양급여의적용기준,6,의료기기,9,Tier4_중저빈도
1502,중이내튜브유치술,6,수술및시술,8,Tier4_중저빈도
1503,중이내튜브,6,기타의료용어,5,Tier4_중저빈도
1504,판정하기,6,의료기기,4,Tier4_중저빈도
1505,기관내튜브,6,의료기기,5,Tier4_중저빈도
1506,식피확장기,6,의료기기,5,Tier4_중저빈도
1507,Occlusion Balloon Catheter,6,영문의학용어,26,Tier4_중저빈도
1508,역행성담췌관내시경수술,6,수술및시술,11,Tier4_중저빈도
1509,역행성담췌관내시경,6,기타의료용어,9,Tier4_중저빈도
1510,모유수유간호관,6,기타의료용어,7,Tier4_중저빈도
1511,클로자릴,6,기타의료용어,4,Tier4_중저빈도
1512,가와사끼병,6,질병및증후군,5,Tier4_중저빈도
1513,Pressure Monitoring,6,영문의학용어,19,Tier4_중저빈도
1514,다발신경병증,6,질병및증후군,6,Tier4_중저빈도
1515,자궁내막흡인생검,6,해부및생리,8,Tier4_중저빈도
1516,혈액총이산화탄소함량,6,측정값지표,10,Tier4_중저빈도
1517,프라그민,6,기타의료용어,4,Tier4_중저빈도
1518,자동분석기,6,의료기기,5,Tier4_중저빈도
1519,Propranolol,6,생물학적제제,11,Tier4_중저빈도
1520,특수염색검사,6,기타의료용어,6,Tier4_중저빈도
1521,조기유합증,6,의료기기,5,Tier4_중저빈도
1522,검체크기,6,의료기기,4,Tier4_중저빈도
1523,양측장기,6,의료기기,4,Tier4_중저빈도
1524,비예기항체검사,6,의료기기,7,Tier4_중저빈도
1525,불규칙항체검사,6,기타의료용어,7,Tier4_중저빈도
1526,Platelet Neuralization Procedure,6,영문의학용어,32,Tier4_중저빈도
1527,혈액응고탄성,6,기타의료용어,6,Tier4_중저빈도
1528,혈액응고탄성도검사,6,기타의료용어,9,Tier4_중저빈도
1529,비탁면역분석,6,검사및진단,6,Tier4_중저빈도
1530,효소면역측정,6,검사및진단,6,Tier4_중저빈도
1531,정독경관조직,6,해부및생리,6,Tier4_중저빈도
1532,미생물라텍스응집검사,6,기타의료용어,10,Tier4_중저빈도
1533,Polypeptide,6,기타의료용어,11,Tier4_중저빈도
1534,연속절편검사,6,기타의료용어,6,Tier4_중저빈도
1535,조직면역형광검사,6,검사및진단,8,Tier4_중저빈도
1536,주사전자현미경검사,6,기타의료용어,9,Tier4_중저빈도
1537,동결전자현미경검사,6,기타의료용어,9,Tier4_중저빈도
1538,분석전자현미경검사,6,검사및진단,9,Tier4_중저빈도
1539,면역전자현미경검사,6,검사및진단,9,Tier4_중저빈도
1540,자궁경부암검사,6,기타의료용어,7,Tier4_중저빈도
1541,구강박리세포병,6,질병및증후군,7,Tier4_중저빈도
1542,구강박리세포,6,해부및생리,6,Tier4_중저빈도
1543,구강박리세포병리검사,6,해부및생리,10,Tier4_중저빈도
1544,Acethylprocainamide,6,기타의료용어,19,Tier4_중저빈도
1545,Disopyramide,6,기타의료용어,12,Tier4_중저빈도
1546,Procainamide,6,기타의료용어,12,Tier4_중저빈도
1547,Zonisamide,6,기타의료용어,10,Tier4_중저빈도
1548,테이코플라닌약물정량검사,6,기타의료용어,12,Tier4_중저빈도
1549,불소이온측정검사,6,검사및진단,8,Tier4_중저빈도
1550,요중불화물측정,6,기타의료용어,7,Tier4_중저빈도
1551,뎅기열항체검사,6,의료기기,7,Tier4_중저빈도
1552,일본뇌염항체검사,6,기타의료용어,8,Tier4_중저빈도
1553,일본뇌염항체,6,기타의료용어,6,Tier4_중저빈도
1554,뎅기열항체,6,의료기기,5,Tier4_중저빈도
1555,특수약물검사,6,기타의료용어,6,Tier4_중저빈도
1556,마이토닌,6,기타의료용어,4,Tier4_중저빈도
1557,골도보청기,6,의료기기,5,Tier4_중저빈도
1558,반창고견인,6,기타의료용어,5,Tier4_중저빈도
1559,반창고견인술,6,수술및시술,6,Tier4_중저빈도
1560,절삭기구류,6,의료기기,5,Tier4_중저빈도
1561,경요도적방광내수술,6,수술및시술,9,Tier4_중저빈도
1562,골수증식성종,6,질병및증후군,6,Tier4_중저빈도
1563,진성혈소판증가증,6,기타의료용어,8,Tier4_중저빈도
1564,주민등록증,6,기타의료용어,5,Tier4_중저빈도
1565,뉴신타서방,6,기타의료용어,5,Tier4_중저빈도
1566,지역보건,6,기타의료용어,4,Tier4_중저빈도
1567,골이식대체,6,기타의료용어,5,Tier4_중저빈도
1568,프레지스타,6,기타의료용어,5,Tier4_중저빈도
1569,백혈구배양검사,6,기타의료용어,7,Tier4_중저빈도
1570,트랙토실,6,기타의료용어,4,Tier4_중저빈도
1571,Botulinum Toxin Injection Therapy,6,영문의학용어,33,Tier4_중저빈도
1572,치주외과수술,6,수술및시술,6,Tier4_중저빈도
1573,심장조영술,6,수술및시술,5,Tier4_중저빈도
1574,Berman Angiographic Catheter,6,영문의학용어,28,Tier4_중저빈도
1575,배액수집용기,6,의료기기,6,Tier4_중저빈도
1576,공여피부절제기,6,의료기기,7,Tier4_중저빈도
1577,인조안구체,6,기타의료용어,5,Tier4_중저빈도
1578,치핵근치술,6,수술및시술,5,Tier4_중저빈도
1579,수기료산정방법,6,의료기기,7,Tier4_중저빈도
1580,척수신경자극기설치술,6,수술및시술,10,Tier4_중저빈도
1581,흉막유착술,6,수술및시술,5,Tier4_중저빈도
1582,새한크롬이디티에이,6,기타의료용어,9,Tier4_중저빈도
1583,장기이식의료기,6,의료기기,7,Tier4_중저빈도
1584,장기이식의료기관,6,의료기기,8,Tier4_중저빈도
1585,자극발생기,6,의료기기,5,Tier4_중저빈도
1586,소화관내시경검사,6,기타의료용어,8,Tier4_중저빈도
1587,의료급여수가기준,6,의료기기,8,Tier4_중저빈도
1588,의료급여수가기,6,의료기기,7,Tier4_중저빈도
1589,본인부담구분코드,6,기타의료용어,8,Tier4_중저빈도
1590,피부이완증,6,기타의료용어,5,Tier4_중저빈도
1591,피부절제술,6,수술및시술,5,Tier4_중저빈도
1592,전산화단층촬영시스템,6,의료기기,10,Tier4_중저빈도
1593,추간판절제술,6,수술및시술,6,Tier4_중저빈도
1594,가족기능평가,6,의료기기,6,Tier4_중저빈도
1595,신경근파괴술,6,수술및시술,6,Tier4_중저빈도
1596,이화자폐아동행동발달평가,6,기타의료용어,12,Tier4_중저빈도
1597,알버트평가검사,6,검사및진단,7,Tier4_중저빈도
1598,성인배설기능장애,6,질병및증후군,8,Tier4_중저빈도
1599,성인배설기,6,의료기기,5,Tier4_중저빈도
1600,안검내반증수술,6,수술및시술,7,Tier4_중저빈도
1601,상악동사골동근본수술,6,수술및시술,10,Tier4_중저빈도
1602,전체운동기능측정,6,의료기기,8,Tier4_중저빈도
1603,전체운동기,6,의료기기,5,Tier4_중저빈도
1604,정관복원술,6,수술및시술,5,Tier4_중저빈도
1605,피부단자검사,6,기타의료용어,6,Tier4_중저빈도
1606,추간판조영촬영,6,기타의료용어,7,Tier4_중저빈도
1607,소장절제술,6,수술및시술,5,Tier4_중저빈도
1608,Radio Immune Assay,6,영문의학용어,18,Tier4_중저빈도
1609,심혈관조영술,6,수술및시술,6,Tier4_중저빈도
1610,성격선호도검사,6,해부및생리,7,Tier4_중저빈도
1611,특수근관,6,기타의료용어,4,Tier4_중저빈도
1612,근건이완수기요법,6,수술및시술,8,Tier4_중저빈도
1613,근건이완수기,6,의료기기,6,Tier4_중저빈도
1614,시범기관,6,의료기기,4,Tier4_중저빈도
1615,타의료기,6,의료기기,4,Tier4_중저빈도
1616,타의료기관,6,의료기기,5,Tier4_중저빈도
1617,산정하시기,6,의료기기,5,Tier4_중저빈도
1618,인체면역결핍바이러스질환,6,질병및증후군,12,Tier4_중저빈도
1619,희귀난치성질환군,6,기타의료용어,8,Tier4_중저빈도
1620,상기도감염,6,의료기기,5,Tier4_중저빈도
1621,구강악안면방사선,6,해부및생리,8,Tier4_중저빈도
1622,또는 PET,6,기타의료용어,6,Tier4_중저빈도
1623,MRI 촬영시,6,기타의료용어,7,Tier4_중저빈도
1624,중앙심사평가,6,기타의료용어,6,Tier4_중저빈도
1625,의료보호정신질환,6,질병및증후군,8,Tier4_중저빈도
1626,진료비청구관,6,기타의료용어,6,Tier4_중저빈도
1627,원내조제지침,6,기타의료용어,6,Tier4_중저빈도
1628,의료보험요양기관,6,의료기기,8,Tier4_중저빈도
1629,의료보호기관,6,의료기기,6,Tier4_중저빈도
1630,서울시립아동병,6,질병및증후군,7,Tier4_중저빈도
1631,의료보험약가기준,6,의료기기,8,Tier4_중저빈도
1632,의료보험약가기,6,의료기기,7,Tier4_중저빈도
1633,국립소록도병,6,질병및증후군,6,Tier4_중저빈도
1634,간우엽절제술,6,수술및시술,6,Tier4_중저빈도
1635,영구적심박동기,6,의료기기,7,Tier4_중저빈도
1636,경흉부심초음파,6,기타의료용어,7,Tier4_중저빈도
1637,대뇌동맥류,6,해부및생리,5,Tier4_중저빈도
1638,시행한 PET,6,기타의료용어,7,Tier4_중저빈도
1639,추간관절차단술,6,수술및시술,7,Tier4_중저빈도
1640,임상갑상선,6,해부및생리,5,Tier4_중저빈도
1641,MRI 인정여부,6,기타의료용어,8,Tier4_중저빈도
1642,Temozolomide,6,기타의료용어,12,Tier4_중저빈도
1643,피하양성종,6,질병및증후군,5,Tier4_중저빈도
1644,CT 검사,6,기타의료용어,5,Tier4_중저빈도
1645,화학요법기,6,의료기기,5,Tier4_중저빈도
1646,단클론항체,6,기타의료용어,5,Tier4_중저빈도
1647,갑상선악성종양근치수술,6,수술및시술,11,Tier4_중저빈도
1648,갑상선악성종,6,질병및증후군,6,Tier4_중저빈도
1649,상악동근본수술,6,수술및시술,7,Tier4_중저빈도
1650,이정변기요법,6,수술및시술,6,Tier4_중저빈도
1651,이정변기,6,의료기기,4,Tier4_중저빈도
1652,심사적용방법,6,기타의료용어,6,Tier4_중저빈도
1653,골수염또는골농양수술,6,수술및시술,10,Tier4_중저빈도
1654,배형성형술,6,수술및시술,5,Tier4_중저빈도
1655,골부분절제술,6,수술및시술,6,Tier4_중저빈도
1656,두부 CT,6,기타의료용어,5,Tier4_중저빈도
1657,전방유합술,6,수술및시술,5,Tier4_중저빈도
1658,내측반달연골,6,해부및생리,6,Tier4_중저빈도
1659,근막통증증,6,해부및생리,5,Tier4_중저빈도
1660,근막통증증후군,6,질병및증후군,7,Tier4_중저빈도
1661,전십자인대,6,해부및생리,5,Tier4_중저빈도
1662,체외조사전산화방사선,6,해부및생리,10,Tier4_중저빈도
1663,두번째혈관,6,해부및생리,5,Tier4_중저빈도
1664,재심의하기,6,의료기기,5,Tier4_중저빈도
1665,수술적응증,6,기타의료용어,5,Tier4_중저빈도
1666,방사선병용요법,6,수술및시술,7,Tier4_중저빈도
1667,발작성야간혈색소뇨증,5,기타의료용어,10,Tier4_중저빈도
1668,대한천식알레르기,5,의료기기,8,Tier4_중저빈도
1669,고형장기,5,의료기기,4,Tier4_중저빈도
1670,Voriconazole,5,생물학적제제,12,Tier4_중저빈도
1671,흉관삽관,5,기타의료용어,4,Tier4_중저빈도
1672,Kidney Diseases,5,영문의학용어,15,Tier4_중저빈도
1673,만성콩팥병,5,질병및증후군,5,Tier4_중저빈도
1674,관상동맥합병증,5,질병및증후군,7,Tier4_중저빈도
1675,아급성탈수초성다발성신경,5,해부및생리,12,Tier4_중저빈도
1676,비장적출수술,5,수술및시술,6,Tier4_중저빈도
1677,주요장기,5,의료기기,4,Tier4_중저빈도
1678,혈장분리교환술,5,수술및시술,7,Tier4_중저빈도
1679,아급성탈수초성다발성신경염,5,해부및생리,13,Tier4_중저빈도
1680,주의력결핍과잉행동장애,5,질병및증후군,11,Tier4_중저빈도
1681,담도협착확장술,5,수술및시술,7,Tier4_중저빈도
1682,배액관교환술,5,수술및시술,6,Tier4_중저빈도
1683,요관스텐트설치술,5,수술및시술,8,Tier4_중저빈도
1684,아뎀파스,5,기타의료용어,4,Tier4_중저빈도
1685,대한결핵및호흡기,5,의료기기,8,Tier4_중저빈도
1686,Clin Transplant,5,영문의학용어,15,Tier4_중저빈도
1687,난소절제술,5,수술및시술,5,Tier4_중저빈도
1688,폐구역절제술,5,수술및시술,6,Tier4_중저빈도
1689,폐기포절제술,5,수술및시술,6,Tier4_중저빈도
1690,방광전적출술,5,수술및시술,6,Tier4_중저빈도
1691,Stent Restenosis,5,영문의학용어,16,Tier4_중저빈도
1692,약물방출스텐트,5,의료기기,7,Tier4_중저빈도
1693,영구기관,5,의료기기,4,Tier4_중저빈도
1694,확장유도술,5,수술및시술,5,Tier4_중저빈도
1695,Ocrelizumab,5,생물학적제제,11,Tier4_중저빈도
1696,디엠듀오,5,기타의료용어,4,Tier4_중저빈도
1697,ICD 기준에,5,의료기기,7,Tier4_중저빈도
1698,비귀금속도재관,5,기타의료용어,7,Tier4_중저빈도
1699,비귀금속도,5,측정값지표,5,Tier4_중저빈도
1700,성장호르몬주사제,5,약물및성분,8,Tier4_중저빈도
1701,심퍼니프리필드시린지,5,기타의료용어,10,Tier4_중저빈도
1702,정계정맥류,5,해부및생리,5,Tier4_중저빈도
1703,자궁경부원추형절제술,5,수술및시술,10,Tier4_중저빈도
1704,뇌실천자술,5,수술및시술,5,Tier4_중저빈도
1705,구강점막,5,해부및생리,4,Tier4_중저빈도
1706,빛간섭단층촬영,5,기타의료용어,7,Tier4_중저빈도
1707,결핵진료지침,5,기타의료용어,6,Tier4_중저빈도
1708,만성신질환,5,질병및증후군,5,Tier4_중저빈도
1709,저성선자극호르몬,5,해부및생리,8,Tier4_중저빈도
1710,만성난치통증,5,기타의료용어,6,Tier4_중저빈도
1711,근위축성축삭경화증,5,기타의료용어,9,Tier4_중저빈도
1712,요관절석술,5,수술및시술,5,Tier4_중저빈도
1713,기계환기,5,의료기기,4,Tier4_중저빈도
1714,흉부방사선,5,해부및생리,5,Tier4_중저빈도
1715,산정조건,5,기타의료용어,4,Tier4_중저빈도
1716,Treatment Strategies,5,영문의학용어,20,Tier4_중저빈도
1717,심장재수술,5,수술및시술,5,Tier4_중저빈도
1718,베쳇증후군,5,질병및증후군,5,Tier4_중저빈도
1719,대한감염관,5,기타의료용어,5,Tier4_중저빈도
1720,신경학적검사,5,해부및생리,6,Tier4_중저빈도
1721,소아청소년암,5,질병및증후군,6,Tier4_중저빈도
1722,행위재분류,5,기타의료용어,5,Tier4_중저빈도
1723,침습적동맥압혈압측정,5,해부및생리,10,Tier4_중저빈도
1724,침습적동맥압혈압,5,해부및생리,8,Tier4_중저빈도
1725,Benralizumab,5,생물학적제제,12,Tier4_중저빈도
1726,Fremanezumab,5,생물학적제제,12,Tier4_중저빈도
1727,한국망막,5,해부및생리,4,Tier4_중저빈도
1728,다발성골수종,5,질병및증후군,6,Tier4_중저빈도
1729,Coagulation Disorders,5,영문의학용어,21,Tier4_중저빈도
1730,전시야광역치검사,5,기타의료용어,8,Tier4_중저빈도
1731,호르몬대체요법,5,수술및시술,7,Tier4_중저빈도
1732,호르몬대체,5,기타의료용어,5,Tier4_중저빈도
1733,누점폐쇄술,5,수술및시술,5,Tier4_중저빈도
1734,Amoxicillin,5,생물학적제제,11,Tier4_중저빈도
1735,Alirocumab,5,생물학적제제,10,Tier4_중저빈도
1736,복부대동맥류,5,해부및생리,6,Tier4_중저빈도
1737,Drug Therapy,5,영문의학용어,12,Tier4_중저빈도
1738,Evolocumab,5,생물학적제제,10,Tier4_중저빈도
1739,담낭악성종,5,질병및증후군,5,Tier4_중저빈도
1740,담낭악성종양근치수술,5,수술및시술,10,Tier4_중저빈도
1741,제한적초음파,5,기타의료용어,6,Tier4_중저빈도
1742,상장간막,5,해부및생리,4,Tier4_중저빈도
1743,다낭성난소증,5,기타의료용어,6,Tier4_중저빈도
1744,다낭성난소증후군,5,질병및증후군,8,Tier4_중저빈도
1745,행정기관,5,의료기기,4,Tier4_중저빈도
1746,신경섬유종증,5,해부및생리,6,Tier4_중저빈도
1747,개두술마취,5,수술및시술,5,Tier4_중저빈도
1748,고빈도제트환기,5,의료기기,7,Tier4_중저빈도
1749,고빈도제트환기법마취,5,수술및시술,10,Tier4_중저빈도
1750,사람유두종,5,질병및증후군,5,Tier4_중저빈도
1751,척추동정맥,5,해부및생리,5,Tier4_중저빈도
1752,척추강내종,5,질병및증후군,5,Tier4_중저빈도
1753,선천성질환,5,질병및증후군,5,Tier4_중저빈도
1754,척추동정맥기,5,해부및생리,6,Tier4_중저빈도
1755,부갑상선기능항진증,5,해부및생리,9,Tier4_중저빈도
1756,아데노이드절제술,5,수술및시술,8,Tier4_중저빈도
1757,구순열비교정술,5,수술및시술,7,Tier4_중저빈도
1758,개선하기,5,해부및생리,4,Tier4_중저빈도
1759,관상동맥 CT,5,해부및생리,7,Tier4_중저빈도
1760,이해하기,5,의료기기,4,Tier4_중저빈도
1761,레보펙신,5,기타의료용어,4,Tier4_중저빈도
1762,파노라마촬영,5,기타의료용어,6,Tier4_중저빈도
1763,오구돌기,5,의료기기,4,Tier4_중저빈도
1764,액와하부신경,5,해부및생리,6,Tier4_중저빈도
1765,퇴행성관절,5,해부및생리,5,Tier4_중저빈도
1766,인공관절전치환술,5,수술및시술,8,Tier4_중저빈도
1767,퇴행성관절염,5,해부및생리,6,Tier4_중저빈도
1768,퇴행성관,5,기타의료용어,4,Tier4_중저빈도
1769,조직세절기,5,해부및생리,5,Tier4_중저빈도
1770,급성백혈병,5,질병및증후군,5,Tier4_중저빈도
1771,샤르코마리투스병,5,질병및증후군,8,Tier4_중저빈도
1772,인공혈관,5,해부및생리,4,Tier4_중저빈도
1773,시신경유두입체검사,5,해부및생리,9,Tier4_중저빈도
1774,시신경유두입체,5,해부및생리,7,Tier4_중저빈도
1775,골성장판성장억제술,5,수술및시술,9,Tier4_중저빈도
1776,연결하기,5,의료기기,4,Tier4_중저빈도
1777,전립선절제술,5,수술및시술,6,Tier4_중저빈도
1778,여성생식기종,5,질병및증후군,6,Tier4_중저빈도
1779,세침흡인생검,5,기타의료용어,6,Tier4_중저빈도
1780,저인산혈증,5,기타의료용어,5,Tier4_중저빈도
1781,고칼슘혈증,5,기타의료용어,5,Tier4_중저빈도
1782,저칼슘혈증,5,기타의료용어,5,Tier4_중저빈도
1783,Emicizumab,5,생물학적제제,10,Tier4_중저빈도
1784,혹은 MRI,5,기타의료용어,6,Tier4_중저빈도
1785,혈류감염증,5,질병및증후군,5,Tier4_중저빈도
1786,경동맥경화성협착증,5,질병및증후군,9,Tier4_중저빈도
1787,동일입원기,5,의료기기,5,Tier4_중저빈도
1788,척추경나사못고정술,5,수술및시술,9,Tier4_중저빈도
1789,건인대성형술,5,수술및시술,6,Tier4_중저빈도
1790,만성골수염,5,기타의료용어,5,Tier4_중저빈도
1791,Steroid Intra Discal  Therapy,5,영문의학용어,29,Tier4_중저빈도
1792,구강건조증,5,기타의료용어,5,Tier4_중저빈도
1793,폐쇄성무정자증,5,기타의료용어,7,Tier4_중저빈도
1794,치료재료구입금액에관,5,기타의료용어,10,Tier4_중저빈도
1795,치료재료구입금액에관한산정기준,5,의료기기,15,Tier4_중저빈도
1796,치료재료구입금액에관한산정기,5,의료기기,14,Tier4_중저빈도
1797,내시경적상부소화관,5,기타의료용어,9,Tier4_중저빈도
1798,인공고관,5,의료기기,4,Tier4_중저빈도
1799,인공고관절,5,해부및생리,5,Tier4_중저빈도
1800,월경조절술,5,수술및시술,5,Tier4_중저빈도
1801,전문기관,5,의료기기,4,Tier4_중저빈도
1802,기관지유발검사,5,의료기기,7,Tier4_중저빈도
1803,종료되기,5,의료기기,4,Tier4_중저빈도
1804,Adefovir,5,기타의료용어,8,Tier4_중저빈도
1805,조정봉합술,5,수술및시술,5,Tier4_중저빈도
1806,Rabeprazole,5,생물학적제제,11,Tier4_중저빈도
1807,Grazoprevir,5,기타의료용어,11,Tier4_중저빈도
1808,Voxilaprevir,5,기타의료용어,12,Tier4_중저빈도
1809,Elbasvir,5,기타의료용어,8,Tier4_중저빈도
1810,바이러스검사,5,기타의료용어,6,Tier4_중저빈도
1811,투석도관,5,기타의료용어,4,Tier4_중저빈도
1812,조기위암절제술,5,수술및시술,7,Tier4_중저빈도
1813,대한소아신경,5,해부및생리,6,Tier4_중저빈도
1814,Hypertrophic Cardiomyopathy,5,영문의학용어,27,Tier4_중저빈도
1815,동맥혈관,5,해부및생리,4,Tier4_중저빈도
1816,인공항문조성술,5,수술및시술,7,Tier4_중저빈도
1817,자궁질세포병리검사,5,해부및생리,9,Tier4_중저빈도
1818,자궁질세포병,5,질병및증후군,6,Tier4_중저빈도
1819,자궁질세포,5,해부및생리,5,Tier4_중저빈도
1820,약물주입펌프,5,의료기기,6,Tier4_중저빈도
1821,약물주입펌프이식술,5,수술및시술,9,Tier4_중저빈도
1822,관혈적추간판,5,기타의료용어,6,Tier4_중저빈도
1823,관혈적추간판제거술,5,수술및시술,9,Tier4_중저빈도
1824,공여적합성검사,5,기타의료용어,7,Tier4_중저빈도
1825,증상개선,5,해부및생리,4,Tier4_중저빈도
1826,대한마취통증,5,기타의료용어,6,Tier4_중저빈도
1827,적용기관,5,의료기기,4,Tier4_중저빈도
1828,Holter Monitoring,5,영문의학용어,17,Tier4_중저빈도
1829,통합환자관,5,기타의료용어,5,Tier4_중저빈도
1830,Penetrating Catheter,5,영문의학용어,20,Tier4_중저빈도
1831,참조혈관,5,해부및생리,4,Tier4_중저빈도
1832,양성종양적출술,5,수술및시술,7,Tier4_중저빈도
1833,면역조직화학검사,5,검사및진단,8,Tier4_중저빈도
1834,이산화탄소분압,5,측정값지표,7,Tier4_중저빈도
1835,감소하기,5,의료기기,4,Tier4_중저빈도
1836,혈관크기,5,해부및생리,4,Tier4_중저빈도
1837,고빌리루빈혈증,5,기타의료용어,7,Tier4_중저빈도
1838,항미토콘드리아항체,5,기타의료용어,9,Tier4_중저빈도
1839,기존기관,5,의료기기,4,Tier4_중저빈도
1840,미세혈관병증,5,질병및증후군,6,Tier4_중저빈도
1841,혈종제거술,5,수술및시술,5,Tier4_중저빈도
1842,항인지질항체증후군,5,질병및증후군,9,Tier4_중저빈도
1843,항인지질항체증,5,기타의료용어,7,Tier4_중저빈도
1844,눈물막파괴검사,5,해부및생리,7,Tier4_중저빈도
1845,교원성혈관질환,5,질병및증후군,7,Tier4_중저빈도
1846,혈류측정술,5,수술및시술,5,Tier4_중저빈도
1847,급성악화기,5,의료기기,5,Tier4_중저빈도
1848,의약품주입여과기,5,의료기기,8,Tier4_중저빈도
1849,전방십자인대,5,해부및생리,6,Tier4_중저빈도
1850,죽상혈전증,5,질병및증후군,5,Tier4_중저빈도
1851,Kawasaki Disease,5,영문의학용어,16,Tier4_중저빈도
1852,파브라자임,5,기타의료용어,5,Tier4_중저빈도
1853,Distal Access Intermediate Catheter,5,영문의학용어,35,Tier4_중저빈도
1854,부비동내경검사,5,기타의료용어,7,Tier4_중저빈도
1855,비인강경검사,5,기타의료용어,6,Tier4_중저빈도
1856,천공배액술,5,수술및시술,5,Tier4_중저빈도
1857,Dialysis Therapy,5,영문의학용어,16,Tier4_중저빈도
1858,관절가동범위검사,5,해부및생리,8,Tier4_중저빈도
1859,설단소증수술,5,수술및시술,6,Tier4_중저빈도
1860,쿠싱증후군,5,질병및증후군,5,Tier4_중저빈도
1861,혈소판수혈,5,수술및시술,5,Tier4_중저빈도
1862,식도절제술,5,수술및시술,5,Tier4_중저빈도
1863,공여자특이항체,5,기타의료용어,7,Tier4_중저빈도
1864,마이크로카테터,5,의료기기,7,Tier4_중저빈도
1865,Adjunctive Therapy,5,영문의학용어,18,Tier4_중저빈도
1866,New Treatment Recommendations,5,영문의학용어,29,Tier4_중저빈도
1867,생식기관,5,의료기기,4,Tier4_중저빈도
1868,술전유아악정형장치,5,의료기기,9,Tier4_중저빈도
1869,Nasal Stent,5,영문의학용어,11,Tier4_중저빈도
1870,관류액주입관,5,기타의료용어,6,Tier4_중저빈도
1871,신생아기,5,의료기기,4,Tier4_중저빈도
1872,부속기종양적출술,5,수술및시술,8,Tier4_중저빈도
1873,망막전막,5,해부및생리,4,Tier4_중저빈도
1874,구개인두부전증,5,기타의료용어,7,Tier4_중저빈도
1875,구개인두부전,5,질병및증후군,6,Tier4_중저빈도
1876,말초조혈모세포,5,해부및생리,7,Tier4_중저빈도
1877,중비갑개점막,5,해부및생리,6,Tier4_중저빈도
1878,Quetiapine,5,기타의료용어,10,Tier4_중저빈도
1879,경피적튜브,5,기타의료용어,5,Tier4_중저빈도
1880,경피적튜브배액술,5,수술및시술,8,Tier4_중저빈도
1881,혈로혈류량측정,5,기타의료용어,7,Tier4_중저빈도
1882,혈로혈류량측정술,5,수술및시술,8,Tier4_중저빈도
1883,자동차보험약관,5,기타의료용어,7,Tier4_중저빈도
1884,구강내소염,5,기타의료용어,5,Tier4_중저빈도
1885,난소과자극증후군,5,질병및증후군,8,Tier4_중저빈도
1886,난소과자극증,5,기타의료용어,6,Tier4_중저빈도
1887,Daclatasvir,5,기타의료용어,11,Tier4_중저빈도
1888,혈중약물농도,5,측정값지표,6,Tier4_중저빈도
1889,각막이물제거술,5,수술및시술,7,Tier4_중저빈도
1890,자궁소파술,5,수술및시술,5,Tier4_중저빈도
1891,폐내진동환기,5,의료기기,6,Tier4_중저빈도
1892,연결장기,5,의료기기,4,Tier4_중저빈도
1893,골조직표본검사,5,해부및생리,7,Tier4_중저빈도
1894,집균도말검사,5,기타의료용어,6,Tier4_중저빈도
1895,미생물배양검사,5,기타의료용어,7,Tier4_중저빈도
1896,악성종양수술,5,수술및시술,6,Tier4_중저빈도
1897,간염예방접종,5,질병및증후군,6,Tier4_중저빈도
1898,인슐린양성장인자결합단백질,5,기타의료용어,13,Tier4_중저빈도
1899,요침사현미경검사,5,기타의료용어,8,Tier4_중저빈도
1900,식도정맥류,5,해부및생리,5,Tier4_중저빈도
1901,타미플루,5,기타의료용어,4,Tier4_중저빈도
1902,타미플루캡슐,5,약물및성분,6,Tier4_중저빈도
1903,Zanamivir,5,기타의료용어,9,Tier4_중저빈도
1904,신경학적척도검사,5,해부및생리,8,Tier4_중저빈도
1905,급성화농성관절,5,해부및생리,7,Tier4_중저빈도
1906,급성화농성관절염,5,해부및생리,8,Tier4_중저빈도
1907,급성화농성관절염절개술,5,수술및시술,11,Tier4_중저빈도
1908,급성화농성관,5,기타의료용어,6,Tier4_중저빈도
1909,Certolizumab,5,생물학적제제,12,Tier4_중저빈도
1910,신우내압측정검사,5,검사및진단,8,Tier4_중저빈도
1911,Ombitasvir,5,기타의료용어,10,Tier4_중저빈도
1912,Dasabuvir,5,기타의료용어,9,Tier4_중저빈도
1913,대한배뇨장애,5,질병및증후군,6,Tier4_중저빈도
1914,이식기관,5,의료기기,4,Tier4_중저빈도
1915,골반장기,5,의료기기,4,Tier4_중저빈도
1916,Enzyme Replacement Therapy,5,영문의학용어,26,Tier4_중저빈도
1917,환자분류군,5,기타의료용어,5,Tier4_중저빈도
1918,한방요양기관,5,의료기기,6,Tier4_중저빈도
1919,한방요양기,5,의료기기,5,Tier4_중저빈도
1920,무혈성괴사증,5,기타의료용어,6,Tier4_중저빈도
1921,Etoposide,5,기타의료용어,9,Tier4_중저빈도
1922,간이식수술,5,수술및시술,5,Tier4_중저빈도
1923,CT 포함,5,기타의료용어,5,Tier4_중저빈도
1924,단단문합술,5,수술및시술,5,Tier4_중저빈도
1925,의료급여수가의기준,5,의료기기,9,Tier4_중저빈도
1926,의료급여수가의기,5,의료기기,8,Tier4_중저빈도
1927,등록유예기,5,의료기기,5,Tier4_중저빈도
1928,Assisted Closure Therapy,5,영문의학용어,24,Tier4_중저빈도
1929,완화하기,5,의료기기,4,Tier4_중저빈도
1930,진료의뢰건,5,기타의료용어,5,Tier4_중저빈도
1931,Jostent Coronary Stent Graft,5,영문의학용어,28,Tier4_중저빈도
1932,미세추간판절제술,5,수술및시술,8,Tier4_중저빈도
1933,최소침습추간판,5,기타의료용어,7,Tier4_중저빈도
1934,최소침습추간판제거술,5,수술및시술,10,Tier4_중저빈도
1935,CT촬영시,5,기타의료용어,5,Tier4_중저빈도
1936,수가산정기준,5,의료기기,6,Tier4_중저빈도
1937,수가산정기,5,의료기기,5,Tier4_중저빈도
1938,선택적신경,5,해부및생리,5,Tier4_중저빈도
1939,체외자기,5,의료기기,4,Tier4_중저빈도
1940,경피적척추고주파열응고술,5,수술및시술,12,Tier4_중저빈도
1941,경피적척추고주파,5,기타의료용어,8,Tier4_중저빈도
1942,경피적척추고주파열,5,기타의료용어,9,Tier4_중저빈도
1943,식도재건,5,기타의료용어,4,Tier4_중저빈도
1944,식도재건술,5,수술및시술,5,Tier4_중저빈도
1945,요관방광문합술,5,수술및시술,7,Tier4_중저빈도
1946,응급근관처치,5,수술및시술,6,Tier4_중저빈도
1947,응급근관,5,기타의료용어,4,Tier4_중저빈도
1948,안와내침술,5,수술및시술,5,Tier4_중저빈도
1949,이중관기,5,의료기기,4,Tier4_중저빈도
1950,이중관기관,5,의료기기,5,Tier4_중저빈도
1951,척추간침술,5,수술및시술,5,Tier4_중저빈도
1952,납득하기,5,의료기기,4,Tier4_중저빈도
1953,후궁절제술,5,수술및시술,5,Tier4_중저빈도
1954,자동주사기,5,의료기기,5,Tier4_중저빈도
1955,건강보험요양급여일수산정에관한예외적용질환,5,질병및증후군,21,Tier4_중저빈도
1956,건강보험요양급여일수산정에관,5,기타의료용어,14,Tier4_중저빈도
1957,악성흑색종,5,질병및증후군,5,Tier4_중저빈도
1958,Femoral Catheter,5,영문의학용어,16,Tier4_중저빈도
1959,위치표시술,5,수술및시술,5,Tier4_중저빈도
1960,초음파기,5,의료기기,4,Tier4_중저빈도
1961,진료협력병,5,질병및증후군,5,Tier4_중저빈도
1962,일반격리관,5,기타의료용어,5,Tier4_중저빈도
1963,투약안전관,5,기타의료용어,5,Tier4_중저빈도
1964,감염병전담요양병,5,질병및증후군,8,Tier4_중저빈도
1965,표준행위분류,5,기타의료용어,6,Tier4_중저빈도
1966,간병통합서비스병,5,질병및증후군,8,Tier4_중저빈도
1967,경피전기자극요법,5,수술및시술,8,Tier4_중저빈도
1968,복지부장관,5,기타의료용어,5,Tier4_중저빈도
1969,지정기관,5,의료기기,4,Tier4_중저빈도
1970,위탁검사관,5,기타의료용어,5,Tier4_중저빈도
1971,Middle East Respiratory Syndrome,5,영문의학용어,32,Tier4_중저빈도
1972,뇌하수체거인증,5,기타의료용어,7,Tier4_중저빈도
1973,초음파진단기,5,의료기기,6,Tier4_중저빈도
1974,본인부담코드,5,기타의료용어,6,Tier4_중저빈도
1975,의료급여관,5,기타의료용어,5,Tier4_중저빈도
1976,안전성유효성,5,기타의료용어,6,Tier4_중저빈도
1977,집중등록기,5,의료기기,5,Tier4_중저빈도
1978,수면내시경검사,5,기타의료용어,7,Tier4_중저빈도
1979,인력요건,5,기타의료용어,4,Tier4_중저빈도
1980,선택의료기,5,해부및생리,5,Tier4_중저빈도
1981,선택의료기관,5,해부및생리,6,Tier4_중저빈도
1982,자가유래연골세포이식술,5,수술및시술,11,Tier4_중저빈도
1983,구내진단용방사선촬영,5,해부및생리,10,Tier4_중저빈도
1984,구내진단용방사선,5,해부및생리,8,Tier4_중저빈도
1985,분당제생병,5,질병및증후군,5,Tier4_중저빈도
1986,업무처리기준,5,의료기기,6,Tier4_중저빈도
1987,업무처리기,5,의료기기,5,Tier4_중저빈도
1988,실시한 MRI,5,기타의료용어,7,Tier4_중저빈도
1989,골종양대체,5,기타의료용어,5,Tier4_중저빈도
1990,골종양대체삽입물,5,의료기기,8,Tier4_중저빈도
1991,자궁경관개대술,5,수술및시술,7,Tier4_중저빈도
1992,요도확장술,5,수술및시술,5,Tier4_중저빈도
1993,분만입원기,5,의료기기,5,Tier4_중저빈도
1994,급여세부인정기준,5,의료기기,8,Tier4_중저빈도
1995,급여세부인정기,5,의료기기,7,Tier4_중저빈도
1996,동종말초혈액조혈모세포이식술,5,수술및시술,14,Tier4_중저빈도
1997,그리아시기,5,의료기기,5,Tier4_중저빈도
1998,지방종제거술,5,수술및시술,6,Tier4_중저빈도
1999,혈관내피세포,5,해부및생리,6,Tier4_중저빈도
2000,외래진료기,5,의료기기,5,Tier4_중저빈도
2001,외이성형술,5,수술및시술,5,Tier4_중저빈도
2002,골절정복술,5,수술및시술,5,Tier4_중저빈도
2003,접형골동비내수술,5,수술및시술,8,Tier4_중저빈도
2004,CT 혹은,5,기타의료용어,5,Tier4_중저빈도
2005,흉막박리술,5,수술및시술,5,Tier4_중저빈도
2006,폐첨박리술,5,수술및시술,5,Tier4_중저빈도
2007,죽종제거카테터,5,의료기기,7,Tier4_중저빈도
2008,보체정량검사,5,기타의료용어,6,Tier4_중저빈도
2009,면역글로불린정량검사,5,검사및진단,10,Tier4_중저빈도
2010,미세혈관감압술,5,수술및시술,7,Tier4_중저빈도
2011,제자리암종,5,질병및증후군,5,Tier4_중저빈도
2012,불안정협심증,5,기타의료용어,6,Tier4_중저빈도
2013,MRI 전규격,5,기타의료용어,7,Tier4_중저빈도
2014,안내하기,5,의료기기,4,Tier4_중저빈도
2015,경피적척추후굴풍선,5,해부및생리,9,Tier4_중저빈도
2016,경피적척추후굴풍선복원술,5,수술및시술,12,Tier4_중저빈도
2017,탈피브린증후군,5,질병및증후군,7,Tier4_중저빈도
2018,탈피브린증,5,기타의료용어,5,Tier4_중저빈도
2019,화골성근염,5,기타의료용어,5,Tier4_중저빈도
2020,유방보존술,5,수술및시술,5,Tier4_중저빈도
2021,전층심근경색증,5,기타의료용어,7,Tier4_중저빈도
2022,두개내손상,5,기타의료용어,5,Tier4_중저빈도
2023,흉벽재건술,5,수술및시술,5,Tier4_중저빈도
2024,흉벽재건,5,기타의료용어,4,Tier4_중저빈도
2025,흉벽종양절제술,5,수술및시술,7,Tier4_중저빈도
2026,힘줄윤활막,5,해부및생리,5,Tier4_중저빈도
2027,힘줄윤활막염,5,해부및생리,6,Tier4_중저빈도
2028,폴리네이트칼슘,5,약물및성분,7,Tier4_중저빈도
2029,이리노테칸염산염,5,기타의료용어,8,Tier4_중저빈도
2030,렌바티닙메실산염,5,기타의료용어,8,Tier4_중저빈도
2031,신경근육기능장애,5,질병및증후군,8,Tier4_중저빈도
2032,신경근육기,5,해부및생리,5,Tier4_중저빈도
2033,피브린글루,5,기타의료용어,5,Tier4_중저빈도
2034,키트루다,5,기타의료용어,4,Tier4_중저빈도
2035,외향비갑개골절술,5,수술및시술,8,Tier4_중저빈도
2036,네오플라틴,5,기타의료용어,5,Tier4_중저빈도
2037,페메트렉시드이나트륨,5,약물및성분,10,Tier4_중저빈도
2038,CT 결과,5,기타의료용어,5,Tier4_중저빈도
2039,유관상피내암,5,질병및증후군,6,Tier4_중저빈도
2040,경피적경막외강신경,5,해부및생리,9,Tier4_중저빈도
2041,경피적경막,5,해부및생리,5,Tier4_중저빈도
2042,경피적경막외강신경성형술,5,수술및시술,12,Tier4_중저빈도
2043,수상초기,5,의료기기,4,Tier4_중저빈도
2044,관절내침술,5,수술및시술,5,Tier4_중저빈도
2045,MRI에서도,5,기타의료용어,6,Tier4_중저빈도
2046,중요말초신경,5,해부및생리,6,Tier4_중저빈도
2047,티로트로핀,5,기타의료용어,5,Tier4_중저빈도
2048,혈액형항체,5,기타의료용어,5,Tier4_중저빈도
2049,측방요추체간유합술,5,수술및시술,9,Tier4_중저빈도
2050,측방요추체,5,기타의료용어,5,Tier4_중저빈도
2051,간엽절제술,5,수술및시술,5,Tier4_중저빈도
2052,대학척추신경,5,해부및생리,6,Tier4_중저빈도
2053,갑상선독증,5,해부및생리,5,Tier4_중저빈도
2054,비관혈적정복술,5,수술및시술,7,Tier4_중저빈도
2055,정위적방사선수술,5,수술및시술,8,Tier4_중저빈도
2056,특수자기,5,의료기기,4,Tier4_중저빈도
2057,특수자기공명영상진단,5,의료기기,10,Tier4_중저빈도
2058,옥트레오티드아세트산,5,기타의료용어,10,Tier4_중저빈도
2059,옥트레오티드아세트산염,5,기타의료용어,11,Tier4_중저빈도
2060,심박수변동부전,5,질병및증후군,7,Tier4_중저빈도
2061,소화기계질환,5,질병및증후군,6,Tier4_중저빈도
2062,황산모르핀,5,기타의료용어,5,Tier4_중저빈도
2063,바라크루드,5,기타의료용어,5,Tier4_중저빈도
2064,원관상동맥,5,해부및생리,5,Tier4_중저빈도
2065,근치절제술,5,수술및시술,5,Tier4_중저빈도
2066,종격동림프절청소술,5,수술및시술,9,Tier4_중저빈도
2067,전체진료기,5,의료기기,5,Tier4_중저빈도
2068,양측혈관,5,해부및생리,4,Tier4_중저빈도
2069,성장호르몬억제검사,5,기타의료용어,9,Tier4_중저빈도
2070,경근수기요법,5,수술및시술,6,Tier4_중저빈도
2071,경근수기,5,의료기기,4,Tier4_중저빈도
2072,측두엽절제술,5,수술및시술,6,Tier4_중저빈도
2073,레이저침술,5,수술및시술,5,Tier4_중저빈도
2074,Defibrillator Therapy,5,영문의학용어,21,Tier4_중저빈도
2075,본태성고혈압,5,기타의료용어,6,Tier4_중저빈도
2076,신장투석요법,4,수술및시술,6,Tier5_저빈도
2077,있으며 MRI,4,기타의료용어,7,Tier5_저빈도
2078,유산탈수효소,4,기타의료용어,6,Tier5_저빈도
2079,발작성야간혈색소뇨증과립,4,기타의료용어,12,Tier5_저빈도
2080,소아알레르기호흡기,4,의료기기,9,Tier5_저빈도
2081,대한소아알레르기호흡기,4,의료기기,11,Tier5_저빈도
2082,도프텔렛,4,기타의료용어,4,Tier5_저빈도
2083,타발리스,4,기타의료용어,4,Tier5_저빈도
2084,Fostamatinib,4,생물학적제제,12,Tier5_저빈도
2085,Fluconazole,4,생물학적제제,11,Tier5_저빈도
2086,아스페르길루스증,4,기타의료용어,8,Tier5_저빈도
2087,액티라제,4,기타의료용어,4,Tier5_저빈도
2088,투여시기,4,의료기기,4,Tier5_저빈도
2089,저산소혈증,4,기타의료용어,5,Tier5_저빈도
2090,관상동맥폐색증,4,질병및증후군,7,Tier5_저빈도
2091,Nintedanib,4,생물학적제제,10,Tier5_저빈도
2092,피부점막,4,해부및생리,4,Tier5_저빈도
2093,메토젝트,4,기타의료용어,4,Tier5_저빈도
2094,MRI 소견,4,기타의료용어,6,Tier5_저빈도
2095,자가면역성뇌염,4,기타의료용어,7,Tier5_저빈도
2096,파종성혈관,4,해부및생리,5,Tier5_저빈도
2097,혈액산소포화도측정,4,기타의료용어,9,Tier5_저빈도
2098,담관확장술,4,수술및시술,5,Tier5_저빈도
2099,프로비질,4,기타의료용어,4,Tier5_저빈도
2100,오테리아,4,기타의료용어,4,Tier5_저빈도
2101,활성크론병,4,질병및증후군,5,Tier5_저빈도
2102,Letermovir,4,기타의료용어,10,Tier5_저빈도
2103,급성호흡부전,4,질병및증후군,6,Tier5_저빈도
2104,요관장피부문합술,4,수술및시술,8,Tier5_저빈도
2105,항암면역요법,4,수술및시술,6,Tier5_저빈도
2106,비장적출술,4,수술및시술,5,Tier5_저빈도
2107,패널반응성항체,4,기타의료용어,7,Tier5_저빈도
2108,Methicillin,4,생물학적제제,11,Tier5_저빈도
2109,선천성면역결핍증,4,질병및증후군,8,Tier5_저빈도
2110,위탁기관,4,의료기기,4,Tier5_저빈도
2111,단층영상합성촬영술,4,수술및시술,9,Tier5_저빈도
2112,단층영상합성촬영,4,기타의료용어,8,Tier5_저빈도
2113,체질량지수,4,측정값지표,5,Tier5_저빈도
2114,Sulglycotide,4,기타의료용어,12,Tier5_저빈도
2115,리알트리스나잘스프레이,4,기타의료용어,11,Tier5_저빈도
2116,외이재건술,4,수술및시술,5,Tier5_저빈도
2117,외이재건,4,기타의료용어,4,Tier5_저빈도
2118,심기능부전,4,질병및증후군,5,Tier5_저빈도
2119,만성중증장기부전,4,질병및증후군,8,Tier5_저빈도
2120,만성심부전,4,질병및증후군,5,Tier5_저빈도
2121,만성중증장기,4,의료기기,6,Tier5_저빈도
2122,다발성장기,4,의료기기,5,Tier5_저빈도
2123,급성심근염,4,기타의료용어,5,Tier5_저빈도
2124,다발성장기부전,4,질병및증후군,7,Tier5_저빈도
2125,흉부대동맥,4,해부및생리,5,Tier5_저빈도
2126,오크레부스,4,기타의료용어,5,Tier5_저빈도
2127,빈다맥스,4,기타의료용어,4,Tier5_저빈도
2128,빈다맥스캡슐,4,약물및성분,6,Tier5_저빈도
2129,비후성심근,4,기타의료용어,5,Tier5_저빈도
2130,방실결절차단술,4,수술및시술,7,Tier5_저빈도
2131,범세기관,4,의료기기,4,Tier5_저빈도
2132,범세기관지염,4,의료기기,6,Tier5_저빈도
2133,Candesartan,4,생물학적제제,11,Tier5_저빈도
2134,Telmisartan,4,생물학적제제,11,Tier5_저빈도
2135,Pitavastatin,4,생물학적제제,12,Tier5_저빈도
2136,Sulfamethoxazole,4,생물학적제제,16,Tier5_저빈도
2137,중추성사춘기조발증,4,의료기기,9,Tier5_저빈도
2138,중추성사춘기,4,의료기기,6,Tier5_저빈도
2139,MRI 검사에서,4,기타의료용어,8,Tier5_저빈도
2140,추간판질환,4,질병및증후군,5,Tier5_저빈도
2141,장관감염증,4,질병및증후군,5,Tier5_저빈도
2142,고시되기,4,의료기기,4,Tier5_저빈도
2143,혈소판약물반응검사,4,기타의료용어,9,Tier5_저빈도
2144,혈소판응집능검사,4,기타의료용어,8,Tier5_저빈도
2145,Neuromuscular Disorders,4,영문의학용어,23,Tier5_저빈도
2146,운동기능평가,4,의료기기,6,Tier5_저빈도
2147,건성안증후군,4,질병및증후군,6,Tier5_저빈도
2148,지셀레카,4,기타의료용어,4,Tier5_저빈도
2149,냉각진통요법,4,수술및시술,6,Tier5_저빈도
2150,캄지오스캡슐,4,약물및성분,6,Tier5_저빈도
2151,캄지오스,4,기타의료용어,4,Tier5_저빈도
2152,세계보건,4,기타의료용어,4,Tier5_저빈도
2153,세계보건기,4,의료기기,5,Tier5_저빈도
2154,현실여건,4,기타의료용어,4,Tier5_저빈도
2155,말기신부전,4,질병및증후군,5,Tier5_저빈도
2156,부분활액막제거술,4,수술및시술,8,Tier5_저빈도
2157,부분활액막,4,해부및생리,5,Tier5_저빈도
2158,Nirmatrelvir,4,기타의료용어,12,Tier5_저빈도
2159,팍스로비드,4,기타의료용어,5,Tier5_저빈도
2160,동결건조분말,4,기타의료용어,6,Tier5_저빈도
2161,베클루리주 정맥주사용 동결건조,4,해부및생리,16,Tier5_저빈도
2162,Remdesivir,4,기타의료용어,10,Tier5_저빈도
2163,올케디아,4,기타의료용어,4,Tier5_저빈도
2164,Gastroesophageal Reflux Disease,4,영문의학용어,31,Tier5_저빈도
2165,바비스모,4,기타의료용어,4,Tier5_저빈도
2166,Faricimab,4,생물학적제제,9,Tier5_저빈도
2167,손상통제개복술,4,수술및시술,7,Tier5_저빈도
2168,부신경절종,4,질병및증후군,5,Tier5_저빈도
2169,Coronary Artery Bypass Graft,4,영문의학용어,28,Tier5_저빈도
2170,일라리스,4,기타의료용어,4,Tier5_저빈도
2171,Canakinumab,4,생물학적제제,11,Tier5_저빈도
2172,림프조영술,4,수술및시술,5,Tier5_저빈도
2173,태아둔위교정술,4,수술및시술,7,Tier5_저빈도
2174,파센라프리필드시린지,4,기타의료용어,10,Tier5_저빈도
2175,현미부수체,4,기타의료용어,5,Tier5_저빈도
2176,각질가시세포,4,해부및생리,6,Tier5_저빈도
2177,각질가시세포종,4,질병및증후군,7,Tier5_저빈도
2178,승인기관,4,의료기기,4,Tier5_저빈도
2179,Hydrochloride,4,기타의료용어,13,Tier5_저빈도
2180,디클렉틴장용,4,기타의료용어,6,Tier5_저빈도
2181,급성심부전,4,질병및증후군,5,Tier5_저빈도
2182,안구건조증,4,기타의료용어,5,Tier5_저빈도
2183,리브텐시티,4,기타의료용어,5,Tier5_저빈도
2184,Maribavir,4,기타의료용어,9,Tier5_저빈도
2185,복잡심장수술,4,수술및시술,6,Tier5_저빈도
2186,만성신장질환,4,질병및증후군,6,Tier5_저빈도
2187,이상지질혈증,4,기타의료용어,6,Tier5_저빈도
2188,천식진료지침,4,기타의료용어,6,Tier5_저빈도
2189,뇌종양절제술,4,수술및시술,6,Tier5_저빈도
2190,상부소화관내시경,4,기타의료용어,8,Tier5_저빈도
2191,비대유문협착증,4,질병및증후군,7,Tier5_저빈도
2192,상장간막동정맥,4,해부및생리,7,Tier5_저빈도
2193,케렌디아,4,기타의료용어,4,Tier5_저빈도
2194,오비주르,4,기타의료용어,4,Tier5_저빈도
2195,자비쎄프타,4,기타의료용어,5,Tier5_저빈도
2196,Metronidazole,4,생물학적제제,13,Tier5_저빈도
2197,제출시기,4,의료기기,4,Tier5_저빈도
2198,연계기관,4,의료기기,4,Tier5_저빈도
2199,지원하기,4,의료기기,4,Tier5_저빈도
2200,수행하기,4,의료기기,4,Tier5_저빈도
2201,견관절주위염,4,해부및생리,6,Tier5_저빈도
2202,코셀루고캡슐,4,약물및성분,6,Tier5_저빈도
2203,Selumetinib,4,생물학적제제,11,Tier5_저빈도
2204,코셀루고,4,기타의료용어,4,Tier5_저빈도
2205,오렌시아,4,기타의료용어,4,Tier5_저빈도
2206,기도삽관,4,의료기기,4,Tier5_저빈도
2207,말초혈관카테터,4,해부및생리,7,Tier5_저빈도
2208,간암감시검사,4,기타의료용어,6,Tier5_저빈도
2209,양방사선,4,해부및생리,4,Tier5_저빈도
2210,전뇌방사선,4,해부및생리,5,Tier5_저빈도
2211,척추교정술,4,수술및시술,5,Tier5_저빈도
2212,반월상연골이식술,4,수술및시술,8,Tier5_저빈도
2213,프로엣쯔치환술,4,수술및시술,7,Tier5_저빈도
2214,저작운동장애,4,질병및증후군,6,Tier5_저빈도
2215,고주파치료술,4,수술및시술,6,Tier5_저빈도
2216,청구하기,4,의료기기,4,Tier5_저빈도
2217,기관지확장증,4,의료기기,6,Tier5_저빈도
2218,대동맥질환,4,질병및증후군,5,Tier5_저빈도
2219,비중격만곡증,4,기타의료용어,6,Tier5_저빈도
2220,원위쇄골절제술,4,수술및시술,7,Tier5_저빈도
2221,충족하기,4,의료기기,4,Tier5_저빈도
2222,척추후근신경,4,해부및생리,6,Tier5_저빈도
2223,늑간신경차단술,4,수술및시술,7,Tier5_저빈도
2224,전산화방사선,4,해부및생리,6,Tier5_저빈도
2225,태아심음검사,4,기타의료용어,6,Tier5_저빈도
2226,분만감시기,4,의료기기,5,Tier5_저빈도
2227,태아심음검사기,4,의료기기,7,Tier5_저빈도
2228,맥박산소계측기,4,의료기기,7,Tier5_저빈도
2229,초음파기기,4,의료기기,5,Tier5_저빈도
2230,발싸이트액제용분말,4,기타의료용어,9,Tier5_저빈도
2231,골수증식종,4,질병및증후군,5,Tier5_저빈도
2232,레일라디에스,4,기타의료용어,6,Tier5_저빈도
2233,쎄레브렉스,4,기타의료용어,5,Tier5_저빈도
2234,쎄레브렉스캡슐,4,약물및성분,7,Tier5_저빈도
2235,Ruxolitinib,4,생물학적제제,11,Tier5_저빈도
2236,프로기노바28,4,의료기기,7,Tier5_저빈도
2237,몬테리진캡슐,4,약물및성분,6,Tier5_저빈도
2238,오논드라이시럽,4,기타의료용어,7,Tier5_저빈도
2239,몬테리진,4,기타의료용어,4,Tier5_저빈도
2240,싱귤레어,4,기타의료용어,4,Tier5_저빈도
2241,전부기질천자술,4,수술및시술,7,Tier5_저빈도
2242,전부기질천자,4,의료기기,6,Tier5_저빈도
2243,Nivolumab,4,생물학적제제,9,Tier5_저빈도
2244,동반보조진단,4,기타의료용어,6,Tier5_저빈도
2245,삼첨판막륜성형술,4,수술및시술,8,Tier5_저빈도
2246,선천성심기,4,해부및생리,5,Tier5_저빈도
2247,수정대혈관,4,해부및생리,5,Tier5_저빈도
2248,협착재건,4,기타의료용어,4,Tier5_저빈도
2249,양대혈관,4,해부및생리,4,Tier5_저빈도
2250,심방전환술,4,수술및시술,5,Tier5_저빈도
2251,협착재건술,4,수술및시술,5,Tier5_저빈도
2252,베르쿠보,4,기타의료용어,4,Tier5_저빈도
2253,뇌하수체절제술,4,수술및시술,7,Tier5_저빈도
2254,누관스텐트삽입술,4,수술및시술,8,Tier5_저빈도
2255,Bleeding Disorders,4,영문의학용어,18,Tier5_저빈도
2256,전립선특이막,4,해부및생리,6,Tier5_저빈도
2257,혈관폐색술,4,수술및시술,5,Tier5_저빈도
2258,중추신경계기형수술,4,수술및시술,9,Tier5_저빈도
2259,경막복원술,4,수술및시술,5,Tier5_저빈도
2260,중추신경계기,4,해부및생리,6,Tier5_저빈도
2261,Bone Disorder,4,영문의학용어,13,Tier5_저빈도
2262,결막이완증,4,해부및생리,5,Tier5_저빈도
2263,대동맥내풍선펌프,4,해부및생리,8,Tier5_저빈도
2264,인조경막,4,해부및생리,4,Tier5_저빈도
2265,헴리브라피하,4,기타의료용어,6,Tier5_저빈도
2266,구강보건,4,기타의료용어,4,Tier5_저빈도
2267,바이오임피던스분석,4,기타의료용어,9,Tier5_저빈도
2268,청력기능장애,4,질병및증후군,6,Tier5_저빈도
2269,척추측만증수술,4,수술및시술,7,Tier5_저빈도
2270,점막박리소파술,4,수술및시술,7,Tier5_저빈도
2271,치아주위염,4,기타의료용어,5,Tier5_저빈도
2272,식도암상병,4,질병및증후군,5,Tier5_저빈도
2273,흡인만출술,4,수술및시술,5,Tier5_저빈도
2274,슬개골도수정복술,4,수술및시술,8,Tier5_저빈도
2275,담도장문합술,4,수술및시술,6,Tier5_저빈도
2276,자가골이식술,4,수술및시술,6,Tier5_저빈도
2277,흡입배액처치,4,수술및시술,6,Tier5_저빈도
2278,안저광응고술,4,수술및시술,6,Tier5_저빈도
2279,치간고정술,4,수술및시술,5,Tier5_저빈도
2280,치은성형술,4,수술및시술,5,Tier5_저빈도
2281,혈관내막,4,해부및생리,4,Tier5_저빈도
2282,혈액매개감염병,4,질병및증후군,7,Tier5_저빈도
2283,명확화하기,4,의료기기,5,Tier5_저빈도
2284,평가료산정기준,4,의료기기,7,Tier5_저빈도
2285,평가료산정기,4,의료기기,6,Tier5_저빈도
2286,시작하기,4,의료기기,4,Tier5_저빈도
2287,파리에트,4,기타의료용어,4,Tier5_저빈도
2288,유한로섹캡슐,4,약물및성분,6,Tier5_저빈도
2289,유한로섹,4,기타의료용어,4,Tier5_저빈도
2290,Omeprazole,4,생물학적제제,10,Tier5_저빈도
2291,Lansoprazole,4,생물학적제제,12,Tier5_저빈도
2292,졸로푸트,4,기타의료용어,4,Tier5_저빈도
2293,시탈로프람,4,기타의료용어,5,Tier5_저빈도
2294,렉사프로,4,기타의료용어,4,Tier5_저빈도
2295,세로자트,4,기타의료용어,4,Tier5_저빈도
2296,Mirtazapine,4,기타의료용어,11,Tier5_저빈도
2297,프리스틱서방,4,기타의료용어,6,Tier5_저빈도
2298,브린텔릭스,4,기타의료용어,5,Tier5_저빈도
2299,렉사프로멜츠구강붕해,4,기타의료용어,10,Tier5_저빈도
2300,루프매개등온핵산증,4,기타의료용어,9,Tier5_저빈도
2301,엡클루사,4,기타의료용어,4,Tier5_저빈도
2302,Pibrentasvir,4,기타의료용어,12,Tier5_저빈도
2303,Ledipasvir,4,기타의료용어,10,Tier5_저빈도
2304,Glecaprevir,4,기타의료용어,11,Tier5_저빈도
2305,대한슬관절,4,해부및생리,5,Tier5_저빈도
2306,대한슬관,4,기타의료용어,4,Tier5_저빈도
2307,항이뇨호르몬,4,기타의료용어,6,Tier5_저빈도
2308,Belimumab,4,생물학적제제,9,Tier5_저빈도
2309,아트맥콤비젤연질캡슐,4,약물및성분,10,Tier5_저빈도
2310,Cardiac Catheterization Laboratory,4,영문의학용어,34,Tier5_저빈도
2311,Bypass Graft Intervention,4,영문의학용어,25,Tier5_저빈도
2312,아데노코,4,기타의료용어,4,Tier5_저빈도
2313,포스테오,4,기타의료용어,4,Tier5_저빈도
2314,혁신의료기,4,의료기기,5,Tier5_저빈도
2315,혁신의료기술,4,수술및시술,6,Tier5_저빈도
2316,한국보건,4,기타의료용어,4,Tier5_저빈도
2317,에토미데이트리푸로,4,기타의료용어,9,Tier5_저빈도
2318,기관삽관,4,의료기기,4,Tier5_저빈도
2319,Hypertrophic Cardiomyopathy Patients With Atrial,4,영문의학용어,48,Tier5_저빈도
2320,도자절제술,4,수술및시술,5,Tier5_저빈도
2321,프라닥사캡슐,4,약물및성분,6,Tier5_저빈도
2322,Air Fluidized Therapy,4,영문의학용어,21,Tier5_저빈도
2323,전종인대골화증,4,해부및생리,7,Tier5_저빈도
2324,당뇨망막,4,해부및생리,4,Tier5_저빈도
2325,당뇨망막병증,4,질병및증후군,6,Tier5_저빈도
2326,듀오다트캡슐,4,약물및성분,6,Tier5_저빈도
2327,레시노원,4,기타의료용어,4,Tier5_저빈도
2328,통상 MRI,4,기타의료용어,6,Tier5_저빈도
2329,에글란딘,4,기타의료용어,4,Tier5_저빈도
2330,핵의학적방법,4,기타의료용어,6,Tier5_저빈도
2331,죽종제거술,4,수술및시술,5,Tier5_저빈도
2332,유리피판술,4,수술및시술,5,Tier5_저빈도
2333,자가투여주사제,4,약물및성분,7,Tier5_저빈도
2334,리바로젯,4,기타의료용어,4,Tier5_저빈도
2335,Canadian Fabry Disease Treatment Guidelines,4,영문의학용어,43,Tier5_저빈도
2336,자궁내막폴립절제술,4,수술및시술,9,Tier5_저빈도
2337,선천성심질환,4,질병및증후군,6,Tier5_저빈도
2338,매듭짓기,4,의료기기,4,Tier5_저빈도
2339,눈물배출기관,4,의료기기,6,Tier5_저빈도
2340,영양섭취기,4,의료기기,5,Tier5_저빈도
2341,저알레르기,4,의료기기,5,Tier5_저빈도
2342,영양섭취기준,4,의료기기,6,Tier5_저빈도
2343,항문협착교정술,4,수술및시술,7,Tier5_저빈도
2344,Daptomycin,4,생물학적제제,10,Tier5_저빈도
2345,Clinical Infectious Diseases,4,영문의학용어,28,Tier5_저빈도
2346,쯔쯔가무시병,4,질병및증후군,6,Tier5_저빈도
2347,야간전담간호사관,4,기타의료용어,8,Tier5_저빈도
2348,약물탈감작요법,4,수술및시술,7,Tier5_저빈도
2349,자궁선근증,4,해부및생리,5,Tier5_저빈도
2350,자궁선근증감축술,4,수술및시술,8,Tier5_저빈도
2351,아세틸글루,4,기타의료용어,5,Tier5_저빈도
2352,선택입원군,4,해부및생리,5,Tier5_저빈도
2353,비용적출술,4,수술및시술,5,Tier5_저빈도
2354,상악동근치수술,4,수술및시술,7,Tier5_저빈도
2355,오바지오필름코팅,4,기타의료용어,8,Tier5_저빈도
2356,추나요법관,4,기타의료용어,5,Tier5_저빈도
2357,추나요법관리시스템,4,의료기기,9,Tier5_저빈도
2358,배출기능검사,4,의료기기,6,Tier5_저빈도
2359,제한적 CT,4,기타의료용어,6,Tier5_저빈도
2360,담즙배액용기,4,의료기기,6,Tier5_저빈도
2361,소변측정용기,4,의료기기,6,Tier5_저빈도
2362,방사선색전술,4,수술및시술,6,Tier5_저빈도
2363,진단적개복술,4,수술및시술,6,Tier5_저빈도
2364,Penciclovir,4,기타의료용어,11,Tier5_저빈도
2365,조임근인두확장성형술,4,수술및시술,10,Tier5_저빈도
2366,구개인두성형술,4,수술및시술,7,Tier5_저빈도
2367,내시경수술,4,수술및시술,5,Tier5_저빈도
2368,지속적정정맥,4,해부및생리,6,Tier5_저빈도
2369,섬유주성형술,4,수술및시술,6,Tier5_저빈도
2370,임브루비카캡슐,4,약물및성분,7,Tier5_저빈도
2371,경피적심실중격결손폐쇄술,4,수술및시술,12,Tier5_저빈도
2372,연성삽관,4,기타의료용어,4,Tier5_저빈도
2373,레프라갈,4,기타의료용어,4,Tier5_저빈도
2374,객담유도채취검사,4,기타의료용어,8,Tier5_저빈도
2375,환류이상증,4,기타의료용어,5,Tier5_저빈도
2376,Hyperactivity Disorder,4,영문의학용어,22,Tier5_저빈도
2377,Defcit Hyperactivity Disorder,4,영문의학용어,29,Tier5_저빈도
2378,자궁내막소작술,4,수술및시술,7,Tier5_저빈도
2379,자동문합기,4,의료기기,5,Tier5_저빈도
2380,신경원성종,4,질병및증후군,5,Tier5_저빈도
2381,유리전립선,4,해부및생리,5,Tier5_저빈도
2382,담췌관스텐트,4,의료기기,6,Tier5_저빈도
2383,삽입하기,4,의료기기,4,Tier5_저빈도
2384,보행뇌파검사,4,기타의료용어,6,Tier5_저빈도
2385,도달하기,4,의료기기,4,Tier5_저빈도
2386,제피러스흡입용캡슐,4,약물및성분,9,Tier5_저빈도
2387,통증증후군,4,질병및증후군,5,Tier5_저빈도
2388,Antithrombotic Therapy,4,영문의학용어,22,Tier5_저빈도
2389,디벤지란캡슐,4,약물및성분,6,Tier5_저빈도
2390,기관내삽관술,4,수술및시술,6,Tier5_저빈도
2391,섬유이형성증,4,기타의료용어,6,Tier5_저빈도
2392,가성동맥류,4,해부및생리,5,Tier5_저빈도
2393,내막절제술,4,수술및시술,5,Tier5_저빈도
2394,중간도관,4,기타의료용어,4,Tier5_저빈도
2395,행동심리증,4,기타의료용어,5,Tier5_저빈도
2396,Emtricitabine,4,기타의료용어,13,Tier5_저빈도
2397,Defibrotide,4,기타의료용어,11,Tier5_저빈도
2398,베믈리디,4,기타의료용어,4,Tier5_저빈도
2399,두경부 MRI,4,기타의료용어,7,Tier5_저빈도
2400,생식기관암,4,질병및증후군,5,Tier5_저빈도
2401,Pulmonary Diseases,4,영문의학용어,18,Tier5_저빈도
2402,췌장절제술,4,수술및시술,5,Tier5_저빈도
2403,Idarucizumab,4,생물학적제제,12,Tier5_저빈도
2404,대한부정맥,4,해부및생리,5,Tier5_저빈도
2405,기관내튜브교체,4,의료기기,7,Tier5_저빈도
2406,기관내튜브교체카테터,4,의료기기,10,Tier5_저빈도
2407,산부인과전문병,4,질병및증후군,7,Tier5_저빈도
2408,전기소작기,4,의료기기,5,Tier5_저빈도
2409,영상촬영술,4,수술및시술,5,Tier5_저빈도
2410,주사수기,4,의료기기,4,Tier5_저빈도
2411,전문교육과정,4,기타의료용어,6,Tier5_저빈도
2412,확대위전절제술,4,수술및시술,7,Tier5_저빈도
2413,자궁외임신수술,4,수술및시술,7,Tier5_저빈도
2414,망막전막박리술,4,수술및시술,7,Tier5_저빈도
2415,충수주위농양절개술,4,수술및시술,9,Tier5_저빈도
2416,악관절성형술,4,수술및시술,6,Tier5_저빈도
2417,다기능카테터,4,의료기기,6,Tier5_저빈도
2418,전기와우도검사,4,의료기기,7,Tier5_저빈도
2419,영양수액요법,4,수술및시술,6,Tier5_저빈도
2420,망막박리술,4,수술및시술,5,Tier5_저빈도
2421,후방고정기기,4,의료기기,6,Tier5_저빈도
2422,담관협착확장술,4,수술및시술,7,Tier5_저빈도
2423,이식피부확장기,4,의료기기,7,Tier5_저빈도
2424,치골상튜브카테터,4,의료기기,8,Tier5_저빈도
2425,체액분비관,4,기타의료용어,5,Tier5_저빈도
2426,Ureteral Stent,4,영문의학용어,14,Tier5_저빈도
2427,제고하기,4,의료기기,4,Tier5_저빈도
2428,뇌대사개선,4,해부및생리,5,Tier5_저빈도
2429,이지에프외용액,4,약물및성분,7,Tier5_저빈도
2430,시벡스트로,4,기타의료용어,5,Tier5_저빈도
2431,흉벽진동요법,4,수술및시술,6,Tier5_저빈도
2432,고압산소요법,4,수술및시술,6,Tier5_저빈도
2433,급성신부전,4,질병및증후군,5,Tier5_저빈도
2434,침습적혈압측정,4,기타의료용어,7,Tier5_저빈도
2435,골반울혈증후군,4,질병및증후군,7,Tier5_저빈도
2436,골반울혈증,4,기타의료용어,5,Tier5_저빈도
2437,난소정맥색전술,4,수술및시술,7,Tier5_저빈도
2438,Membrane Oxygenator,4,영문의학용어,19,Tier5_저빈도
2439,직접빌리루,4,기타의료용어,5,Tier5_저빈도
2440,청성뇌간반응검사,4,기타의료용어,8,Tier5_저빈도
2441,Raltegravir,4,기타의료용어,11,Tier5_저빈도
2442,구강내소염수술,4,수술및시술,7,Tier5_저빈도
2443,태아목덜미투명대검사,4,기타의료용어,10,Tier5_저빈도
2444,화학발광면역측정,4,검사및진단,8,Tier5_저빈도
2445,중증외상진료체계,4,기타의료용어,8,Tier5_저빈도
2446,중증외상진료체,4,기타의료용어,7,Tier5_저빈도
2447,개인발달평가,4,기타의료용어,6,Tier5_저빈도
2448,심층분석요법,4,수술및시술,6,Tier5_저빈도
2449,Arotinolol,4,생물학적제제,10,Tier5_저빈도
2450,다클린자,4,기타의료용어,4,Tier5_저빈도
2451,Asunaprevir,4,기타의료용어,11,Tier5_저빈도
2452,순베프라캡슐,4,약물및성분,6,Tier5_저빈도
2453,동방결절기,4,의료기기,5,Tier5_저빈도
2454,바이러스배양검사,4,기타의료용어,8,Tier5_저빈도
2455,갑개소작술,4,수술및시술,5,Tier5_저빈도
2456,직류전기치료법,4,수술및시술,7,Tier5_저빈도
2457,Technegas Lung Ventilation Scan,4,영문의학용어,31,Tier5_저빈도
2458,국소치료요법,4,수술및시술,6,Tier5_저빈도
2459,비문맥조영촬영,4,기타의료용어,7,Tier5_저빈도
2460,경피경간문맥조영술,4,수술및시술,9,Tier5_저빈도
2461,경피경간문맥조영,4,기타의료용어,8,Tier5_저빈도
2462,갑상선호르몬결합글로불린검사,4,해부및생리,14,Tier5_저빈도
2463,항산균검경검사,4,기타의료용어,7,Tier5_저빈도
2464,비장절제술,4,수술및시술,5,Tier5_저빈도
2465,림프구정량검사,4,기타의료용어,7,Tier5_저빈도
2466,백혈구백분율,4,기타의료용어,6,Tier5_저빈도
2467,결막압흔세포,4,해부및생리,6,Tier5_저빈도
2468,결막압흔세포검사,4,해부및생리,8,Tier5_저빈도
2469,Brush Protected Catheter,4,영문의학용어,24,Tier5_저빈도
2470,항균제최소억제농도,4,측정값지표,9,Tier5_저빈도
2471,호르몬수용체,4,해부및생리,6,Tier5_저빈도
2472,교잡반응법검사,4,기타의료용어,7,Tier5_저빈도
2473,체온조절장치,4,의료기기,6,Tier5_저빈도
2474,척추고정기기,4,의료기기,6,Tier5_저빈도
2475,근위경골절골술,4,수술및시술,7,Tier5_저빈도
2476,임종하기,4,의료기기,4,Tier5_저빈도
2477,보조부화술,4,수술및시술,5,Tier5_저빈도
2478,표준순음청력검사,4,기타의료용어,8,Tier5_저빈도
2479,청성뇌간반응역치검사,4,기타의료용어,10,Tier5_저빈도
2480,뇌동맥류클립,4,해부및생리,6,Tier5_저빈도
2481,유선조영촬영,4,해부및생리,6,Tier5_저빈도
2482,임부금기,4,의료기기,4,Tier5_저빈도
2483,의료행위재분류,4,기타의료용어,7,Tier5_저빈도
2484,정중흉골재절개술,4,수술및시술,8,Tier5_저빈도
2485,심낭유착박리술,4,수술및시술,7,Tier5_저빈도
2486,방광내수술,4,수술및시술,5,Tier5_저빈도
2487,Paritaprevir,4,기타의료용어,12,Tier5_저빈도
2488,휴온스염산케타민,4,기타의료용어,8,Tier5_저빈도
2489,동종건조양막,4,해부및생리,6,Tier5_저빈도
2490,베일리영아발달측정,4,기타의료용어,9,Tier5_저빈도
2491,모야모야병,4,질병및증후군,5,Tier5_저빈도
2492,디지털감산혈관조영,4,해부및생리,9,Tier5_저빈도
2493,디지털감산혈관,4,해부및생리,7,Tier5_저빈도
2494,디지털감산혈관조영술,4,수술및시술,10,Tier5_저빈도
2495,관동맥우회로조영촬영,4,해부및생리,10,Tier5_저빈도
2496,채취기관,4,의료기기,4,Tier5_저빈도
2497,레이저시술,4,수술및시술,5,Tier5_저빈도
2498,장관압축문합기,4,의료기기,7,Tier5_저빈도
2499,솔리리스주의,4,기타의료용어,6,Tier5_저빈도
2500,편평상피세포암항원검사,4,해부및생리,11,Tier5_저빈도
2501,간내담관,4,기타의료용어,4,Tier5_저빈도
2502,재가적응훈련관,4,기타의료용어,7,Tier5_저빈도
2503,대한당뇨병,4,질병및증후군,5,Tier5_저빈도
2504,치은판절제술,4,수술및시술,6,Tier5_저빈도
2505,안구적출술,4,수술및시술,5,Tier5_저빈도
2506,접촉피부염,4,기타의료용어,5,Tier5_저빈도
2507,표면처치술,4,수술및시술,5,Tier5_저빈도
2508,나사선성형술,4,수술및시술,6,Tier5_저빈도
2509,골유도재생술,4,수술및시술,6,Tier5_저빈도
2510,내압기능검사,4,의료기기,6,Tier5_저빈도
2511,Leflunomide,4,기타의료용어,11,Tier5_저빈도
2512,글라이프레신,4,기타의료용어,6,Tier5_저빈도
2513,뉴트로진,4,기타의료용어,4,Tier5_저빈도
2514,한국원자력의학원염,4,기타의료용어,9,Tier5_저빈도
2515,타고시드,4,기타의료용어,4,Tier5_저빈도
2516,신장이식술,4,수술및시술,5,Tier5_저빈도
2517,신생아황달형광요법,4,수술및시술,9,Tier5_저빈도
2518,뇌내시경수술,4,수술및시술,6,Tier5_저빈도
2519,전색제거술,4,수술및시술,5,Tier5_저빈도
2520,Embolectomy Catheter,4,영문의학용어,20,Tier5_저빈도
2521,연하장애평가,4,기타의료용어,6,Tier5_저빈도
2522,Acellular Dermal Graft,4,영문의학용어,22,Tier5_저빈도
2523,동종진피이식술,4,수술및시술,7,Tier5_저빈도
2524,심방중격결손폐쇄술,4,수술및시술,9,Tier5_저빈도
2525,신염증후군,4,질병및증후군,5,Tier5_저빈도
2526,식도내압검사,4,기타의료용어,6,Tier5_저빈도
2527,액상체액세포,4,해부및생리,6,Tier5_저빈도
2528,액상체액세포병,4,질병및증후군,7,Tier5_저빈도
2529,액상체액세포병리검사,4,해부및생리,10,Tier5_저빈도
2530,동맥내막,4,해부및생리,4,Tier5_저빈도
2531,망막박리상병,4,질병및증후군,6,Tier5_저빈도
2532,사지정맥류,4,해부및생리,5,Tier5_저빈도
2533,자가말초조혈모세포,4,해부및생리,9,Tier5_저빈도
2534,만성피로증,4,기타의료용어,5,Tier5_저빈도
2535,만성피로증후군,4,질병및증후군,7,Tier5_저빈도
2536,검체검사위탁에관한기준,4,의료기기,11,Tier5_저빈도
2537,검체검사위탁에관한기,4,의료기기,10,Tier5_저빈도
2538,검체검사위탁에관,4,기타의료용어,8,Tier5_저빈도
2539,자기치료기,4,의료기기,5,Tier5_저빈도
2540,레이저치료기,4,의료기기,6,Tier5_저빈도
2541,의료용기,4,의료기기,4,Tier5_저빈도
2542,구강전정성형술,4,수술및시술,7,Tier5_저빈도
2543,CT촬영을,4,기타의료용어,5,Tier5_저빈도
2544,냉동보관,4,기타의료용어,4,Tier5_저빈도
2545,동종골수조혈모세포,4,해부및생리,9,Tier5_저빈도
2546,중추신경계정위수술,4,수술및시술,9,Tier5_저빈도
2547,위장조영촬영,4,기타의료용어,6,Tier5_저빈도
2548,식도조영촬영,4,기타의료용어,6,Tier5_저빈도
2549,Hickman Catheter,4,영문의학용어,16,Tier5_저빈도
2550,청력계기,4,의료기기,4,Tier5_저빈도
2551,천골신경차단술,4,수술및시술,7,Tier5_저빈도
2552,관절조영술,4,수술및시술,5,Tier5_저빈도
2553,Occulusive Dressing Therapy,4,영문의학용어,27,Tier5_저빈도
2554,활액낭절제술,4,수술및시술,6,Tier5_저빈도
2555,급양공장루,4,기타의료용어,5,Tier5_저빈도
2556,유문성형술,4,수술및시술,5,Tier5_저빈도
2557,직장암수술,4,수술및시술,5,Tier5_저빈도
2558,자궁경부절제술,4,수술및시술,7,Tier5_저빈도
2559,포상기태제거술,4,수술및시술,7,Tier5_저빈도
2560,입체정위시스템,4,의료기기,7,Tier5_저빈도
2561,가능하기,4,의료기기,4,Tier5_저빈도
2562,자동시야검사,4,기타의료용어,6,Tier5_저빈도
2563,초음파수술,4,수술및시술,5,Tier5_저빈도
2564,국소뇌혈류,4,기타의료용어,5,Tier5_저빈도
2565,국소뇌혈류량측정,4,기타의료용어,8,Tier5_저빈도
2566,경추추간판전치환술,4,수술및시술,9,Tier5_저빈도
2567,인공수핵성형술,4,수술및시술,7,Tier5_저빈도
2568,기록저장매체,4,의료기기,6,Tier5_저빈도
2569,인조고막,4,해부및생리,4,Tier5_저빈도
2570,척추극돌기,4,의료기기,5,Tier5_저빈도
2571,경피신루설치술,4,수술및시술,7,Tier5_저빈도
2572,복강내항암,4,질병및증후군,5,Tier5_저빈도
2573,복강내항암요법,4,수술및시술,7,Tier5_저빈도
2574,Leader Catheter,4,영문의학용어,15,Tier5_저빈도
2575,동종근막,4,해부및생리,4,Tier5_저빈도
2576,비급여목록표및상대가치점수,4,기타의료용어,13,Tier5_저빈도
2577,고막운동성계측검사,4,해부및생리,9,Tier5_저빈도
2578,형광기관,4,의료기기,4,Tier5_저빈도
2579,신내시경검사,4,기타의료용어,6,Tier5_저빈도
2580,전산화단층촬영모의치료기,4,의료기기,12,Tier5_저빈도
2581,고혈압성질환,4,질병및증후군,6,Tier5_저빈도
2582,주요우울증,4,기타의료용어,5,Tier5_저빈도
2583,요양급여의기준,4,의료기기,7,Tier5_저빈도
2584,요양급여의기,4,의료기기,6,Tier5_저빈도
2585,혈관색전코일,4,해부및생리,6,Tier5_저빈도
2586,Skin Graft,4,영문의학용어,10,Tier5_저빈도
2587,Frequency Analysis,4,영문의학용어,18,Tier5_저빈도
2588,다면적인성검사,4,기타의료용어,7,Tier5_저빈도
2589,부하조절마비굴절검사,4,기타의료용어,10,Tier5_저빈도
2590,음경해면체조영,4,기타의료용어,7,Tier5_저빈도
2591,조직확장술,4,수술및시술,5,Tier5_저빈도
2592,고열구역관류,4,기타의료용어,6,Tier5_저빈도
2593,고열구역관,4,기타의료용어,5,Tier5_저빈도
2594,고열구역관류요법,4,수술및시술,8,Tier5_저빈도
2595,자궁난관이식술,4,수술및시술,7,Tier5_저빈도
2596,난관난관문합술,4,수술및시술,7,Tier5_저빈도
2597,Micro Surgery Method,4,영문의학용어,20,Tier5_저빈도
2598,난관채부성형술,4,수술및시술,7,Tier5_저빈도
2599,난관난관,4,기타의료용어,4,Tier5_저빈도
2600,안구진탕증,4,기타의료용어,5,Tier5_저빈도
2601,공공보건,4,기타의료용어,4,Tier5_저빈도
2602,Blood Pressure Monitoring Set,4,영문의학용어,29,Tier5_저빈도
2603,Medical Display Analysis Recording System,4,영문의학용어,41,Tier5_저빈도
2604,Mesh Graft,4,영문의학용어,10,Tier5_저빈도
2605,척추간판탈출증수술,4,수술및시술,9,Tier5_저빈도
2606,Integraft Stent System,4,영문의학용어,22,Tier5_저빈도
2607,초자체절제술,4,수술및시술,6,Tier5_저빈도
2608,각막이식술,4,수술및시술,5,Tier5_저빈도
2609,담도조영술,4,수술및시술,5,Tier5_저빈도
2610,입원환자병원관,4,기타의료용어,7,Tier5_저빈도
2611,바이러스혈청검사,4,기타의료용어,8,Tier5_저빈도
2612,전자근관장측정,4,기타의료용어,7,Tier5_저빈도
2613,전자근관,4,기타의료용어,4,Tier5_저빈도
2614,초음파분쇄흡인기,4,의료기기,8,Tier5_저빈도
2615,섬유주절제술,4,수술및시술,6,Tier5_저빈도
2616,병소제거술,4,수술및시술,5,Tier5_저빈도
2617,치조골성형술,4,수술및시술,6,Tier5_저빈도
2618,통합격리관,4,기타의료용어,5,Tier5_저빈도
2619,전화상담관,4,기타의료용어,5,Tier5_저빈도
2620,분만격리관,4,기타의료용어,5,Tier5_저빈도
2621,거점전담병,4,질병및증후군,5,Tier5_저빈도
2622,호흡기진료지정의료기,4,의료기기,10,Tier5_저빈도
2623,호흡기진료지정의료기관,4,의료기기,11,Tier5_저빈도
2624,의료보장관,4,기타의료용어,5,Tier5_저빈도
2625,자택대기,4,의료기기,4,Tier5_저빈도
2626,참조하시기,4,의료기기,5,Tier5_저빈도
2627,시술기관,4,의료기기,4,Tier5_저빈도
2628,국가입퇴원관리시스템,4,의료기기,10,Tier5_저빈도
2629,국가입퇴원관,4,기타의료용어,6,Tier5_저빈도
2630,콘빔 CT,4,기타의료용어,5,Tier5_저빈도
2631,수가에는 CT,4,기타의료용어,7,Tier5_저빈도
2632,의료급여생애전환기,4,의료기기,9,Tier5_저빈도
2633,의사면허번호,4,기타의료용어,6,Tier5_저빈도
2634,기본조제기,4,의료기기,5,Tier5_저빈도
2635,기본조제기술,4,수술및시술,6,Tier5_저빈도
2636,포괄간호병,4,질병및증후군,5,Tier5_저빈도
2637,삼성서울병,4,질병및증후군,5,Tier5_저빈도
2638,보장기관기,4,의료기기,5,Tier5_저빈도
2639,치주낭측정검사,4,검사및진단,7,Tier5_저빈도
2640,유지관리항목,4,기타의료용어,6,Tier5_저빈도
2641,만성치주염,4,기타의료용어,5,Tier5_저빈도
2642,시작되기,4,의료기기,4,Tier5_저빈도
2643,복수기관,4,의료기기,4,Tier5_저빈도
2644,치료방사선,4,해부및생리,5,Tier5_저빈도
2645,위한 PET,4,기타의료용어,6,Tier5_저빈도
2646,PET 추가,4,기타의료용어,6,Tier5_저빈도
2647,항문압력검사,4,기타의료용어,6,Tier5_저빈도
2648,재활사회요법,4,수술및시술,6,Tier5_저빈도
2649,국가위기,4,의료기기,4,Tier5_저빈도
2650,국가위기단계,4,의료기기,6,Tier5_저빈도
2651,연구기관,4,의료기기,4,Tier5_저빈도
2652,Imaging Sensor,4,영문의학용어,14,Tier5_저빈도
2653,신생아호흡곤란증,4,기타의료용어,8,Tier5_저빈도
2654,신생아호흡곤란증후군,4,질병및증후군,10,Tier5_저빈도
2655,위해 CT,4,기타의료용어,5,Tier5_저빈도
2656,배란진단검사,4,검사및진단,6,Tier5_저빈도
2657,조치하시기,4,의료기기,5,Tier5_저빈도
2658,치매조기,4,의료기기,4,Tier5_저빈도
2659,외주용역업체,4,기타의료용어,6,Tier5_저빈도
2660,개인용의료기기,4,의료기기,7,Tier5_저빈도
2661,장애인등록,4,기타의료용어,5,Tier5_저빈도
2662,기하시기,4,의료기기,4,Tier5_저빈도
2663,경근첩대요법,4,수술및시술,6,Tier5_저빈도
2664,규명하기,4,의료기기,4,Tier5_저빈도
2665,자궁동맥색전술,4,수술및시술,7,Tier5_저빈도
2666,냉동수술기,4,의료기기,5,Tier5_저빈도
2667,MRI촬영의,4,기타의료용어,6,Tier5_저빈도
2668,진단용방사선발생장치,4,해부및생리,10,Tier5_저빈도
2669,초음파골밀도측정기,4,의료기기,9,Tier5_저빈도
2670,치료권장지침,4,기타의료용어,6,Tier5_저빈도
2671,MRI 촬영을,4,기타의료용어,7,Tier5_저빈도
2672,경우에 CT,4,기타의료용어,6,Tier5_저빈도
2673,심사청구절차,4,기타의료용어,6,Tier5_저빈도
2674,아포세컨나프실린나트륨,4,약물및성분,11,Tier5_저빈도
2675,MRI 시행시,4,기타의료용어,7,Tier5_저빈도
2676,MRI 급여,4,기타의료용어,6,Tier5_저빈도
2677,차원자기,4,의료기기,4,Tier5_저빈도
2678,탁소텔주의,4,기타의료용어,5,Tier5_저빈도
2679,아라세나에이연고,4,약물및성분,8,Tier5_저빈도
2680,노르아미노피린메탄설폰산칼슘,4,약물및성분,14,Tier5_저빈도
2681,요청하였기,4,의료기기,5,Tier5_저빈도
2682,루프스질환,4,질병및증후군,5,Tier5_저빈도
2683,구연산펜타닐주사제,4,약물및성분,9,Tier5_저빈도
2684,스포라녹스주사제,4,약물및성분,8,Tier5_저빈도
2685,악성난소생식세포,4,해부및생리,8,Tier5_저빈도
2686,악성난소생식세포종,4,질병및증후군,9,Tier5_저빈도
2687,폐업정리기,4,의료기기,5,Tier5_저빈도
2688,바이오피드백기기,4,의료기기,8,Tier5_저빈도
2689,전두탈모증,4,기타의료용어,5,Tier5_저빈도
2690,글루카곤종,4,질병및증후군,5,Tier5_저빈도
2691,유인동기,4,의료기기,4,Tier5_저빈도
2692,요양급여세부인정기,4,의료기기,9,Tier5_저빈도
2693,요양급여세부인정기준,4,의료기기,10,Tier5_저빈도
2694,참여기관,4,의료기기,4,Tier5_저빈도
2695,연장승인지침,4,기타의료용어,6,Tier5_저빈도
2696,의료보호의기,4,의료기기,6,Tier5_저빈도
2697,의료보호의기준,4,의료기기,7,Tier5_저빈도
2698,유전자변이검사,4,검사및진단,7,Tier5_저빈도
2699,조비락스크림,4,약물및성분,6,Tier5_저빈도
2700,적정입원기,4,의료기기,5,Tier5_저빈도
2701,좌심실조영술,4,수술및시술,6,Tier5_저빈도
2702,전체염기,4,의료기기,4,Tier5_저빈도
2703,전체염기서열분석검사,4,검사및진단,10,Tier5_저빈도
2704,간이인지기능검사,4,의료기기,8,Tier5_저빈도
2705,간이인지기,4,의료기기,5,Tier5_저빈도
2706,심리치료순응성검사,4,기타의료용어,9,Tier5_저빈도
2707,사고장애평가,4,기타의료용어,6,Tier5_저빈도
2708,주기적사지움직임증,4,의료기기,9,Tier5_저빈도
2709,산도스타틴주사제,4,약물및성분,8,Tier5_저빈도
2710,CT 촬영의,4,기타의료용어,6,Tier5_저빈도
2711,사시교정술,4,수술및시술,5,Tier5_저빈도
2712,의약분업관,4,기타의료용어,5,Tier5_저빈도
2713,치과대학부속병,4,질병및증후군,7,Tier5_저빈도
2714,착오없기,4,의료기기,4,Tier5_저빈도
2715,고엽제후유증,4,기타의료용어,6,Tier5_저빈도
2716,뇌순환대사개선,4,해부및생리,7,Tier5_저빈도
2717,입원환자관,4,기타의료용어,5,Tier5_저빈도
2718,두피조직확장술,4,수술및시술,7,Tier5_저빈도
2719,소년보호사건,4,기타의료용어,6,Tier5_저빈도
2720,복부지방흡인술,4,수술및시술,7,Tier5_저빈도
2721,최초판매시기,4,의료기기,6,Tier5_저빈도
2722,간이영수증,4,기타의료용어,5,Tier5_저빈도
2723,부광 스틸녹스,4,기타의료용어,7,Tier5_저빈도
2724,의료용구업체,4,기타의료용어,6,Tier5_저빈도
2725,유방축소술,4,수술및시술,5,Tier5_저빈도
2726,요소용해검사,4,기타의료용어,6,Tier5_저빈도
2727,신장이식관,4,기타의료용어,5,Tier5_저빈도
2728,생활회관,4,기타의료용어,4,Tier5_저빈도
2729,피보험자증,4,기타의료용어,5,Tier5_저빈도
2730,세균배양검사,4,기타의료용어,6,Tier5_저빈도
2731,슈가마덱스나트륨,4,약물및성분,8,Tier5_저빈도
2732,브리디온,4,기타의료용어,4,Tier5_저빈도
2733,체절기능부전,4,질병및증후군,6,Tier5_저빈도
2734,사유로 CT,4,기타의료용어,6,Tier5_저빈도
2735,심의안건,4,기타의료용어,4,Tier5_저빈도
2736,사지접합수술,4,수술및시술,6,Tier5_저빈도
2737,안와골절정복술,4,수술및시술,7,Tier5_저빈도
2738,요추퇴행성후만증수술,4,수술및시술,10,Tier5_저빈도
2739,공막편이식술,4,수술및시술,6,Tier5_저빈도
2740,녹내장임플란트삽입술,4,수술및시술,10,Tier5_저빈도
2741,녹내장임플란트,4,의료기기,7,Tier5_저빈도
2742,교감신경절절제수술,4,수술및시술,9,Tier5_저빈도
2743,류마티스질환,4,질병및증후군,6,Tier5_저빈도
2744,혈관내초음파,4,해부및생리,6,Tier5_저빈도
2745,관상동맥혈관,4,해부및생리,6,Tier5_저빈도
2746,외측상과염,4,기타의료용어,5,Tier5_저빈도
2747,삼첨판성형술,4,수술및시술,6,Tier5_저빈도
2748,뇌하수체종양적출술,4,수술및시술,9,Tier5_저빈도
2749,질벽봉합술,4,수술및시술,5,Tier5_저빈도
2750,시행한 CT,4,기타의료용어,6,Tier5_저빈도
2751,를이용한추체,4,기타의료용어,6,Tier5_저빈도
2752,를이용한추체간유합술,4,수술및시술,10,Tier5_저빈도
2753,골수형성이상증,4,기타의료용어,7,Tier5_저빈도
2754,골수형성이상증후군,4,질병및증후군,9,Tier5_저빈도
2755,흉곽출구증후군,4,질병및증후군,7,Tier5_저빈도
2756,Thoracic Outlet Syndrome,4,영문의학용어,24,Tier5_저빈도
2757,흉곽출구증,4,기타의료용어,5,Tier5_저빈도
2758,범부비동염,4,기타의료용어,5,Tier5_저빈도
2759,악성종양병,4,질병및증후군,5,Tier5_저빈도
2760,후지내측지차단술,4,수술및시술,8,Tier5_저빈도
2761,방사선요법기,4,해부및생리,6,Tier5_저빈도
2762,옥트스타틴,4,기타의료용어,5,Tier5_저빈도
2763,PET 인정여부,4,기타의료용어,8,Tier5_저빈도
2764,갑상선암수술,4,수술및시술,6,Tier5_저빈도
2765,두개안면기,4,의료기기,5,Tier5_저빈도
2766,고막성형술,4,수술및시술,5,Tier5_저빈도
2767,요천추 MRI,4,기타의료용어,7,Tier5_저빈도
2768,경추 MRI,4,기타의료용어,6,Tier5_저빈도
2769,피판분리술,4,수술및시술,5,Tier5_저빈도
2770,복막전이암,4,질병및증후군,5,Tier5_저빈도
2771,레미마졸람베실산염,4,기타의료용어,9,Tier5_저빈도
2772,철이소말토시드착염,4,기타의료용어,9,Tier5_저빈도
2773,Plastic Surgery,4,영문의학용어,15,Tier5_저빈도
2774,핵산분석검사,4,검사및진단,6,Tier5_저빈도
2775,세포주기,4,해부및생리,4,Tier5_저빈도
2776,형태계측검사,4,기타의료용어,6,Tier5_저빈도
2777,결장경하종양수술,4,수술및시술,8,Tier5_저빈도
2778,결장경하종,4,질병및증후군,5,Tier5_저빈도
2779,재조합골형성단백질,4,기타의료용어,9,Tier5_저빈도
2780,전립선온열요법,4,수술및시술,7,Tier5_저빈도
2781,온베브지,4,기타의료용어,4,Tier5_저빈도
2782,아바스틴,4,기타의료용어,4,Tier5_저빈도
2783,아이비글로불린에스엔,4,기타의료용어,10,Tier5_저빈도
2784,트룩시마,4,기타의료용어,4,Tier5_저빈도
2785,내시경적상부소화관종양수술,4,수술및시술,13,Tier5_저빈도
2786,내시경적상부소화관종,4,질병및증후군,10,Tier5_저빈도
2787,양전자방출단층촬영 PET,4,기타의료용어,13,Tier5_저빈도
2788,외래경과기,4,의료기기,5,Tier5_저빈도
2789,한방정신요법,4,수술및시술,6,Tier5_저빈도
2790,인실입원관,4,기타의료용어,5,Tier5_저빈도
2791,공고하기,4,의료기기,4,Tier5_저빈도
2792,골반 CT,4,기타의료용어,5,Tier5_저빈도
2793,급성위궤양,4,기타의료용어,5,Tier5_저빈도
2794,MRI 표준영상,4,기타의료용어,8,Tier5_저빈도
2795,음경음낭,4,기타의료용어,4,Tier5_저빈도
2796,음경음낭전위교정술,4,수술및시술,9,Tier5_저빈도
2797,유두재건,4,기타의료용어,4,Tier5_저빈도
2798,척추후만증,4,기타의료용어,5,Tier5_저빈도
2799,척추변형에척추관,4,기타의료용어,8,Tier5_저빈도
2800,척추변형에척추관절,4,해부및생리,9,Tier5_저빈도
2801,내부고정장치,4,의료기기,6,Tier5_저빈도
2802,편평등증후군,4,질병및증후군,6,Tier5_저빈도
2803,Flatback Syndrome,4,영문의학용어,17,Tier5_저빈도
2804,심초음파검사,4,기타의료용어,6,Tier5_저빈도
2805,CT 판독결과,4,기타의료용어,7,Tier5_저빈도
2806,안면및두개기,4,의료기기,6,Tier5_저빈도
2807,혈전정맥염,4,해부및생리,5,Tier5_저빈도
2808,입퇴원기,4,의료기기,4,Tier5_저빈도
2809,직류전기충격요법,4,수술및시술,8,Tier5_저빈도
2810,변형브로스트롬술,4,수술및시술,8,Tier5_저빈도
2811,각막곡율측정검사,4,검사및진단,8,Tier5_저빈도
2812,심장효소검사,4,기타의료용어,6,Tier5_저빈도
2813,만성경막하혈종,4,질병및증후군,7,Tier5_저빈도
2814,만성경막,4,해부및생리,4,Tier5_저빈도
2815,중수막동맥,4,해부및생리,5,Tier5_저빈도
2816,실버증후군,4,질병및증후군,5,Tier5_저빈도
2817,단계적수술,4,수술및시술,5,Tier5_저빈도
2818,승모판협착증,4,질병및증후군,6,Tier5_저빈도
2819,항핵항체검사,4,기타의료용어,6,Tier5_저빈도
2820,반코마이신,4,기타의료용어,5,Tier5_저빈도
2821,설단순절제술,4,수술및시술,6,Tier5_저빈도
2822,허혈성심질환,4,질병및증후군,6,Tier5_저빈도
2823,시각유발전위검사,4,기타의료용어,8,Tier5_저빈도
2824,유주농양천자술,4,수술및시술,7,Tier5_저빈도
2825,유주농양천자,4,기타의료용어,6,Tier5_저빈도
2826,미량알부민검사,4,기타의료용어,7,Tier5_저빈도
2827,삼차원CT,4,기타의료용어,5,Tier5_저빈도
2828,승모판폐쇄부전,4,질병및증후군,7,Tier5_저빈도
2829,복강동맥조영,4,해부및생리,6,Tier5_저빈도
2830,상심실성부정맥,4,해부및생리,7,Tier5_저빈도
2831,경두개자기,4,의료기기,5,Tier5_저빈도
2832,경두개자기자극술,4,수술및시술,8,Tier5_저빈도
2833,혈관내스텐트,4,해부및생리,6,Tier5_저빈도
2834,코타실이캡슐,4,약물및성분,6,Tier5_저빈도
2835,전극도자절제술,4,수술및시술,7,Tier5_저빈도
2836,후두미세진동검사,4,기타의료용어,8,Tier5_저빈도
2837,악성종양근치수술,4,수술및시술,8,Tier5_저빈도
2838,음향코통기,4,의료기기,5,Tier5_저빈도
2839,국소화관,4,기타의료용어,4,Tier5_저빈도
2840,악성뇌교종,4,질병및증후군,5,Tier5_저빈도
2841,혈액형항체역가검사,4,기타의료용어,9,Tier5_저빈도
2842,자가혈소판풍부혈장치료술,4,수술및시술,12,Tier5_저빈도
2843,자가혈소판풍부혈장치,4,의료기기,10,Tier5_저빈도
2844,Ulinastatin,4,생물학적제제,11,Tier5_저빈도
2845,역형성상세포종,4,질병및증후군,7,Tier5_저빈도
2846,역형성상세포,4,해부및생리,6,Tier5_저빈도
2847,신경생리추적감시검사,4,검사및진단,10,Tier5_저빈도
2848,부분적출술,4,수술및시술,5,Tier5_저빈도
2849,기관개창술,4,수술및시술,5,Tier5_저빈도
2850,Endoscopic Sinus Surgery,4,영문의학용어,24,Tier5_저빈도
2851,후방추체간유합술,4,수술및시술,8,Tier5_저빈도
2852,유착성피막,4,해부및생리,5,Tier5_저빈도
2853,유착성피막염,4,해부및생리,6,Tier5_저빈도
2854,약물농도검사,4,기타의료용어,6,Tier5_저빈도
2855,후두및하인두전적출술,4,수술및시술,10,Tier5_저빈도
2856,대혈관전위증수술,4,수술및시술,8,Tier5_저빈도
2857,대혈관전위증,4,해부및생리,6,Tier5_저빈도
2858,브이펜드,4,기타의료용어,4,Tier5_저빈도
2859,심막절제술,4,수술및시술,5,Tier5_저빈도
2860,후두전적출및하인두부분적출술,4,수술및시술,14,Tier5_저빈도
2861,Thrombolytic Treatment,4,영문의학용어,22,Tier5_저빈도
2862,체절신경조절요법,4,수술및시술,8,Tier5_저빈도
2863,조직내호르몬수용체검사,4,해부및생리,11,Tier5_저빈도
2864,조직내호르몬수용체,4,해부및생리,9,Tier5_저빈도
2865,좌심방조영술,4,수술및시술,6,Tier5_저빈도
2866,굴기능부전,4,질병및증후군,5,Tier5_저빈도
2867,하악골전돌증,4,기타의료용어,6,Tier5_저빈도
2868,조직수복용생체,3,해부및생리,7,Tier5_저빈도
2869,약제급여평가,3,기타의료용어,6,Tier5_저빈도
2870,클론크기,3,의료기기,4,Tier5_저빈도
2871,루푸스신염,3,기타의료용어,5,Tier5_저빈도
2872,소아알레르기,3,의료기기,6,Tier5_저빈도
2873,올루미언트,3,기타의료용어,5,Tier5_저빈도
2874,듀피젠트프리필드,3,기타의료용어,8,Tier5_저빈도
2875,엠파벨리,3,기타의료용어,4,Tier5_저빈도
2876,오페브연질,3,기타의료용어,5,Tier5_저빈도
2877,오페브연질캡슐,3,약물및성분,7,Tier5_저빈도
2878,솔루메드롤,3,기타의료용어,5,Tier5_저빈도
2879,Treatment Guidelines,3,영문의학용어,20,Tier5_저빈도
2880,최대내약용량,3,측정값지표,6,Tier5_저빈도
2881,만성신장병,3,질병및증후군,5,Tier5_저빈도
2882,아이비글로불린에스앤,3,기타의료용어,10,Tier5_저빈도
2883,신생아패혈증,3,기타의료용어,6,Tier5_저빈도
2884,괴사증후군,3,질병및증후군,5,Tier5_저빈도
2885,면역형광검사,3,검사및진단,6,Tier5_저빈도
2886,감마글로불린혈증,3,기타의료용어,8,Tier5_저빈도
2887,운동신경병증,3,질병및증후군,6,Tier5_저빈도
2888,중증패혈증,3,기타의료용어,5,Tier5_저빈도
2889,만성염증성탈수초다발성신경병증,3,질병및증후군,15,Tier5_저빈도
2890,만성염증성탈수초다발성신경,3,해부및생리,13,Tier5_저빈도
2891,특발성혈소판감소성자반증,3,기타의료용어,12,Tier5_저빈도
2892,다발성근염,3,기타의료용어,5,Tier5_저빈도
2893,Hemolytic Uremic Syndrome,3,영문의학용어,25,Tier5_저빈도
2894,대혈관수술,3,수술및시술,5,Tier5_저빈도
2895,직장협착확장술,3,수술및시술,7,Tier5_저빈도
2896,약효분류번호,3,기타의료용어,6,Tier5_저빈도
2897,상부소화관확장술,3,수술및시술,8,Tier5_저빈도
2898,상부소화관협착확장술,3,수술및시술,10,Tier5_저빈도
2899,트렘피어프리 필드시린지,3,기타의료용어,12,Tier5_저빈도
2900,탈츠프리필드시린지,3,기타의료용어,9,Tier5_저빈도
2901,스카이리치프리필드시린지,3,기타의료용어,12,Tier5_저빈도
2902,스텔라라 프리필드,3,기타의료용어,9,Tier5_저빈도
2903,완전장관,3,기타의료용어,4,Tier5_저빈도
2904,Disease Modifying Anti Rheumatic Drugs,3,영문의학용어,38,Tier5_저빈도
2905,Transplantation Infectious Diseases Community,3,영문의학용어,45,Tier5_저빈도
2906,프레비미스,3,기타의료용어,5,Tier5_저빈도
2907,방광확대성형술,3,수술및시술,7,Tier5_저빈도
2908,전립선정낭전적출술,3,수술및시술,9,Tier5_저빈도
2909,신요관적출술,3,수술및시술,6,Tier5_저빈도
2910,방광대치술,3,수술및시술,5,Tier5_저빈도
2911,자궁부속기절제술,3,수술및시술,8,Tier5_저빈도
2912,전립선정낭,3,해부및생리,5,Tier5_저빈도
2913,Alzheimer Disease,3,영문의학용어,17,Tier5_저빈도
2914,교차반응검사,3,기타의료용어,6,Tier5_저빈도
2915,혈장반출술,3,수술및시술,5,Tier5_저빈도
2916,다발혈관,3,해부및생리,4,Tier5_저빈도
2917,다발혈관염,3,해부및생리,5,Tier5_저빈도
2918,베게너육아종증,3,기타의료용어,7,Tier5_저빈도
2919,하노마이신정,3,기타의료용어,6,Tier5_저빈도
2920,Interim Analysis,3,영문의학용어,16,Tier5_저빈도
2921,혈장응고효소,3,기타의료용어,6,Tier5_저빈도
2922,교육이수기,3,의료기기,5,Tier5_저빈도
2923,교육이수기관,3,의료기기,6,Tier5_저빈도
2924,일반기관,3,의료기기,4,Tier5_저빈도
2925,경구당부하검사,3,기타의료용어,7,Tier5_저빈도
2926,펙수클루,3,기타의료용어,4,Tier5_저빈도
2927,리알트리스나잘,3,기타의료용어,7,Tier5_저빈도
2928,주산기심근증,3,의료기기,6,Tier5_저빈도
2929,Peripartum Cardiomyopathy,3,영문의학용어,25,Tier5_저빈도
2930,주산기심근,3,의료기기,5,Tier5_저빈도
2931,대한유전성대사질환,3,질병및증후군,9,Tier5_저빈도
2932,혈전제거풍선카테터,3,해부및생리,9,Tier5_저빈도
2933,혈전제거풍선,3,해부및생리,6,Tier5_저빈도
2934,비후성심근병증,3,질병및증후군,7,Tier5_저빈도
2935,사르코이드증,3,기타의료용어,6,Tier5_저빈도
2936,지연조영증,3,기타의료용어,5,Tier5_저빈도
2937,국제정상화비율,3,측정값지표,7,Tier5_저빈도
2938,Noncardiac Surgery,3,영문의학용어,18,Tier5_저빈도
2939,지스로맥스,3,기타의료용어,5,Tier5_저빈도
2940,예방접종대상감염병관리지침,3,기타의료용어,13,Tier5_저빈도
2941,Communicable Diseases,3,영문의학용어,21,Tier5_저빈도
2942,예방접종대상감염병관,3,기타의료용어,10,Tier5_저빈도
2943,Emerging Infectious Diseases  Vol,3,영문의학용어,33,Tier5_저빈도
2944,Optical Coherence Tomography,3,영문의학용어,28,Tier5_저빈도
2945,Circulation Journal,3,영문의학용어,19,Tier5_저빈도
2946,방어기구거치술급여기,3,의료기기,10,Tier5_저빈도
2947,방어기구거치술,3,수술및시술,7,Tier5_저빈도
2948,방어기구거치술급여기준,3,의료기기,11,Tier5_저빈도
2949,특발성혈소판감소증,3,기타의료용어,9,Tier5_저빈도
2950,생식샘자극호르몬분비호르몬,3,기타의료용어,13,Tier5_저빈도
2951,마이폴틱장용,3,기타의료용어,6,Tier5_저빈도
2952,Polycystic Ovarian Syndrome,3,영문의학용어,27,Tier5_저빈도
2953,척추분리증,3,기타의료용어,5,Tier5_저빈도
2954,CT 검사에서,3,기타의료용어,7,Tier5_저빈도
2955,부고환정관,3,기타의료용어,5,Tier5_저빈도
2956,부고환정관문합술,3,수술및시술,8,Tier5_저빈도
2957,복강경수술,3,수술및시술,5,Tier5_저빈도
2958,양전자방출단층촬영의급여기,3,의료기기,13,Tier5_저빈도
2959,양전자방출단층촬영의급여기준,3,의료기기,14,Tier5_저빈도
2960,배액하기,3,의료기기,4,Tier5_저빈도
2961,추골기저동맥,3,해부및생리,6,Tier5_저빈도
2962,두개감압술,3,수술및시술,5,Tier5_저빈도
2963,입원치료병,3,질병및증후군,5,Tier5_저빈도
2964,카바페넴내성장내세균속균종,3,질병및증후군,13,Tier5_저빈도
2965,중증열성혈소판감소증,3,기타의료용어,10,Tier5_저빈도
2966,중증열성혈소판감소증후군,3,질병및증후군,12,Tier5_저빈도
2967,임상연구급여평가,3,기타의료용어,8,Tier5_저빈도
2968,Parkinson Disease,3,영문의학용어,17,Tier5_저빈도
2969,에브리스디 건조,3,기타의료용어,8,Tier5_저빈도
2970,루센티스,3,기타의료용어,4,Tier5_저빈도
2971,공회장우회술,3,수술및시술,6,Tier5_저빈도
2972,Bradycardia Syndrome,3,영문의학용어,20,Tier5_저빈도
2973,Bradycardia  Syndrome,3,영문의학용어,21,Tier5_저빈도
2974,자연주기,3,의료기기,4,Tier5_저빈도
2975,성선기능저하증,3,해부및생리,7,Tier5_저빈도
2976,전방십자인대재건술,3,수술및시술,9,Tier5_저빈도
2977,슬관절전치환술,3,수술및시술,7,Tier5_저빈도
2978,Trastuzumab,3,생물학적제제,11,Tier5_저빈도
2979,전방십자인대재건,3,해부및생리,8,Tier5_저빈도
2980,상부요관,3,기타의료용어,4,Tier5_저빈도
2981,신종양절제술,3,수술및시술,6,Tier5_저빈도
2982,말기심부전,3,질병및증후군,5,Tier5_저빈도
2983,조직배출기,3,해부및생리,5,Tier5_저빈도
2984,의료용개창기,3,의료기기,6,Tier5_저빈도
2985,과잉행동장애,3,질병및증후군,6,Tier5_저빈도
2986,큐로서프,3,기타의료용어,4,Tier5_저빈도
2987,Respiratory Distress Syndrome,3,영문의학용어,29,Tier5_저빈도
2988,전기소작응고술,3,수술및시술,7,Tier5_저빈도
2989,하부위장관,3,기타의료용어,5,Tier5_저빈도
2990,시나지스,3,기타의료용어,4,Tier5_저빈도
2991,소화기신경,3,해부및생리,5,Tier5_저빈도
2992,숙신산탈수소효소,3,기타의료용어,8,Tier5_저빈도
2993,PET검사에,3,기타의료용어,6,Tier5_저빈도
2994,소화기신경내분비종,3,질병및증후군,9,Tier5_저빈도
2995,인슐린수치,3,측정값지표,5,Tier5_저빈도
2996,수축기능부전,3,질병및증후군,6,Tier5_저빈도
2997,방사선검출기,3,해부및생리,6,Tier5_저빈도
2998,직장내압검사,3,기타의료용어,6,Tier5_저빈도
2999,신경총손상,3,해부및생리,5,Tier5_저빈도
3000,이상운동질환,3,질병및증후군,6,Tier5_저빈도
3001,중추성조발사춘기,3,의료기기,8,Tier5_저빈도
3002,Clean Intermittent Catheterization,3,영문의학용어,34,Tier5_저빈도
3003,아조비오토인젝터,3,기타의료용어,8,Tier5_저빈도
3004,Galcanezumab,3,생물학적제제,12,Tier5_저빈도
3005,망막혈관,3,해부및생리,4,Tier5_저빈도
3006,Treatment Based,3,영문의학용어,15,Tier5_저빈도
3007,당뇨황반부종,3,질병및증후군,6,Tier5_저빈도
3008,마카이드,3,기타의료용어,4,Tier5_저빈도
3009,Omalizumab,3,생물학적제제,10,Tier5_저빈도
3010,파센라 프리필드시린지,3,기타의료용어,11,Tier5_저빈도
3011,Mepolizumab,3,생물학적제제,11,Tier5_저빈도
3012,Reslizumab,3,생물학적제제,10,Tier5_저빈도
3013,스킬라렌스장용,3,기타의료용어,7,Tier5_저빈도
3014,인화세포암,3,질병및증후군,5,Tier5_저빈도
3015,레볼레이드,3,기타의료용어,5,Tier5_저빈도
3016,로미플레이트,3,기타의료용어,6,Tier5_저빈도
3017,좌주관상동맥,3,해부및생리,6,Tier5_저빈도
3018,Sequential Treatment,3,영문의학용어,20,Tier5_저빈도
3019,대웅졸레드론산,3,기타의료용어,7,Tier5_저빈도
3020,도브프렐라,3,기타의료용어,5,Tier5_저빈도
3021,유한메로펜,3,기타의료용어,5,Tier5_저빈도
3022,피니박스,3,기타의료용어,4,Tier5_저빈도
3023,오구멘틴,3,기타의료용어,4,Tier5_저빈도
3024,자이복스,3,기타의료용어,4,Tier5_저빈도
3025,성선부전증,3,해부및생리,5,Tier5_저빈도
3026,성선자극호르몬,3,해부및생리,7,Tier5_저빈도
3027,퍼고베리스,3,기타의료용어,5,Tier5_저빈도
3028,제포시아,3,기타의료용어,4,Tier5_저빈도
3029,제포시아캡슐,3,약물및성분,6,Tier5_저빈도
3030,도파체크,3,기타의료용어,4,Tier5_저빈도
3031,뇌양전자방출단층촬영,3,기타의료용어,10,Tier5_저빈도
3032,십이지장절제술,3,수술및시술,7,Tier5_저빈도
3033,췌비장절제술,3,수술및시술,6,Tier5_저빈도
3034,프랄런트펜,3,기타의료용어,5,Tier5_저빈도
3035,Cardiovascular Disease,3,영문의학용어,22,Tier5_저빈도
3036,신부분절제술,3,수술및시술,6,Tier5_저빈도
3037,췌십이지장절제술,3,수술및시술,8,Tier5_저빈도
3038,확보하기,3,의료기기,4,Tier5_저빈도
3039,위식도역류증,3,기타의료용어,6,Tier5_저빈도
3040,유전자검사기관,3,의료기기,7,Tier5_저빈도
3041,유전자검사기,3,의료기기,6,Tier5_저빈도
3042,외부정도관,3,기타의료용어,5,Tier5_저빈도
3043,동화록소닌,3,기타의료용어,5,Tier5_저빈도
3044,동아오팔몬,3,기타의료용어,5,Tier5_저빈도
3045,트림보우흡입제,3,기타의료용어,7,Tier5_저빈도
3046,그린모노,3,기타의료용어,4,Tier5_저빈도
3047,검사의급여기,3,의료기기,6,Tier5_저빈도
3048,검사의급여기준,3,의료기기,7,Tier5_저빈도
3049,수면평가장치,3,의료기기,6,Tier5_저빈도
3050,과다수면증,3,기타의료용어,5,Tier5_저빈도
3051,주간졸림증,3,기타의료용어,5,Tier5_저빈도
3052,만성호흡부전,3,질병및증후군,6,Tier5_저빈도
3053,국소벽운동장애,3,질병및증후군,7,Tier5_저빈도
3054,좌심실이완기,3,의료기기,6,Tier5_저빈도
3055,해면상혈관,3,해부및생리,5,Tier5_저빈도
3056,해면상혈관종,3,질병및증후군,6,Tier5_저빈도
3057,포도막흑색종,3,질병및증후군,6,Tier5_저빈도
3058,심장박동기,3,의료기기,5,Tier5_저빈도
3059,인대재건,3,해부및생리,4,Tier5_저빈도
3060,인대재건술,3,수술및시술,5,Tier5_저빈도
3061,Oxygenation Index,3,영문의학용어,17,Tier5_저빈도
3062,ECMO 전환을,3,기타의료용어,8,Tier5_저빈도
3063,흡입치료기,3,의료기기,5,Tier5_저빈도
3064,ECMO 전환이,3,기타의료용어,8,Tier5_저빈도
3065,폐동맥판막,3,해부및생리,5,Tier5_저빈도
3066,선천성심장병,3,질병및증후군,6,Tier5_저빈도
3067,방음청력검사,3,기타의료용어,6,Tier5_저빈도
3068,인공중이이식기,3,의료기기,7,Tier5_저빈도
3069,청각유발반응검사,3,기타의료용어,8,Tier5_저빈도
3070,지방흡인술,3,수술및시술,5,Tier5_저빈도
3071,Extra Corporeal Membrane Oxygenator,3,영문의학용어,35,Tier5_저빈도
3072,크라비트,3,기타의료용어,4,Tier5_저빈도
3073,국제독시사이클린하이클레이트수화물캡슐,3,약물및성분,19,Tier5_저빈도
3074,국제독시사이클린하이클레이트수화물,3,기타의료용어,17,Tier5_저빈도
3075,특수영상진단,3,기타의료용어,6,Tier5_저빈도
3076,요추간판절제술,3,수술및시술,7,Tier5_저빈도
3077,흉추간판제거술,3,수술및시술,7,Tier5_저빈도
3078,만성관절염,3,해부및생리,5,Tier5_저빈도
3079,기생충질환,3,질병및증후군,5,Tier5_저빈도
3080,단층영상촬영,3,기타의료용어,6,Tier5_저빈도
3081,비부비동염,3,기타의료용어,5,Tier5_저빈도
3082,어깨충돌증후군,3,질병및증후군,7,Tier5_저빈도
3083,어깨충돌증,3,기타의료용어,5,Tier5_저빈도
3084,Impingement Syndrome,3,영문의학용어,20,Tier5_저빈도
3085,척수회백신경,3,해부및생리,6,Tier5_저빈도
3086,방척추신경,3,해부및생리,5,Tier5_저빈도
3087,대상포진후통증,3,기타의료용어,7,Tier5_저빈도
3088,대소후두신경,3,해부및생리,6,Tier5_저빈도
3089,갑상선절제술,3,수술및시술,6,Tier5_저빈도
3090,유방밀도자동정량술,3,수술및시술,9,Tier5_저빈도
3091,안와재건,3,기타의료용어,4,Tier5_저빈도
3092,산정특례암,3,질병및증후군,5,Tier5_저빈도
3093,항암화학방사선,3,해부및생리,7,Tier5_저빈도
3094,Cincinnati International Turner Syndrome Meeting,3,영문의학용어,48,Tier5_저빈도
3095,Pediatric Physical Diagnosis,3,영문의학용어,28,Tier5_저빈도
3096,아이벡스프로글리셈,3,기타의료용어,9,Tier5_저빈도
3097,아이벡스프로글리셈현탁액,3,약물및성분,12,Tier5_저빈도
3098,혈액가스측정,3,기타의료용어,6,Tier5_저빈도
3099,주입하기,3,의료기기,4,Tier5_저빈도
3100,편평세포암,3,질병및증후군,5,Tier5_저빈도
3101,Durvalumab,3,생물학적제제,10,Tier5_저빈도
3102,엔젤라프리필드펜,3,기타의료용어,8,Tier5_저빈도
3103,소아성장호르몬,3,기타의료용어,7,Tier5_저빈도
3104,소아성장호르몬결핍증,3,질병및증후군,10,Tier5_저빈도
3105,마이오자임,3,기타의료용어,5,Tier5_저빈도
3106,넥스비아자임,3,기타의료용어,6,Tier5_저빈도
3107,누소관성형술,3,수술및시술,6,Tier5_저빈도
3108,진타솔로퓨즈프리필드,3,기타의료용어,10,Tier5_저빈도
3109,애드베이트,3,기타의료용어,5,Tier5_저빈도
3110,그린진에프,3,기타의료용어,5,Tier5_저빈도
3111,애디노베이트,3,기타의료용어,6,Tier5_저빈도
3112,앱스틸라,3,기타의료용어,4,Tier5_저빈도
3113,엘록테이트,3,기타의료용어,5,Tier5_저빈도
3114,천막하개두술,3,수술및시술,6,Tier5_저빈도
3115,엔트레스토필름코팅,3,기타의료용어,9,Tier5_저빈도
3116,관혈적정복수술,3,수술및시술,7,Tier5_저빈도
3117,혼합기의급여기,3,의료기기,7,Tier5_저빈도
3118,혼합기의급여기준,3,의료기기,8,Tier5_저빈도
3119,Heart Lung Transplant,3,영문의학용어,21,Tier5_저빈도
3120,옵서미트,3,기타의료용어,4,Tier5_저빈도
3121,보란건조살무사항독소,3,기타의료용어,10,Tier5_저빈도
3122,슬관절치환술,3,수술및시술,6,Tier5_저빈도
3123,인베가서스티나,3,기타의료용어,7,Tier5_저빈도
3124,하부요로생식기,3,의료기기,7,Tier5_저빈도
3125,파라인플루,3,기타의료용어,5,Tier5_저빈도
3126,호흡기합포체,3,의료기기,6,Tier5_저빈도
3127,Pharmacologic Treatment,3,영문의학용어,23,Tier5_저빈도
3128,치료기관,3,의료기기,4,Tier5_저빈도
3129,이개성형술,3,수술및시술,5,Tier5_저빈도
3130,채취하기,3,의료기기,4,Tier5_저빈도
3131,치아질환처치,3,수술및시술,6,Tier5_저빈도
3132,교환시기,3,의료기기,4,Tier5_저빈도
3133,족저근막,3,해부및생리,4,Tier5_저빈도
3134,족저근막염,3,해부및생리,5,Tier5_저빈도
3135,유착부위박리시술,3,수술및시술,8,Tier5_저빈도
3136,사지골절관,3,기타의료용어,5,Tier5_저빈도
3137,사지골절관혈적정복술,3,수술및시술,10,Tier5_저빈도
3138,고관절전치환술,3,수술및시술,7,Tier5_저빈도
3139,전극제거술,3,수술및시술,5,Tier5_저빈도
3140,심부전극삽입술,3,수술및시술,7,Tier5_저빈도
3141,비상경보장치,3,의료기기,6,Tier5_저빈도
3142,형광동소교잡반응검사,3,기타의료용어,10,Tier5_저빈도
3143,알레르기질환,3,질병및증후군,6,Tier5_저빈도
3144,혈류영상검사,3,기타의료용어,6,Tier5_저빈도
3145,치주치료후처치,3,수술및시술,7,Tier5_저빈도
3146,혈관중재술,3,수술및시술,5,Tier5_저빈도
3147,프로코라란,3,기타의료용어,5,Tier5_저빈도
3148,항마이크로좀항체,3,기타의료용어,8,Tier5_저빈도
3149,항갑상선,3,해부및생리,4,Tier5_저빈도
3150,항갑상선글로불린항체,3,해부및생리,10,Tier5_저빈도
3151,갑상선기능항진증,3,해부및생리,8,Tier5_저빈도
3152,중증도분류,3,기타의료용어,5,Tier5_저빈도
3153,손상중증도점수,3,기타의료용어,7,Tier5_저빈도
3154,중환자실관,3,기타의료용어,5,Tier5_저빈도
3155,응급환자중증,3,기타의료용어,6,Tier5_저빈도
3156,정신응급환자초기,3,의료기기,8,Tier5_저빈도
3157,실시조건,3,기타의료용어,4,Tier5_저빈도
3158,노디트로핀,3,기타의료용어,5,Tier5_저빈도
3159,아셀렉스,3,기타의료용어,4,Tier5_저빈도
3160,아셀렉스캡슐,3,약물및성분,6,Tier5_저빈도
3161,수련치과병,3,질병및증후군,5,Tier5_저빈도
3162,벤리스타,3,기타의료용어,4,Tier5_저빈도
3163,아트맥콤비젤연질,3,기타의료용어,8,Tier5_저빈도
3164,보조하기,3,의료기기,4,Tier5_저빈도
3165,시그마트,3,기타의료용어,4,Tier5_저빈도
3166,일성이솦틴,3,기타의료용어,5,Tier5_저빈도
3167,알푸로덱스,3,기타의료용어,5,Tier5_저빈도
3168,폐색성동맥경화증,3,해부및생리,8,Tier5_저빈도
3169,폐색성동맥,3,해부및생리,5,Tier5_저빈도
3170,Metabolic Bone Disease,3,영문의학용어,22,Tier5_저빈도
3171,고칼슘뇨증,3,기타의료용어,5,Tier5_저빈도
3172,소나조이드,3,기타의료용어,5,Tier5_저빈도
3173,Pancreatic Surgery,3,영문의학용어,18,Tier5_저빈도
3174,Peripheral Artery Disease,3,영문의학용어,25,Tier5_저빈도
3175,프라닥사,3,기타의료용어,4,Tier5_저빈도
3176,알프로릭스,3,기타의료용어,5,Tier5_저빈도
3177,연속혈당측정,3,기타의료용어,6,Tier5_저빈도
3178,형헤모필루스인플루,3,기타의료용어,9,Tier5_저빈도
3179,덴티스타캡슐,3,약물및성분,6,Tier5_저빈도
3180,덴티스타,3,기타의료용어,4,Tier5_저빈도
3181,아킬레스건,3,기타의료용어,5,Tier5_저빈도
3182,근육긴장이상증,3,해부및생리,7,Tier5_저빈도
3183,아킬레스건재건,3,기타의료용어,7,Tier5_저빈도
3184,아킬레스건재건술,3,수술및시술,8,Tier5_저빈도
3185,항문생식기,3,의료기기,5,Tier5_저빈도
3186,구인두전구암,3,질병및증후군,6,Tier5_저빈도
3187,급여기관,3,의료기기,4,Tier5_저빈도
3188,리오레살,3,기타의료용어,4,Tier5_저빈도
3189,아이브이에프엠에이치피,3,기타의료용어,11,Tier5_저빈도
3190,아이브이에프엠,3,기타의료용어,7,Tier5_저빈도
3191,더모스코피검사,3,기타의료용어,7,Tier5_저빈도
3192,헤모글로빈농도,3,측정값지표,7,Tier5_저빈도
3193,수정체유화술,3,수술및시술,6,Tier5_저빈도
3194,듀오다트,3,기타의료용어,4,Tier5_저빈도
3195,스피리바 흡입용,3,기타의료용어,8,Tier5_저빈도
3196,관리료산정기,3,의료기기,6,Tier5_저빈도
3197,관리료산정기준,3,의료기기,7,Tier5_저빈도
3198,특정부위의 MRI,3,기타의료용어,9,Tier5_저빈도
3199,시행된 MRI,3,기타의료용어,7,Tier5_저빈도
3200,사지혈관,3,해부및생리,4,Tier5_저빈도
3201,부갑상선초음파,3,해부및생리,7,Tier5_저빈도
3202,와킥스필름코팅,3,기타의료용어,7,Tier5_저빈도
3203,에제페노,3,기타의료용어,4,Tier5_저빈도
3204,내시경하접구개신경,3,해부및생리,9,Tier5_저빈도
3205,내시경하접구개신경절차단술,3,수술및시술,13,Tier5_저빈도
3206,내시경하접구개신경절차,3,해부및생리,11,Tier5_저빈도
3207,입실하기,3,의료기기,4,Tier5_저빈도
3208,일반병동과호스피스병,3,질병및증후군,10,Tier5_저빈도
3209,창상치유촉진드레싱류,3,기타의료용어,10,Tier5_저빈도
3210,일시적피부대체드레싱류,3,기타의료용어,11,Tier5_저빈도
3211,일시적피부대체,3,기타의료용어,7,Tier5_저빈도
3212,만성췌장염,3,기타의료용어,5,Tier5_저빈도
3213,Guiding Catheter,3,영문의학용어,16,Tier5_저빈도
3214,있거나 CT,3,기타의료용어,6,Tier5_저빈도
3215,갈라폴드,3,기타의료용어,4,Tier5_저빈도
3216,갈라폴드캡슐,3,약물및성분,6,Tier5_저빈도
3217,치료시기,3,의료기기,4,Tier5_저빈도
3218,이산화탄소분압측정,3,기타의료용어,9,Tier5_저빈도
3219,어택트라 흡입용,3,기타의료용어,8,Tier5_저빈도
3220,에너제어 흡입용,3,기타의료용어,8,Tier5_저빈도
3221,연결유지장치,3,의료기기,6,Tier5_저빈도
3222,하이드로겔,3,약물및성분,5,Tier5_저빈도
3223,Stent Graft,3,영문의학용어,11,Tier5_저빈도
3224,유방양성종,3,질병및증후군,5,Tier5_저빈도
3225,입원환자식대세부기,3,의료기기,9,Tier5_저빈도
3226,입원환자식대세부기준,3,의료기기,10,Tier5_저빈도
3227,사업자등록,3,기타의료용어,5,Tier5_저빈도
3228,유전자패널검사,3,검사및진단,7,Tier5_저빈도
3229,로수메가연질,3,기타의료용어,6,Tier5_저빈도
3230,로수메가연질캡슐,3,약물및성분,8,Tier5_저빈도
3231,알콕시아,3,기타의료용어,4,Tier5_저빈도
3232,폐동맥판협착증,3,질병및증후군,7,Tier5_저빈도
3233,대뇌운동피질자극술,3,수술및시술,9,Tier5_저빈도
3234,하행대동맥,3,해부및생리,5,Tier5_저빈도
3235,비중격성형술,3,수술및시술,6,Tier5_저빈도
3236,Alemtuzumab,3,생물학적제제,11,Tier5_저빈도
3237,렘트라다,3,기타의료용어,4,Tier5_저빈도
3238,마벤클라드,3,기타의료용어,5,Tier5_저빈도
3239,텍피데라,3,기타의료용어,4,Tier5_저빈도
3240,텍피데라캡슐,3,약물및성분,6,Tier5_저빈도
3241,피타렉스캡슐,3,약물및성분,6,Tier5_저빈도
3242,피타렉스,3,기타의료용어,4,Tier5_저빈도
3243,코팍손프리필드,3,기타의료용어,7,Tier5_저빈도
3244,아벨록스,3,기타의료용어,4,Tier5_저빈도
3245,심부장기,3,의료기기,4,Tier5_저빈도
3246,심부장기감염,3,의료기기,6,Tier5_저빈도
3247,대한요로생식기감염,3,의료기기,9,Tier5_저빈도
3248,대한요로생식기,3,의료기기,7,Tier5_저빈도
3249,플레그리디펜,3,기타의료용어,6,Tier5_저빈도
3250,레비프프리필드,3,기타의료용어,7,Tier5_저빈도
3251,베타페론,3,기타의료용어,4,Tier5_저빈도
3252,Natalizumab,3,생물학적제제,11,Tier5_저빈도
3253,티사브리,3,기타의료용어,4,Tier5_저빈도
3254,눈물띠높이검사,3,기타의료용어,7,Tier5_저빈도
3255,뇌하수체종양수술,3,수술및시술,8,Tier5_저빈도
3256,정상혈관,3,해부및생리,4,Tier5_저빈도
3257,CT 무탐침,3,기타의료용어,6,Tier5_저빈도
3258,뇌기저부종,3,질병및증후군,5,Tier5_저빈도
3259,부갑상선수술,3,수술및시술,6,Tier5_저빈도
3260,배액용기,3,의료기기,4,Tier5_저빈도
3261,국민건강종,3,질병및증후군,5,Tier5_저빈도
3262,근관성형의급여기,3,의료기기,8,Tier5_저빈도
3263,근관성형의급여기준,3,의료기기,9,Tier5_저빈도
3264,펜시비어크크림,3,약물및성분,7,Tier5_저빈도
3265,펜시비어크,3,기타의료용어,5,Tier5_저빈도
3266,보툴리늄독소주사요법,3,수술및시술,10,Tier5_저빈도
3267,종양반응평가,3,기타의료용어,6,Tier5_저빈도
3268,회송료산정기,3,의료기기,6,Tier5_저빈도
3269,회송료산정기준,3,의료기기,7,Tier5_저빈도
3270,산정제외기준,3,의료기기,6,Tier5_저빈도
3271,산정제외기,3,의료기기,5,Tier5_저빈도
3272,경우급여기,3,의료기기,5,Tier5_저빈도
3273,경우급여기준,3,의료기기,6,Tier5_저빈도
3274,트라클리어,3,기타의료용어,5,Tier5_저빈도
3275,달팽이관,3,기타의료용어,4,Tier5_저빈도
3276,시신경질환,3,질병및증후군,5,Tier5_저빈도
3277,구심성동공장애검사,3,기타의료용어,9,Tier5_저빈도
3278,구심성동공장애,3,질병및증후군,7,Tier5_저빈도
3279,대한정형통증,3,기타의료용어,6,Tier5_저빈도
3280,저혈소판증,3,기타의료용어,5,Tier5_저빈도
3281,췌관조영술,3,수술및시술,5,Tier5_저빈도
3282,수술용생체,3,기타의료용어,5,Tier5_저빈도
3283,수술용생체조직,3,해부및생리,7,Tier5_저빈도
3284,안구내용제거술,3,수술및시술,7,Tier5_저빈도
3285,베타미가서방,3,기타의료용어,6,Tier5_저빈도
3286,베네픽스,3,기타의료용어,4,Tier5_저빈도
3287,세레브로리진,3,기타의료용어,6,Tier5_저빈도
3288,Prenatal Screening Test,3,영문의학용어,23,Tier5_저빈도
3289,회신하기,3,의료기기,4,Tier5_저빈도
3290,외측측부인대,3,해부및생리,6,Tier5_저빈도
3291,Prucalopride,3,기타의료용어,12,Tier5_저빈도
3292,시노비안,3,기타의료용어,4,Tier5_저빈도
3293,히루안플러스,3,기타의료용어,6,Tier5_저빈도
3294,카바글루확산,3,기타의료용어,6,Tier5_저빈도
3295,Ibrutinib,3,생물학적제제,9,Tier5_저빈도
3296,임브루비카,3,기타의료용어,5,Tier5_저빈도
3297,편심광검영기,3,의료기기,6,Tier5_저빈도
3298,자동굴절검사,3,기타의료용어,6,Tier5_저빈도
3299,Basiliximab,3,생물학적제제,11,Tier5_저빈도
3300,씨뮬렉트,3,기타의료용어,4,Tier5_저빈도
3301,전자기유도기법의급여기준,3,의료기기,12,Tier5_저빈도
3302,전자기유도기법의급여기,3,의료기기,11,Tier5_저빈도
3303,가압근관,3,기타의료용어,4,Tier5_저빈도
3304,벨포로츄어블,3,기타의료용어,6,Tier5_저빈도
3305,제일덱사메타손,3,기타의료용어,7,Tier5_저빈도
3306,젝스트 프리필드펜,3,기타의료용어,9,Tier5_저빈도
3307,자궁경관점액양치상검사,3,기타의료용어,11,Tier5_저빈도
3308,콘서타 OROS 서방,3,기타의료용어,11,Tier5_저빈도
3309,스트라테라캡슐,3,약물및성분,7,Tier5_저빈도
3310,스트라테라,3,기타의료용어,5,Tier5_저빈도
3311,켑베이서방,3,기타의료용어,5,Tier5_저빈도
3312,유트로핀플러스,3,기타의료용어,7,Tier5_저빈도
3313,무시증후군,3,질병및증후군,5,Tier5_저빈도
3314,무시증후군검사,3,기타의료용어,7,Tier5_저빈도
3315,만성골수성백혈병,3,질병및증후군,8,Tier5_저빈도
3316,이노베론필름코팅,3,기타의료용어,8,Tier5_저빈도
3317,Rufinamide,3,기타의료용어,10,Tier5_저빈도
3318,스모프카비벤,3,기타의료용어,6,Tier5_저빈도
3319,디펩티벤,3,기타의료용어,4,Tier5_저빈도
3320,전정신경염,3,해부및생리,5,Tier5_저빈도
3321,지방억제기,3,의료기기,5,Tier5_저빈도
3322,위장관기질종,3,질병및증후군,6,Tier5_저빈도
3323,위장관기,3,의료기기,4,Tier5_저빈도
3324,경동맥해면동정맥루,3,해부및생리,9,Tier5_저빈도
3325,경동맥해면동정맥,3,해부및생리,8,Tier5_저빈도
3326,의료기술평가,3,의료기기,6,Tier5_저빈도
3327,투여금기,3,의료기기,4,Tier5_저빈도
3328,차기분기,3,의료기기,4,Tier5_저빈도
3329,치모글로부린,3,기타의료용어,6,Tier5_저빈도
3330,디스포트,3,기타의료용어,4,Tier5_저빈도
3331,제피러스흡입용,3,기타의료용어,7,Tier5_저빈도
3332,유로시트라케이10mEq서방,3,기타의료용어,14,Tier5_저빈도
3333,데카키논캡슐,3,약물및성분,6,Tier5_저빈도
3334,데카키논,3,기타의료용어,4,Tier5_저빈도
3335,아릭스트라,3,기타의료용어,5,Tier5_저빈도
3336,Extracorporeal Membrane Oxygenation,3,영문의학용어,35,Tier5_저빈도
3337,디벤지란,3,기타의료용어,4,Tier5_저빈도
3338,타이로젠,3,기타의료용어,4,Tier5_저빈도
3339,구연산펜타닐,3,기타의료용어,6,Tier5_저빈도
3340,Nimodipine,3,생물학적제제,10,Tier5_저빈도
3341,삼진니모디핀,3,기타의료용어,6,Tier5_저빈도
3342,두개강외동맥,3,해부및생리,6,Tier5_저빈도
3343,섬유이형성증후군,3,질병및증후군,8,Tier5_저빈도
3344,전대뇌동맥,3,해부및생리,5,Tier5_저빈도
3345,공급혈관,3,해부및생리,4,Tier5_저빈도
3346,식사하기,3,의료기기,4,Tier5_저빈도
3347,옮겨앉기,3,의료기기,4,Tier5_저빈도
3348,체위변경하기,3,의료기기,6,Tier5_저빈도
3349,모세혈관,3,해부및생리,4,Tier5_저빈도
3350,노인성질환,3,질병및증후군,5,Tier5_저빈도
3351,제일에피네프린,3,기타의료용어,7,Tier5_저빈도
3352,트루바다,3,기타의료용어,4,Tier5_저빈도
3353,나타신점안,3,기타의료용어,5,Tier5_저빈도
3354,나타신점안현탁액,3,약물및성분,8,Tier5_저빈도
3355,업트라비,3,기타의료용어,4,Tier5_저빈도
3356,레모둘린,3,기타의료용어,4,Tier5_저빈도
3357,데피텔리오,3,기타의료용어,5,Tier5_저빈도
3358,판단하여 MRI,3,기타의료용어,8,Tier5_저빈도
3359,리리카 CR 서방,3,기타의료용어,9,Tier5_저빈도
3360,네스프프리필드시린지,3,기타의료용어,10,Tier5_저빈도
3361,구순열관,3,기타의료용어,4,Tier5_저빈도
3362,녹십자유로키나제,3,기타의료용어,8,Tier5_저빈도
3363,에포카인,3,기타의료용어,4,Tier5_저빈도
3364,미쎄라프리필드,3,기타의료용어,7,Tier5_저빈도
3365,푸로스판,3,기타의료용어,4,Tier5_저빈도
3366,프락스바인드주사제,3,약물및성분,9,Tier5_저빈도
3367,프락스바인드,3,기타의료용어,6,Tier5_저빈도
3368,레미닐피알 서방,3,기타의료용어,8,Tier5_저빈도
3369,Active Treatment Extension Study,3,영문의학용어,32,Tier5_저빈도
3370,Parkinson Disease Dementia,3,영문의학용어,26,Tier5_저빈도
3371,치매임상진료지침,3,기타의료용어,8,Tier5_저빈도
3372,Screening Cognitive Impairment,3,영문의학용어,30,Tier5_저빈도
3373,Brief Screening Tool For Mild,3,영문의학용어,29,Tier5_저빈도
3374,네오카프,3,기타의료용어,4,Tier5_저빈도
3375,피레스파,3,기타의료용어,4,Tier5_저빈도
3376,릭수비스,3,기타의료용어,4,Tier5_저빈도
3377,담췌관조영술,3,수술및시술,6,Tier5_저빈도
3378,반사자율신경,3,해부및생리,6,Tier5_저빈도
3379,가려내기,3,의료기기,4,Tier5_저빈도
3380,뇌신경운동기,3,해부및생리,6,Tier5_저빈도
3381,맥락망막,3,해부및생리,4,Tier5_저빈도
3382,치과대학병,3,질병및증후군,5,Tier5_저빈도
3383,녹내장수술,3,수술및시술,5,Tier5_저빈도
3384,중비갑개절제술,3,수술및시술,7,Tier5_저빈도
3385,티세르신,3,기타의료용어,4,Tier5_저빈도
3386,Abciximab,3,생물학적제제,9,Tier5_저빈도
3387,클로티냅,3,기타의료용어,4,Tier5_저빈도
3388,키산본에스,3,기타의료용어,5,Tier5_저빈도
3389,셀트리온옥시메톨론,3,기타의료용어,9,Tier5_저빈도
3390,대한자궁내막,3,해부및생리,6,Tier5_저빈도
3391,자기공명검사,3,의료기기,6,Tier5_저빈도
3392,대한자궁내막증,3,해부및생리,7,Tier5_저빈도
3393,영풍 다나졸,3,기타의료용어,6,Tier5_저빈도
3394,이지에프외,3,기타의료용어,5,Tier5_저빈도
3395,에스빅스,3,기타의료용어,4,Tier5_저빈도
3396,패스터텍,3,기타의료용어,4,Tier5_저빈도
3397,푸리네톤,3,기타의료용어,4,Tier5_저빈도
3398,태준답손,3,기타의료용어,4,Tier5_저빈도
3399,피케이멜즈인퓨전,3,기타의료용어,8,Tier5_저빈도
3400,근력약화정도,3,기타의료용어,6,Tier5_저빈도
3401,자궁내막조직,3,해부및생리,6,Tier5_저빈도
3402,자궁내막조직생검,3,해부및생리,8,Tier5_저빈도
3403,의료급여수가의기준및일반기,3,의료기기,13,Tier5_저빈도
3404,의료급여수가의기준및일반기준,3,의료기기,14,Tier5_저빈도
3405,복수의료기관,3,의료기기,6,Tier5_저빈도
3406,방사선기기,3,해부및생리,5,Tier5_저빈도
3407,공동이용기,3,의료기기,5,Tier5_저빈도
3408,복수의료기,3,의료기기,5,Tier5_저빈도
3409,선천성대사이상검사,3,해부및생리,9,Tier5_저빈도
3410,포스레놀,3,기타의료용어,4,Tier5_저빈도
3411,타가메트,3,기타의료용어,4,Tier5_저빈도
3412,레토프라,3,기타의료용어,4,Tier5_저빈도
3413,Roxithromycin,3,생물학적제제,13,Tier5_저빈도
3414,이센트레스,3,기타의료용어,5,Tier5_저빈도
3415,리피토엠서방,3,기타의료용어,6,Tier5_저빈도
3416,이세티온산염,3,기타의료용어,6,Tier5_저빈도
3417,화이자펜타미딘 이세티온산염,3,기타의료용어,14,Tier5_저빈도
3418,다중중합효소,3,기타의료용어,6,Tier5_저빈도
3419,다중실시간중합효소,3,기타의료용어,9,Tier5_저빈도
3420,매독혈청검사,3,기타의료용어,6,Tier5_저빈도
3421,협순소대성형술,3,수술및시술,7,Tier5_저빈도
3422,아스피린 프로텍트,3,기타의료용어,9,Tier5_저빈도
3423,혈전성향증,3,기타의료용어,5,Tier5_저빈도
3424,Medical Disorders During Pregnancy,3,영문의학용어,34,Tier5_저빈도
3425,Hypertensive Disorders,3,영문의학용어,22,Tier5_저빈도
3426,임신중독증,3,기타의료용어,5,Tier5_저빈도
3427,회복시키기,3,의료기기,5,Tier5_저빈도
3428,레그파라,3,기타의료용어,4,Tier5_저빈도
3429,에소메졸캡슐,3,약물및성분,6,Tier5_저빈도
3430,에소메졸,3,기타의료용어,4,Tier5_저빈도
3431,Ilaprazole,3,생물학적제제,10,Tier5_저빈도
3432,카버락틴,3,기타의료용어,4,Tier5_저빈도
3433,Cardiac Surgery,3,영문의학용어,15,Tier5_저빈도
3434,전국병원감염감시체,3,기타의료용어,9,Tier5_저빈도
3435,전국병원감염감시체계,3,기타의료용어,10,Tier5_저빈도
3436,클로스원캡슐,3,약물및성분,6,Tier5_저빈도
3437,클로스원,3,기타의료용어,4,Tier5_저빈도
3438,애니코프,3,기타의료용어,4,Tier5_저빈도
3439,애니코프캡슐,3,약물및성분,6,Tier5_저빈도
3440,타이가실,3,기타의료용어,4,Tier5_저빈도
3441,리보트릴,3,기타의료용어,4,Tier5_저빈도
3442,대웅프리미돈,3,기타의료용어,6,Tier5_저빈도
3443,아디녹스,3,기타의료용어,4,Tier5_저빈도
3444,아디녹스캡슐,3,약물및성분,6,Tier5_저빈도
3445,에트라빌,3,기타의료용어,4,Tier5_저빈도
3446,Amoxapine,3,기타의료용어,9,Tier5_저빈도
3447,이미프라민,3,기타의료용어,5,Tier5_저빈도
3448,트리티코,3,기타의료용어,4,Tier5_저빈도
3449,듀미록스,3,기타의료용어,4,Tier5_저빈도
3450,시진료수가산정방법,3,기타의료용어,9,Tier5_저빈도
3451,고무밴드결찰술,3,수술및시술,7,Tier5_저빈도
3452,백혈구제거필터,3,기타의료용어,7,Tier5_저빈도
3453,부수장기,3,의료기기,4,Tier5_저빈도
3454,양성세포검사,3,해부및생리,6,Tier5_저빈도
3455,혈액가스검사,3,기타의료용어,6,Tier5_저빈도
3456,약물및독물검사,3,기타의료용어,7,Tier5_저빈도
3457,수입품목허가,3,기타의료용어,6,Tier5_저빈도
3458,Nelfinavir,3,기타의료용어,10,Tier5_저빈도
3459,비라셉트필름코팅,3,기타의료용어,8,Tier5_저빈도
3460,시그니포 라르,3,기타의료용어,7,Tier5_저빈도
3461,Pasireotide,3,기타의료용어,11,Tier5_저빈도
3462,세레델가캡슐,3,약물및성분,6,Tier5_저빈도
3463,세레델가,3,기타의료용어,4,Tier5_저빈도
3464,Efonidipine,3,생물학적제제,11,Tier5_저빈도
3465,브롬헥신염산염,3,기타의료용어,7,Tier5_저빈도
3466,신풍 브롬헥신염산염,3,기타의료용어,10,Tier5_저빈도
3467,뮤타플로,3,기타의료용어,4,Tier5_저빈도
3468,뮤타플로캡슐,3,약물및성분,6,Tier5_저빈도
3469,한림 바소프레신,3,기타의료용어,8,Tier5_저빈도
3470,프로베라,3,기타의료용어,4,Tier5_저빈도
3471,일양하이트린,3,기타의료용어,6,Tier5_저빈도
3472,중외 5-에프유,3,기타의료용어,8,Tier5_저빈도
3473,후콜리스티메테이트,3,기타의료용어,9,Tier5_저빈도
3474,신경계질환,3,질병및증후군,5,Tier5_저빈도
3475,신기능장애,3,질병및증후군,5,Tier5_저빈도
3476,영풍클로미펜시트르산염,3,기타의료용어,11,Tier5_저빈도
3477,영풍클로미펜시트르산,3,기타의료용어,10,Tier5_저빈도
3478,제미로우,3,기타의료용어,4,Tier5_저빈도
3479,다이아벡스,3,기타의료용어,5,Tier5_저빈도
3480,리스페달콘스타,3,기타의료용어,7,Tier5_저빈도
3481,Sulpiride,3,기타의료용어,9,Tier5_저빈도
3482,아이브이에프씨,3,기타의료용어,7,Tier5_저빈도
3483,태반성성선자극호르몬,3,해부및생리,10,Tier5_저빈도
3484,향상시키기,3,의료기기,5,Tier5_저빈도
3485,플리바스,3,기타의료용어,4,Tier5_저빈도
3486,하기도증기,3,의료기기,5,Tier5_저빈도
3487,주요혈관,3,해부및생리,4,Tier5_저빈도
3488,장관문합수술,3,수술및시술,6,Tier5_저빈도
3489,전달하기,3,의료기기,4,Tier5_저빈도
3490,로칸듀오,3,기타의료용어,4,Tier5_저빈도
3491,로벨리토,3,기타의료용어,4,Tier5_저빈도
3492,올로스타,3,기타의료용어,4,Tier5_저빈도
3493,로바티탄,3,기타의료용어,4,Tier5_저빈도
3494,리바로브이,3,기타의료용어,5,Tier5_저빈도
3495,퍼스티맙프리필드,3,기타의료용어,8,Tier5_저빈도
3496,뇌사장기기증,3,의료기기,6,Tier5_저빈도
3497,뇌사장기기,3,의료기기,5,Tier5_저빈도
3498,Bone Marrow  Injection,3,영문의학용어,22,Tier5_저빈도
3499,엑스비라,3,기타의료용어,4,Tier5_저빈도
3500,제파티어,3,기타의료용어,4,Tier5_저빈도
3501,사이톱신,3,기타의료용어,4,Tier5_저빈도
3502,트루패스캡슐,3,약물및성분,6,Tier5_저빈도
3503,트루패스,3,기타의료용어,4,Tier5_저빈도
3504,메타스트론,3,기타의료용어,5,Tier5_저빈도
3505,아넥세이트,3,기타의료용어,5,Tier5_저빈도
3506,유전자종류,3,기타의료용어,5,Tier5_저빈도
3507,뮤코스텐,3,기타의료용어,4,Tier5_저빈도
3508,베시케어,3,기타의료용어,4,Tier5_저빈도
3509,저니스타서방,3,기타의료용어,6,Tier5_저빈도
3510,타진서방,3,기타의료용어,4,Tier5_저빈도
3511,옥시콘틴 서방,3,기타의료용어,7,Tier5_저빈도
3512,아이알코돈,3,기타의료용어,5,Tier5_저빈도
3513,뉴신타아이알,3,기타의료용어,6,Tier5_저빈도
3514,분리형몸체,3,기타의료용어,5,Tier5_저빈도
3515,CRT 사전승인에,3,기타의료용어,9,Tier5_저빈도
3516,항뮬러관호르몬정량검사,3,기타의료용어,11,Tier5_저빈도
3517,씨브리흡입용,3,기타의료용어,6,Tier5_저빈도
3518,씨브리흡입용캡슐,3,약물및성분,8,Tier5_저빈도
3519,약제및치료재료의구입금액에대한산정기,3,의료기기,18,Tier5_저빈도
3520,약제및치료재료의구입금액에대한산정기준,3,의료기기,19,Tier5_저빈도
3521,신경외과수술,3,수술및시술,6,Tier5_저빈도
3522,신경내시경수술,3,수술및시술,7,Tier5_저빈도
3523,알코딘연질캡슐,3,약물및성분,7,Tier5_저빈도
3524,알코딘연질,3,기타의료용어,5,Tier5_저빈도
3525,뮤코다당증,3,기타의료용어,5,Tier5_저빈도
3526,이지트롤,3,기타의료용어,4,Tier5_저빈도
3527,Acute Coronary Syndromes,3,영문의학용어,24,Tier5_저빈도
3528,Statin Therapy,3,영문의학용어,14,Tier5_저빈도
3529,페가시스,3,기타의료용어,4,Tier5_저빈도
3530,프레즈코빅스,3,기타의료용어,6,Tier5_저빈도
3531,인터맥스감마,3,기타의료용어,6,Tier5_저빈도
3532,자보란테,3,기타의료용어,4,Tier5_저빈도
3533,순베프라,3,기타의료용어,4,Tier5_저빈도
3534,독소주사요법,3,수술및시술,6,Tier5_저빈도
3535,정주용 헤파빅,3,기타의료용어,7,Tier5_저빈도
3536,로페론에이프리필드,3,기타의료용어,9,Tier5_저빈도
3537,Cannula Therapy,3,영문의학용어,15,Tier5_저빈도
3538,조터나흡입용,3,기타의료용어,6,Tier5_저빈도
3539,조터나흡입용캡슐,3,약물및성분,8,Tier5_저빈도
3540,Silicone Foley Catheter,3,영문의학용어,23,Tier5_저빈도
3541,오마코연질,3,기타의료용어,5,Tier5_저빈도
3542,오마코연질캡슐,3,약물및성분,7,Tier5_저빈도
3543,페그인트론,3,기타의료용어,5,Tier5_저빈도
3544,맥살트멜트구강붕해,3,기타의료용어,9,Tier5_저빈도
3545,추적감시술,3,수술및시술,5,Tier5_저빈도
3546,Thyroid Surgery,3,영문의학용어,15,Tier5_저빈도
3547,Intraoperative Neurophysiologic Monitoring,3,영문의학용어,42,Tier5_저빈도
3548,체부정위적방사선,3,해부및생리,8,Tier5_저빈도
3549,자궁부속기수술,3,수술및시술,7,Tier5_저빈도
3550,동맥경화증,3,해부및생리,5,Tier5_저빈도
3551,이미그란,3,기타의료용어,4,Tier5_저빈도
3552,휴미론알파,3,기타의료용어,5,Tier5_저빈도
3553,Irregular Antibody Screening Test,3,영문의학용어,33,Tier5_저빈도
3554,테세오스,3,기타의료용어,4,Tier5_저빈도
3555,안티트롬빈III,3,기타의료용어,8,Tier5_저빈도
3556,급성골수성백혈병,3,질병및증후군,8,Tier5_저빈도
3557,Retrievable Stent,3,영문의학용어,17,Tier5_저빈도
3558,신장절제술,3,수술및시술,5,Tier5_저빈도
3559,파절편제거술,3,수술및시술,6,Tier5_저빈도
3560,무독화시술,3,수술및시술,5,Tier5_저빈도
3561,플루티폼흡입제,3,기타의료용어,7,Tier5_저빈도
3562,바스티난엠알서방,3,기타의료용어,8,Tier5_저빈도
3563,카나쿨린,3,기타의료용어,4,Tier5_저빈도
3564,역류성식도염,3,기타의료용어,6,Tier5_저빈도
3565,아피니토,3,기타의료용어,4,Tier5_저빈도
3566,올리클리노멜엔7-1000이,3,기타의료용어,14,Tier5_저빈도
3567,소진되기,3,의료기기,4,Tier5_저빈도
3568,테그레톨,3,기타의료용어,4,Tier5_저빈도
3569,쎄레빅스,3,기타의료용어,4,Tier5_저빈도
3570,알모그란,3,기타의료용어,4,Tier5_저빈도
3571,웰부트린서방,3,기타의료용어,6,Tier5_저빈도
3572,자이프렉사,3,기타의료용어,5,Tier5_저빈도
3573,Olanzapine,3,기타의료용어,10,Tier5_저빈도
3574,피케이멜즈,3,기타의료용어,5,Tier5_저빈도
3575,리큅피디,3,기타의료용어,4,Tier5_저빈도
3576,카이로케인,3,기타의료용어,5,Tier5_저빈도
3577,에스메론,3,기타의료용어,4,Tier5_저빈도
3578,제왕절개수술,3,수술및시술,6,Tier5_저빈도
3579,동화디트로판,3,기타의료용어,6,Tier5_저빈도
3580,척수수막류,3,해부및생리,5,Tier5_저빈도
3581,척수수막,3,해부및생리,4,Tier5_저빈도
3582,스파스맥스,3,기타의료용어,5,Tier5_저빈도
3583,베시반스점안현탁액,3,약물및성분,9,Tier5_저빈도
3584,베시반스점안,3,기타의료용어,6,Tier5_저빈도
3585,비쥬다인,3,기타의료용어,4,Tier5_저빈도
3586,실로덱스점이,3,기타의료용어,6,Tier5_저빈도
3587,실로덱스점이현탁액,3,약물및성분,9,Tier5_저빈도
3588,아바미스나잘,3,기타의료용어,6,Tier5_저빈도
3589,아바미스나잘스프레이,3,기타의료용어,10,Tier5_저빈도
3590,옴나리스나잘,3,기타의료용어,6,Tier5_저빈도
3591,옴나리스나잘스프레이,3,기타의료용어,10,Tier5_저빈도
3592,에리우스,3,기타의료용어,4,Tier5_저빈도
3593,알레기살드라이,3,의료기기,7,Tier5_저빈도
3594,알레기살드라이시럽,3,의료기기,9,Tier5_저빈도
3595,브레비블록,3,기타의료용어,5,Tier5_저빈도
3596,디베닐린,3,기타의료용어,4,Tier5_저빈도
3597,디베닐린캡슐,3,약물및성분,6,Tier5_저빈도
3598,Zofenopril,3,생물학적제제,10,Tier5_저빈도
3599,프리그렐,3,기타의료용어,4,Tier5_저빈도
3600,로바로드,3,기타의료용어,4,Tier5_저빈도
3601,알기나제,3,의료기기,4,Tier5_저빈도
3602,소마지나,3,기타의료용어,4,Tier5_저빈도
3603,참시티콜린,3,기타의료용어,5,Tier5_저빈도
3604,일성독시움,3,기타의료용어,5,Tier5_저빈도
3605,정맥기능부전,3,질병및증후군,6,Tier5_저빈도
3606,프리마코,3,기타의료용어,4,Tier5_저빈도
3607,아그라스타트,3,기타의료용어,6,Tier5_저빈도
3608,알베스코흡입제,3,기타의료용어,7,Tier5_저빈도
3609,카타프로현탁,3,기타의료용어,6,Tier5_저빈도
3610,옥스필린,3,기타의료용어,4,Tier5_저빈도
3611,부광살부타몰,3,기타의료용어,6,Tier5_저빈도
3612,온브리즈흡입용캡슐,3,약물및성분,9,Tier5_저빈도
3613,온브리즈흡입용,3,기타의료용어,7,Tier5_저빈도
3614,엘라스폴100,3,기타의료용어,7,Tier5_저빈도
3615,가스론엔,3,기타의료용어,4,Tier5_저빈도
3616,글립타이드,3,기타의료용어,5,Tier5_저빈도
3617,클리퍼지속성 장용,3,기타의료용어,9,Tier5_저빈도
3618,Somatostatin,3,생물학적제제,12,Tier5_저빈도
3619,소마토산,3,기타의료용어,4,Tier5_저빈도
3620,트리암시놀론,3,기타의료용어,6,Tier5_저빈도
3621,자트랄엑스엘,3,기타의료용어,6,Tier5_저빈도
3622,토비애즈서방,3,기타의료용어,6,Tier5_저빈도
3623,보령염산탐스로신캡슐,3,약물및성분,10,Tier5_저빈도
3624,보령염산탐스로신,3,기타의료용어,8,Tier5_저빈도
3625,디트루시톨,3,기타의료용어,5,Tier5_저빈도
3626,다이악센크림,3,약물및성분,6,Tier5_저빈도
3627,다이악센,3,기타의료용어,4,Tier5_저빈도
3628,본알파하이연고,3,약물및성분,7,Tier5_저빈도
3629,본알파하이,3,기타의료용어,5,Tier5_저빈도
3630,본키연질,3,기타의료용어,4,Tier5_저빈도
3631,본키연질캡슐,3,약물및성분,6,Tier5_저빈도
3632,리코베론,3,기타의료용어,4,Tier5_저빈도
3633,리코베론과립,3,기타의료용어,6,Tier5_저빈도
3634,헤모큐츄어블,3,기타의료용어,6,Tier5_저빈도
3635,클리니믹스85,3,기타의료용어,7,Tier5_저빈도
3636,케토스테릴,3,기타의료용어,5,Tier5_저빈도
3637,후락시파린,3,기타의료용어,5,Tier5_저빈도
3638,클리바린,3,기타의료용어,4,Tier5_저빈도
3639,그라신프리필드시린지,3,기타의료용어,10,Tier5_저빈도
3640,유유크리드,3,기타의료용어,5,Tier5_저빈도
3641,인공신장관,3,의료기기,5,Tier5_저빈도
3642,인공신장관류,3,의료기기,6,Tier5_저빈도
3643,엑스자이드확산,3,기타의료용어,7,Tier5_저빈도
3644,페리프록스,3,기타의료용어,5,Tier5_저빈도
3645,아메톡스,3,기타의료용어,4,Tier5_저빈도
3646,나글라자임,3,기타의료용어,5,Tier5_저빈도
3647,엘라프라제,3,기타의료용어,5,Tier5_저빈도
3648,도스티넥스,3,기타의료용어,5,Tier5_저빈도
3649,알미리드,3,기타의료용어,4,Tier5_저빈도
3650,듀파락-이지,3,기타의료용어,6,Tier5_저빈도
3651,부광치옥타시드,3,기타의료용어,7,Tier5_저빈도
3652,피시바닐5KE,3,기타의료용어,7,Tier5_저빈도
3653,놀바덱스,3,기타의료용어,4,Tier5_저빈도
3654,상황균사체,3,기타의료용어,5,Tier5_저빈도
3655,메게이스내복현탁액,3,약물및성분,9,Tier5_저빈도
3656,메게이스내복,3,기타의료용어,6,Tier5_저빈도
3657,레바미솔,3,기타의료용어,4,Tier5_저빈도
3658,옥트레오스캔,3,기타의료용어,6,Tier5_저빈도
3659,Indiumchloride,3,기타의료용어,14,Tier5_저빈도
3660,Pentetreotide,3,기타의료용어,13,Tier5_저빈도
3661,네프로맥,3,기타의료용어,4,Tier5_저빈도
3662,Mertiatide,3,기타의료용어,10,Tier5_저빈도
3663,동아카나마이신황산염,3,기타의료용어,10,Tier5_저빈도
3664,미노클린치과용,3,기타의료용어,7,Tier5_저빈도
3665,미노클린치과용연고,3,약물및성분,9,Tier5_저빈도
3666,브레오신,3,기타의료용어,4,Tier5_저빈도
3667,세파졸린,3,기타의료용어,4,Tier5_저빈도
3668,노르믹스,3,기타의료용어,4,Tier5_저빈도
3669,설파디아진,3,기타의료용어,5,Tier5_저빈도
3670,설파디아진정,3,기타의료용어,6,Tier5_저빈도
3671,사라조피린이엔,3,기타의료용어,7,Tier5_저빈도
3672,인텔렌스,3,기타의료용어,4,Tier5_저빈도
3673,Famciclovir,3,기타의료용어,11,Tier5_저빈도
3674,컴비비어,3,기타의료용어,4,Tier5_저빈도
3675,로맥사신,3,기타의료용어,4,Tier5_저빈도
3676,보람페플록사신,3,기타의료용어,7,Tier5_저빈도
3677,발트렉스,3,기타의료용어,4,Tier5_저빈도
3678,Valacyclovir,3,기타의료용어,12,Tier5_저빈도
3679,그린에이트,3,기타의료용어,5,Tier5_저빈도
3680,이뮤네이트,3,기타의료용어,5,Tier5_저빈도
3681,펜타글로빈,3,기타의료용어,5,Tier5_저빈도
3682,윈로에스디에프,3,기타의료용어,7,Tier5_저빈도
3683,메갈로텍,3,기타의료용어,4,Tier5_저빈도
3684,다라프림,3,기타의료용어,4,Tier5_저빈도
3685,피라맥스,3,기타의료용어,4,Tier5_저빈도
3686,레조비스트,3,기타의료용어,5,Tier5_저빈도
3687,비지파크,3,기타의료용어,4,Tier5_저빈도
3688,텔레브릭스 30 메글루민,3,기타의료용어,13,Tier5_저빈도
3689,파마엠에스10서방,3,기타의료용어,9,Tier5_저빈도
3690,미세천공술,3,수술및시술,5,Tier5_저빈도
3691,Computer Aided Endoscopic Sinus Surgery,3,영문의학용어,39,Tier5_저빈도
3692,부비동내시경수술,3,수술및시술,8,Tier5_저빈도
3693,기화절제술,3,수술및시술,5,Tier5_저빈도
3694,Corneal Transplantation,3,영문의학용어,23,Tier5_저빈도
3695,본인부담항목,3,기타의료용어,6,Tier5_저빈도
3696,원심분리방법,3,기타의료용어,6,Tier5_저빈도
3697,후하소뇌동맥,3,해부및생리,6,Tier5_저빈도
3698,해면동내동맥,3,해부및생리,6,Tier5_저빈도
3699,후하소뇌동맥류,3,해부및생리,7,Tier5_저빈도
3700,기저동맥류,3,해부및생리,5,Tier5_저빈도
3701,해면동내동맥류,3,해부및생리,7,Tier5_저빈도
3702,아데노이드적출술,3,수술및시술,8,Tier5_저빈도
3703,Controlled Endometrial Ablation,3,영문의학용어,31,Tier5_저빈도
3704,Thoracoscopic Epicardial Radiofrequency Ablation,3,영문의학용어,48,Tier5_저빈도
3705,세부분류항목,3,기타의료용어,6,Tier5_저빈도
3706,신경자극기설치술,3,수술및시술,8,Tier5_저빈도
3707,자가형광소화관내시경검사,3,기타의료용어,12,Tier5_저빈도
3708,백색소화관내시경검사,3,기타의료용어,10,Tier5_저빈도
3709,백색소화관,3,기타의료용어,5,Tier5_저빈도
3710,자가형광소화관,3,기타의료용어,7,Tier5_저빈도
3711,Magnetic Navigation Assisted Catheter Technique,3,영문의학용어,47,Tier5_저빈도
3712,Radiofequency Ablationof Arrhythmia,3,영문의학용어,35,Tier5_저빈도
3713,혈관결찰술,3,수술및시술,5,Tier5_저빈도
3714,단계주사요법,3,수술및시술,6,Tier5_저빈도
3715,선택의료급여기관기,3,해부및생리,9,Tier5_저빈도
3716,자격관리시스템,3,의료기기,7,Tier5_저빈도
3717,갈근해기,3,의료기기,4,Tier5_저빈도
3718,도인승기,3,의료기기,4,Tier5_저빈도
3719,보중익기,3,의료기기,4,Tier5_저빈도
3720,불환금정기,3,의료기기,5,Tier5_저빈도
3721,이완불능증,3,기타의료용어,5,Tier5_저빈도
3722,요도증후군,3,질병및증후군,5,Tier5_저빈도
3723,늑간신경병증,3,질병및증후군,6,Tier5_저빈도
3724,대뇌혈관,3,해부및생리,4,Tier5_저빈도
3725,조위승기,3,의료기기,4,Tier5_저빈도
3726,청서익기,3,의료기기,4,Tier5_저빈도
3727,자동절제술,3,수술및시술,5,Tier5_저빈도
3728,Negative Pressure Wound Therapy,3,영문의학용어,31,Tier5_저빈도
3729,Cognitive Rehabilitation Therapy,3,영문의학용어,32,Tier5_저빈도
3730,Holmium Laser Ablation,3,영문의학용어,22,Tier5_저빈도
3731,치료거점병,3,질병및증후군,5,Tier5_저빈도
3732,악안면복합체,3,기타의료용어,6,Tier5_저빈도
3733,레케네지수,3,측정값지표,5,Tier5_저빈도
3734,질환활동도지수,3,측정값지표,7,Tier5_저빈도
3735,Bath Ankylosing Spondylitis Disease Activity,3,영문의학용어,44,Tier5_저빈도
3736,피부경화점수,3,기타의료용어,6,Tier5_저빈도
3737,약물방출시스템,3,의료기기,7,Tier5_저빈도
3738,척추디스크수술,3,수술및시술,7,Tier5_저빈도
3739,경비상부소화관,3,기타의료용어,7,Tier5_저빈도
3740,Spinal Surgery,3,영문의학용어,14,Tier5_저빈도
3741,대장절제술,3,수술및시술,5,Tier5_저빈도
3742,Coronary Stent,3,영문의학용어,14,Tier5_저빈도
3743,표면저체온요법,3,수술및시술,7,Tier5_저빈도
3744,난치성질환,3,질병및증후군,5,Tier5_저빈도
3745,시력측정검사,3,검사및진단,6,Tier5_저빈도
3746,화상강화기술,3,수술및시술,6,Tier5_저빈도
3747,백색소화기내시경검사,3,의료기기,10,Tier5_저빈도
3748,백색소화기,3,의료기기,5,Tier5_저빈도
3749,화상강화기,3,의료기기,5,Tier5_저빈도
3750,Narrow Band Imaging,3,영문의학용어,19,Tier5_저빈도
3751,Sensory Integration Therapy,3,영문의학용어,27,Tier5_저빈도
3752,선천성대사이상질환,3,질병및증후군,9,Tier5_저빈도
3753,합성전자기,3,의료기기,5,Tier5_저빈도
3754,저주파치료기,3,의료기기,6,Tier5_저빈도
3755,준용하기,3,의료기기,4,Tier5_저빈도
3756,Alcohol Injection,3,영문의학용어,17,Tier5_저빈도
3757,보건기관에서 CT,3,의료기기,9,Tier5_저빈도
3758,Treatment  Verification,3,영문의학용어,23,Tier5_저빈도
3759,도관길들이기,3,의료기기,6,Tier5_저빈도
3760,Assisted Cardiac Surgery,3,영문의학용어,24,Tier5_저빈도
3761,Gene Analysis,3,영문의학용어,13,Tier5_저빈도
3762,연쇄반응검사,3,기타의료용어,6,Tier5_저빈도
3763,단어연상검사,3,기타의료용어,6,Tier5_저빈도
3764,아동용회화통각검사,3,기타의료용어,9,Tier5_저빈도
3765,수부근력검사,3,기타의료용어,6,Tier5_저빈도
3766,진전증척도검사,3,기타의료용어,7,Tier5_저빈도
3767,원격자궁경부확대촬영검사,3,검사및진단,12,Tier5_저빈도
3768,상행적상지정맥,3,해부및생리,7,Tier5_저빈도
3769,하행적하지정맥,3,해부및생리,7,Tier5_저빈도
3770,하행적상지정맥,3,해부및생리,7,Tier5_저빈도
3771,상행적하지정맥,3,해부및생리,7,Tier5_저빈도
3772,적혈구교환술,3,수술및시술,6,Tier5_저빈도
3773,상박신경총차단술,3,수술및시술,8,Tier5_저빈도
3774,Chronic Pelvic Pain Syndromes,3,영문의학용어,29,Tier5_저빈도
3775,만성골반통증,3,기타의료용어,6,Tier5_저빈도
3776,Extracorporeal Magnetic Therapy,3,영문의학용어,31,Tier5_저빈도
3777,만성골반통증후군,3,질병및증후군,8,Tier5_저빈도
3778,CABG 경우,3,기타의료용어,7,Tier5_저빈도
3779,심부뇌자극술,3,수술및시술,6,Tier5_저빈도
3780,페레시스공혈자검사,3,기타의료용어,9,Tier5_저빈도
3781,청소년자기행동평가,3,의료기기,9,Tier5_저빈도
3782,청소년자기,3,의료기기,5,Tier5_저빈도
3783,후두소작술,3,수술및시술,5,Tier5_저빈도
3784,누낭세척술,3,수술및시술,5,Tier5_저빈도
3785,인정기준근관,3,의료기기,6,Tier5_저빈도
3786,배설기능장애,3,질병및증후군,6,Tier5_저빈도
3787,신생아호흡정지탐지기,3,의료기기,10,Tier5_저빈도
3788,Cerebral Oxygen Saturation Monitoring,3,영문의학용어,37,Tier5_저빈도
3789,피하매몰정맥,3,해부및생리,6,Tier5_저빈도
3790,임파낭종수술,3,수술및시술,6,Tier5_저빈도
3791,장폐색수술,3,수술및시술,5,Tier5_저빈도
3792,악골발육장애,3,질병및증후군,6,Tier5_저빈도
3793,Level Laser Therapy,3,영문의학용어,19,Tier5_저빈도
3794,건강위험평가,3,기타의료용어,6,Tier5_저빈도
3795,금속복원술,3,수술및시술,5,Tier5_저빈도
3796,치골상튜브,3,기타의료용어,5,Tier5_저빈도
3797,경피적혈관,3,해부및생리,5,Tier5_저빈도
3798,피부병변사진촬영,3,기타의료용어,8,Tier5_저빈도
3799,표적광선,3,해부및생리,4,Tier5_저빈도
3800,표적자외선,3,해부및생리,5,Tier5_저빈도
3801,경피적두개강외동맥스텐트삽입술,3,수술및시술,15,Tier5_저빈도
3802,경피적두개강외동맥,3,해부및생리,9,Tier5_저빈도
3803,경피적두개강외동맥스텐트,3,해부및생리,12,Tier5_저빈도
3804,장기유치용카테터,3,의료기기,8,Tier5_저빈도
3805,유착용해술,3,수술및시술,5,Tier5_저빈도
3806,약물주입요법,3,수술및시술,6,Tier5_저빈도
3807,Sinus Instillation Therapy,3,영문의학용어,26,Tier5_저빈도
3808,전방후복막,3,해부및생리,5,Tier5_저빈도
3809,척추체강화술,3,수술및시술,6,Tier5_저빈도
3810,척추성형술,3,수술및시술,5,Tier5_저빈도
3811,척추강화술,3,수술및시술,5,Tier5_저빈도
3812,사지연골연장술,3,수술및시술,7,Tier5_저빈도
3813,간질병소제거수술,3,수술및시술,8,Tier5_저빈도
3814,전극삽입수술,3,수술및시술,6,Tier5_저빈도
3815,부분층피부이식술,3,수술및시술,8,Tier5_저빈도
3816,의료용영상처리장치,3,의료기기,9,Tier5_저빈도
3817,Arterial Monitoring Kit,3,영문의학용어,23,Tier5_저빈도
3818,Temporomandibular Disorders,3,영문의학용어,27,Tier5_저빈도
3819,치수온도검사,3,기타의료용어,6,Tier5_저빈도
3820,Delivery Therapy,3,영문의학용어,16,Tier5_저빈도
3821,측두하악장애행동요법,3,수술및시술,10,Tier5_저빈도
3822,국소약물요법,3,수술및시술,6,Tier5_저빈도
3823,집중환자간호관,3,기타의료용어,7,Tier5_저빈도
3824,진정시키기,3,의료기기,5,Tier5_저빈도
3825,호기말이산화탄소분압측정,3,의료기기,12,Tier5_저빈도
3826,Oxygen Saturation Monitoring,3,영문의학용어,28,Tier5_저빈도
3827,자궁경하수술,3,수술및시술,6,Tier5_저빈도
3828,후질벽탈장봉합술,3,수술및시술,8,Tier5_저빈도
3829,조직복원술,3,수술및시술,5,Tier5_저빈도
3830,방광류교정술,3,수술및시술,6,Tier5_저빈도
3831,인지수준검사,3,기타의료용어,6,Tier5_저빈도
3832,정밀체성분측정검사,3,검사및진단,9,Tier5_저빈도
3833,잠재시력검사,3,기타의료용어,6,Tier5_저빈도
3834,기억상실증검사,3,의료기기,7,Tier5_저빈도
3835,체지방측정검사,3,검사및진단,7,Tier5_저빈도
3836,기억상실증,3,의료기기,5,Tier5_저빈도
3837,미숙아망막병증,3,질병및증후군,7,Tier5_저빈도
3838,미숙아망막,3,해부및생리,5,Tier5_저빈도
3839,백색기관지경검사,3,의료기기,8,Tier5_저빈도
3840,Heart Rate Variability Analysis,3,영문의학용어,31,Tier5_저빈도
3841,백색기관,3,의료기기,4,Tier5_저빈도
3842,연성요관내시경,3,기타의료용어,7,Tier5_저빈도
3843,형광기관지경검사,3,의료기기,8,Tier5_저빈도
3844,누점성형술,3,수술및시술,5,Tier5_저빈도
3845,누점절개술,3,수술및시술,5,Tier5_저빈도
3846,미라펙스,3,기타의료용어,4,Tier5_저빈도
3847,주시선호검사,3,해부및생리,6,Tier5_저빈도
3848,유아시력측정검사,3,검사및진단,8,Tier5_저빈도
3849,포괄적재활평가,3,기타의료용어,7,Tier5_저빈도
3850,치아동요검사,3,기타의료용어,6,Tier5_저빈도
3851,공기순환펌프,3,의료기기,6,Tier5_저빈도
3852,마크외음신경궁검사,3,해부및생리,9,Tier5_저빈도
3853,마크외음신경,3,해부및생리,6,Tier5_저빈도
3854,고유수용성신경,3,해부및생리,7,Tier5_저빈도
3855,요양급여의기준에관,3,의료기기,9,Tier5_저빈도
3856,요추후궁절제술,3,수술및시술,7,Tier5_저빈도
3857,자궁경부고주파열응고술,3,수술및시술,11,Tier5_저빈도
3858,고주파원추절제술,3,수술및시술,8,Tier5_저빈도
3859,자궁경부고주파열,3,기타의료용어,8,Tier5_저빈도
3860,자궁경부고주파,3,기타의료용어,7,Tier5_저빈도
3861,주입형코일,3,기타의료용어,5,Tier5_저빈도
3862,간문맥압측정,3,기타의료용어,6,Tier5_저빈도
3863,경우에는 CT,3,기타의료용어,7,Tier5_저빈도
3864,근육내신경,3,해부및생리,5,Tier5_저빈도
3865,근육내신경용해술,3,수술및시술,8,Tier5_저빈도
3866,안구진탕증수술,3,수술및시술,7,Tier5_저빈도
3867,시력개선,3,해부및생리,4,Tier5_저빈도
3868,유치치수치,3,측정값지표,5,Tier5_저빈도
3869,일회용흡인용기,3,의료기기,7,Tier5_저빈도
3870,인탈흡입기,3,의료기기,5,Tier5_저빈도
3871,골수압력측정,3,기타의료용어,6,Tier5_저빈도
3872,Broncho Catheter,3,영문의학용어,16,Tier5_저빈도
3873,Intraventricular Monitoring Catheter,3,영문의학용어,36,Tier5_저빈도
3874,Monitoring Sensor Set,3,영문의학용어,21,Tier5_저빈도
3875,MRI촬영시,3,기타의료용어,6,Tier5_저빈도
3876,다양하기,3,의료기기,4,Tier5_저빈도
3877,고관절치환술,3,수술및시술,6,Tier5_저빈도
3878,후두삽관술,3,수술및시술,5,Tier5_저빈도
3879,후두삽관,3,기타의료용어,4,Tier5_저빈도
3880,흉관삽관술,3,수술및시술,5,Tier5_저빈도
3881,Catheter Kit,3,영문의학용어,12,Tier5_저빈도
3882,Retrieval Balloon Catheter,3,영문의학용어,26,Tier5_저빈도
3883,Monitoring Data,3,영문의학용어,15,Tier5_저빈도
3884,특수구내진단,3,기타의료용어,6,Tier5_저빈도
3885,생리적하악위검사,3,기타의료용어,8,Tier5_저빈도
3886,간이병력검사,3,기타의료용어,6,Tier5_저빈도
3887,악관절응급처치,3,수술및시술,7,Tier5_저빈도
3888,활력증후측정,3,기타의료용어,6,Tier5_저빈도
3889,사지혈압측정,3,기타의료용어,6,Tier5_저빈도
3890,항암제투여관,3,기타의료용어,6,Tier5_저빈도
3891,호흡자극기,3,의료기기,5,Tier5_저빈도
3892,운동돕기,3,의료기기,4,Tier5_저빈도
3893,수면안정처치,3,수술및시술,6,Tier5_저빈도
3894,무균치료실관,3,기타의료용어,6,Tier5_저빈도
3895,음차청력검사,3,기타의료용어,6,Tier5_저빈도
3896,질확대경검사기,3,의료기기,7,Tier5_저빈도
3897,후두사진촬영,3,기타의료용어,6,Tier5_저빈도
3898,질확대경검사,3,기타의료용어,6,Tier5_저빈도
3899,파워스펙트럼분석,3,기타의료용어,8,Tier5_저빈도
3900,운동단위활동전위분석,3,기타의료용어,10,Tier5_저빈도
3901,반복자극검사,3,기타의료용어,6,Tier5_저빈도
3902,고대비네검사,3,기타의료용어,6,Tier5_저빈도
3903,컴퓨터시야측정,3,기타의료용어,7,Tier5_저빈도
3904,누기기능검사,3,의료기기,6,Tier5_저빈도
3905,비루관배출기능검사,3,의료기기,9,Tier5_저빈도
3906,비루관배출기,3,의료기기,6,Tier5_저빈도
3907,내시경기기,3,의료기기,5,Tier5_저빈도
3908,전자근관장측정술,3,수술및시술,8,Tier5_저빈도
3909,방사선사진분석,3,해부및생리,7,Tier5_저빈도
3910,방사선영상투시수술,3,수술및시술,9,Tier5_저빈도
3911,개별단층촬영,3,기타의료용어,6,Tier5_저빈도
3912,복잡운동단층규격촬영,3,기타의료용어,10,Tier5_저빈도
3913,전신용상하지촬영,3,기타의료용어,8,Tier5_저빈도
3914,위내역류상태측정,3,기타의료용어,8,Tier5_저빈도
3915,Colloid Therapy,3,영문의학용어,15,Tier5_저빈도
3916,강내치료처치,3,수술및시술,6,Tier5_저빈도
3917,Anesthetic Gas Monitoring,3,영문의학용어,25,Tier5_저빈도
3918,정맥주사요법,3,수술및시술,6,Tier5_저빈도
3919,냉동진통요법,3,수술및시술,6,Tier5_저빈도
3920,공기압부종,3,질병및증후군,5,Tier5_저빈도
3921,종이접기,3,의료기기,4,Tier5_저빈도
3922,Simulation Therapy,3,영문의학용어,18,Tier5_저빈도
3923,호흡생체되먹이기,3,의료기기,8,Tier5_저빈도
3924,견인보행기,3,의료기기,5,Tier5_저빈도
3925,흉강경하수술,3,수술및시술,6,Tier5_저빈도
3926,결막발사술,3,수술및시술,5,Tier5_저빈도
3927,최소절개술,3,수술및시술,5,Tier5_저빈도
3928,Hickman Catheter Dressing,3,영문의학용어,25,Tier5_저빈도
3929,Ganz Catheter Care,3,영문의학용어,18,Tier5_저빈도
3930,Subclavian Catheter Care,3,영문의학용어,24,Tier5_저빈도
3931,Hickman Catheter Care,3,영문의학용어,21,Tier5_저빈도
3932,병변내주입요법,3,수술및시술,7,Tier5_저빈도
3933,디스크기,3,의료기기,4,Tier5_저빈도
3934,척추사이구멍내시경,3,기타의료용어,9,Tier5_저빈도
3935,디스크기구절제술,3,수술및시술,8,Tier5_저빈도
3936,중심정맥카테타삽입술,3,수술및시술,10,Tier5_저빈도
3937,동맥내막박피술,3,수술및시술,7,Tier5_저빈도
3938,구순열재성형술,3,수술및시술,7,Tier5_저빈도
3939,인두피판성형술,3,수술및시술,7,Tier5_저빈도
3940,하마종개창술,3,수술및시술,6,Tier5_저빈도
3941,보존적타석제거술,3,수술및시술,8,Tier5_저빈도
3942,외치루수술,3,수술및시술,5,Tier5_저빈도
3943,신석쇄석술,3,수술및시술,5,Tier5_저빈도
3944,결석파쇄술,3,수술및시술,5,Tier5_저빈도
3945,전립선수술,3,수술및시술,5,Tier5_저빈도
3946,전립선제거술,3,수술및시술,6,Tier5_저빈도
3947,난소낭종흡인술,3,수술및시술,7,Tier5_저빈도
3948,하치조신경전위술,3,수술및시술,8,Tier5_저빈도
3949,하치조신경,3,해부및생리,5,Tier5_저빈도
3950,신경재위치술,3,수술및시술,6,Tier5_저빈도
3951,신경재접합술,3,수술및시술,6,Tier5_저빈도
3952,뇌정위기,3,의료기기,4,Tier5_저빈도
3953,이물탐지검사,3,기타의료용어,6,Tier5_저빈도
3954,안과특수치,3,측정값지표,5,Tier5_저빈도
3955,누낭비강연결술,3,수술및시술,7,Tier5_저빈도
3956,농흉배출술,3,수술및시술,5,Tier5_저빈도
3957,혈관기형직접천자,3,해부및생리,8,Tier5_저빈도
3958,용종제거술,3,수술및시술,5,Tier5_저빈도
3959,담도췌관,3,기타의료용어,4,Tier5_저빈도
3960,전기수력충격쇄석술,3,수술및시술,9,Tier5_저빈도
3961,구강건조증처치,3,수술및시술,7,Tier5_저빈도
3962,구강연조직,3,해부및생리,5,Tier5_저빈도
3963,연조직질환처치,3,수술및시술,7,Tier5_저빈도
3964,연조직질환,3,질병및증후군,5,Tier5_저빈도
3965,구강내캔디다증처치,3,수술및시술,9,Tier5_저빈도
3966,구강내캔디다증,3,기타의료용어,7,Tier5_저빈도
3967,초음파이용근관,3,기타의료용어,7,Tier5_저빈도
3968,레이저절개술,3,수술및시술,6,Tier5_저빈도
3969,레이저응고술,3,수술및시술,6,Tier5_저빈도
3970,연조직치유성고수준레이저,3,해부및생리,12,Tier5_저빈도
3971,레이저치은성형술,3,수술및시술,8,Tier5_저빈도
3972,레이저절제술,3,수술및시술,6,Tier5_저빈도
3973,레이저소대절제술,3,수술및시술,8,Tier5_저빈도
3974,연조직제거성고수준레이저,3,해부및생리,12,Tier5_저빈도
3975,현미경수술,3,수술및시술,5,Tier5_저빈도
3976,미세치근단수술,3,수술및시술,7,Tier5_저빈도
3977,치근단미세현미경,3,기타의료용어,8,Tier5_저빈도
3978,근관미세현미경,3,기타의료용어,7,Tier5_저빈도
3979,현미경적검사,3,기타의료용어,6,Tier5_저빈도
3980,치근단미세현미경수술,3,수술및시술,10,Tier5_저빈도
3981,금관치아근관,3,기타의료용어,6,Tier5_저빈도
3982,타티타늄기,3,의료기기,5,Tier5_저빈도
3983,특수근관처치,3,수술및시술,6,Tier5_저빈도
3984,근첨성형술,3,수술및시술,5,Tier5_저빈도
3985,열가소성근관,3,기타의료용어,6,Tier5_저빈도
3986,외상성손상,3,기타의료용어,5,Tier5_저빈도
3987,악간고정제거술,3,수술및시술,7,Tier5_저빈도
3988,외상성손상치열보존장치,3,의료기기,11,Tier5_저빈도
3989,악교정수술장치,3,의료기기,7,Tier5_저빈도
3990,가철성레진선,3,해부및생리,6,Tier5_저빈도
3991,치아강선,3,해부및생리,4,Tier5_저빈도
3992,레진와이어고정술,3,수술및시술,8,Tier5_저빈도
3993,치아강선고정술,3,수술및시술,7,Tier5_저빈도
3994,가철성상고정장치,3,의료기기,8,Tier5_저빈도
3995,가철성레진선부자장치,3,해부및생리,10,Tier5_저빈도
3996,치아고정장치,3,의료기기,6,Tier5_저빈도
3997,복합레진고정술,3,수술및시술,7,Tier5_저빈도
3998,보철전성형술,3,수술및시술,6,Tier5_저빈도
3999,계대절제술,3,수술및시술,5,Tier5_저빈도
4000,소대성형수술,3,수술및시술,6,Tier5_저빈도
4001,하악과두재건술,3,수술및시술,7,Tier5_저빈도
4002,하악과두재건,3,기타의료용어,6,Tier5_저빈도
4003,관상절개술,3,수술및시술,5,Tier5_저빈도
4004,관절원판성형술,3,수술및시술,7,Tier5_저빈도
4005,관절원판절제술,3,수술및시술,7,Tier5_저빈도
4006,관절결절축조술,3,수술및시술,7,Tier5_저빈도
4007,악관절내장증수술,3,수술및시술,8,Tier5_저빈도
4008,악관절강직증,3,해부및생리,6,Tier5_저빈도
4009,악관절강직증수술,3,수술및시술,8,Tier5_저빈도
4010,악관절내장증,3,해부및생리,6,Tier5_저빈도
4011,악수지이식술,3,수술및시술,6,Tier5_저빈도
4012,선별급여로 PET,3,해부및생리,9,Tier5_저빈도
4013,수가연동지표,3,기타의료용어,6,Tier5_저빈도
4014,가능시기,3,의료기기,4,Tier5_저빈도
4015,청구가능시기,3,의료기기,6,Tier5_저빈도
4016,전문병원의료질평가,3,기타의료용어,9,Tier5_저빈도
4017,지급업무처리기,3,의료기기,7,Tier5_저빈도
4018,지급업무처리기준,3,의료기기,8,Tier5_저빈도
4019,바이러스질환,3,질병및증후군,6,Tier5_저빈도
4020,특수선별검사,3,해부및생리,6,Tier5_저빈도
4021,질병보건,3,기타의료용어,4,Tier5_저빈도
4022,질병보건통합관,3,기타의료용어,7,Tier5_저빈도
4023,질병보건통합관리시스템,3,의료기기,11,Tier5_저빈도
4024,조사대상유증,3,기타의료용어,6,Tier5_저빈도
4025,ECMO치료에,3,기타의료용어,7,Tier5_저빈도
4026,Flapless Surgery,3,영문의학용어,16,Tier5_저빈도
4027,고정체식립술,3,수술및시술,6,Tier5_저빈도
4028,본인부담대상질환,3,질병및증후군,8,Tier5_저빈도
4029,틀니유지관,3,기타의료용어,5,Tier5_저빈도
4030,운용인력기준,3,의료기기,6,Tier5_저빈도
4031,유방촬영용장치,3,의료기기,7,Tier5_저빈도
4032,운용인력기,3,의료기기,5,Tier5_저빈도
4033,응급의료종,3,질병및증후군,5,Tier5_저빈도
4034,제도개선,3,해부및생리,4,Tier5_저빈도
4035,국립보건,3,기타의료용어,4,Tier5_저빈도
4036,본인부담면제코드,3,기타의료용어,8,Tier5_저빈도
4037,알려주시기,3,의료기기,5,Tier5_저빈도
4038,영상조회시스템,3,의료기기,7,Tier5_저빈도
4039,처방처리지침,3,기타의료용어,6,Tier5_저빈도
4040,재등록관,3,기타의료용어,4,Tier5_저빈도
4041,화농성관절,3,해부및생리,5,Tier5_저빈도
4042,화농성관,3,기타의료용어,4,Tier5_저빈도
4043,화농성관절염,3,해부및생리,6,Tier5_저빈도
4044,반월상연골술,3,수술및시술,6,Tier5_저빈도
4045,내시경하부비동근본수술,3,수술및시술,11,Tier5_저빈도
4046,내시경하범발성비용적,3,측정값지표,10,Tier5_저빈도
4047,내시경하범발성비용적출술,3,수술및시술,12,Tier5_저빈도
4048,부속의료기,3,의료기기,5,Tier5_저빈도
4049,부속의료기관,3,의료기기,6,Tier5_저빈도
4050,만성치주질환,3,질병및증후군,6,Tier5_저빈도
4051,요양급여청구개선,3,해부및생리,8,Tier5_저빈도
4052,중복투약자관,3,기타의료용어,6,Tier5_저빈도
4053,자가골수줄기세포,3,해부및생리,8,Tier5_저빈도
4054,자가골수줄기,3,의료기기,6,Tier5_저빈도
4055,공막이식술,3,수술및시술,5,Tier5_저빈도
4056,주상병분류기,3,의료기기,6,Tier5_저빈도
4057,주상병분류,3,기타의료용어,5,Tier5_저빈도
4058,본인부담비율,3,측정값지표,6,Tier5_저빈도
4059,검사기관,3,의료기기,4,Tier5_저빈도
4060,PET촬영,3,기타의료용어,5,Tier5_저빈도
4061,본인일부부담기,3,의료기기,7,Tier5_저빈도
4062,본인일부부담기준,3,의료기기,8,Tier5_저빈도
4063,근로능력판정진단,3,기타의료용어,8,Tier5_저빈도
4064,웩슬러아동지능검사,3,기타의료용어,9,Tier5_저빈도
4065,진료기록일체,3,의료기기,6,Tier5_저빈도
4066,인력적용기준,3,의료기기,6,Tier5_저빈도
4067,인력적용기,3,의료기기,5,Tier5_저빈도
4068,가정간호실시기,3,의료기기,7,Tier5_저빈도
4069,가정간호실시기관,3,의료기기,8,Tier5_저빈도
4070,CT 수가산정방법,3,기타의료용어,9,Tier5_저빈도
4071,멜라닌세포,3,해부및생리,5,Tier5_저빈도
4072,방사선흡수측정기,3,해부및생리,8,Tier5_저빈도
4073,방사선흡수측정,3,해부및생리,7,Tier5_저빈도
4074,미세혈관문합술,3,수술및시술,7,Tier5_저빈도
4075,한방의료기관,3,의료기기,6,Tier5_저빈도
4076,한방의료기,3,의료기기,5,Tier5_저빈도
4077,포함된 CT,3,기타의료용어,6,Tier5_저빈도
4078,진행성파킨슨병,3,질병및증후군,7,Tier5_저빈도
4079,가톨릭대학교성모병,3,질병및증후군,9,Tier5_저빈도
4080,개정되었기,3,의료기기,5,Tier5_저빈도
4081,방법에관,3,기타의료용어,4,Tier5_저빈도
4082,서울대학교치과병,3,질병및증후군,8,Tier5_저빈도
4083,사용상의주의,3,기타의료용어,6,Tier5_저빈도
4084,보험급여절차,3,기타의료용어,6,Tier5_저빈도
4085,건강보험요양급여비용및그상대가치점수,3,기타의료용어,18,Tier5_저빈도
4086,비용처리관,3,기타의료용어,5,Tier5_저빈도
4087,MRI 급여적용에,3,기타의료용어,9,Tier5_저빈도
4088,차자가조혈모세포,3,해부및생리,8,Tier5_저빈도
4089,고엽제후유의증,3,기타의료용어,7,Tier5_저빈도
4090,촬영시 CT,3,기타의료용어,6,Tier5_저빈도
4091,경우에는 MRI,3,기타의료용어,8,Tier5_저빈도
4092,대상의 CT,3,기타의료용어,6,Tier5_저빈도
4093,시법사업기관,3,의료기기,6,Tier5_저빈도
4094,시법사업기,3,의료기기,5,Tier5_저빈도
4095,시범사업기,3,의료기기,5,Tier5_저빈도
4096,최대사용량,3,측정값지표,5,Tier5_저빈도
4097,심장부정맥,3,해부및생리,5,Tier5_저빈도
4098,기왕증관,3,의료기기,4,Tier5_저빈도
4099,목적으로 MRI,3,기타의료용어,8,Tier5_저빈도
4100,위해 MRI,3,기타의료용어,6,Tier5_저빈도
4101,공혈적합성여부검사,3,기타의료용어,9,Tier5_저빈도
4102,메타스트론주의,3,기타의료용어,7,Tier5_저빈도
4103,허가변경관,3,기타의료용어,5,Tier5_저빈도
4104,안전성조치관,3,기타의료용어,6,Tier5_저빈도
4105,의료기관 CT,3,의료기기,7,Tier5_저빈도
4106,마련하였기,3,의료기기,5,Tier5_저빈도
4107,의약품등안전성,3,기타의료용어,7,Tier5_저빈도
4108,타요양기관에 CT,3,의료기기,9,Tier5_저빈도
4109,요청하셨기,3,의료기기,5,Tier5_저빈도
4110,인정되기,3,의료기기,4,Tier5_저빈도
4111,아이비글로블린주의,3,기타의료용어,9,Tier5_저빈도
4112,행위급여비급여목록표및상대가치점수,3,기타의료용어,17,Tier5_저빈도
4113,회원요양기,3,의료기기,5,Tier5_저빈도
4114,회원요양기관,3,의료기기,6,Tier5_저빈도
4115,약제치료재료의구입금액에대한산정기,3,의료기기,17,Tier5_저빈도
4116,약제치료재료의구입금액에대한산정기준,3,의료기기,18,Tier5_저빈도
4117,졸라덱스데포주급여기준,3,의료기기,11,Tier5_저빈도
4118,졸라덱스데포주급여기,3,의료기기,10,Tier5_저빈도
4119,의료급여진료절차,3,기타의료용어,8,Tier5_저빈도
4120,유전자재조합혈우병,3,질병및증후군,9,Tier5_저빈도
4121,외과계시술,3,수술및시술,5,Tier5_저빈도
4122,단계별진료절차,3,기타의료용어,7,Tier5_저빈도
4123,대한소아혈액종,3,질병및증후군,7,Tier5_저빈도
4124,개정고시관,3,기타의료용어,5,Tier5_저빈도
4125,간염수직감염,3,기타의료용어,6,Tier5_저빈도
4126,건강보험요양급여비용청구방법,3,기타의료용어,14,Tier5_저빈도
4127,세부요양급여기준,3,의료기기,8,Tier5_저빈도
4128,세부요양급여기,3,의료기기,7,Tier5_저빈도
4129,차등수가기준,3,의료기기,6,Tier5_저빈도
4130,차등수가기,3,의료기기,5,Tier5_저빈도
4131,아동기질평가,3,의료기기,6,Tier5_저빈도
4132,부모자녀관,3,기타의료용어,5,Tier5_저빈도
4133,전산화정보처리검사,3,기타의료용어,9,Tier5_저빈도
4134,정보기억검사,3,의료기기,6,Tier5_저빈도
4135,유전자다형성검사,3,검사및진단,8,Tier5_저빈도
4136,유전자진단검사,3,검사및진단,7,Tier5_저빈도
4137,반응물질검사,3,기타의료용어,6,Tier5_저빈도
4138,종결시기,3,의료기기,4,Tier5_저빈도
4139,소멸시효관,3,기타의료용어,5,Tier5_저빈도
4140,요양급여비용관,3,기타의료용어,7,Tier5_저빈도
4141,차등수가관,3,기타의료용어,5,Tier5_저빈도
4142,미결정행위반려건,3,기타의료용어,8,Tier5_저빈도
4143,방광종양항원정성검사,3,기타의료용어,10,Tier5_저빈도
4144,결핵약제내성검사,3,기타의료용어,8,Tier5_저빈도
4145,사회적지지,3,기타의료용어,5,Tier5_저빈도
4146,사고내용기,3,의료기기,5,Tier5_저빈도
4147,사회적지지평가,3,기타의료용어,7,Tier5_저빈도
4148,사회적응력검사,3,기타의료용어,7,Tier5_저빈도
4149,토니지능검사,3,기타의료용어,6,Tier5_저빈도
4150,치매면담검사,3,기타의료용어,6,Tier5_저빈도
4151,자기보고검사,3,의료기기,6,Tier5_저빈도
4152,정서상태검사,3,기타의료용어,6,Tier5_저빈도
4153,작업능력평가,3,기타의료용어,6,Tier5_저빈도
4154,경피적레이저,3,기타의료용어,6,Tier5_저빈도
4155,미결정신청반려건,3,기타의료용어,8,Tier5_저빈도
4156,인조성형술,3,수술및시술,5,Tier5_저빈도
4157,연성요추골고정술,3,수술및시술,8,Tier5_저빈도
4158,경피적레이저추간판,3,기타의료용어,9,Tier5_저빈도
4159,경피적레이저추간판절제술,3,수술및시술,12,Tier5_저빈도
4160,임상병리적수치기준,3,의료기기,9,Tier5_저빈도
4161,임상병리적수치기,3,의료기기,8,Tier5_저빈도
4162,임상병리적수치,3,측정값지표,7,Tier5_저빈도
4163,인터맥스알파주의,3,기타의료용어,8,Tier5_저빈도
4164,발생하기,3,의료기기,4,Tier5_저빈도
4165,본인부담율산정방법,3,기타의료용어,9,Tier5_저빈도
4166,골수이식수술,3,수술및시술,6,Tier5_저빈도
4167,부여하기,3,의료기기,4,Tier5_저빈도
4168,심사처리방법,3,기타의료용어,6,Tier5_저빈도
4169,원외처방건,3,기타의료용어,5,Tier5_저빈도
4170,의료보호대상자증,3,기타의료용어,8,Tier5_저빈도
4171,비상진료대책기,3,의료기기,7,Tier5_저빈도
4172,보험청구관,3,기타의료용어,5,Tier5_저빈도
4173,비상진료기,3,의료기기,5,Tier5_저빈도
4174,의료보험진료수가및약제비산정기준,3,의료기기,16,Tier5_저빈도
4175,의료보험진료수가및약제비산정기,3,의료기기,15,Tier5_저빈도
4176,심사기준관,3,의료기기,5,Tier5_저빈도
4177,간호인력등급,3,기타의료용어,6,Tier5_저빈도
4178,비상진료대책관,3,기타의료용어,7,Tier5_저빈도
4179,행려환자관,3,기타의료용어,5,Tier5_저빈도
4180,청구소멸시효관,3,기타의료용어,7,Tier5_저빈도
4181,임상병리검사종합검증,3,기타의료용어,10,Tier5_저빈도
4182,운영개선,3,해부및생리,4,Tier5_저빈도
4183,방사선면역측정,3,검사및진단,7,Tier5_저빈도
4184,기초학습검사,3,의료기기,6,Tier5_저빈도
4185,비의료기관,3,의료기기,5,Tier5_저빈도
4186,비의료기,3,의료기기,4,Tier5_저빈도
4187,의료보호관,3,기타의료용어,5,Tier5_저빈도
4188,대불신청건,3,기타의료용어,5,Tier5_저빈도
4189,의료보험증,3,기타의료용어,5,Tier5_저빈도
4190,진료비심사지급기,3,의료기기,8,Tier5_저빈도
4191,진료비심사지급기관,3,의료기기,9,Tier5_저빈도
4192,반흔제거술,3,수술및시술,5,Tier5_저빈도
4193,제대혈이식술,3,수술및시술,6,Tier5_저빈도
4194,로나졸낙칼슘,3,약물및성분,6,Tier5_저빈도
4195,삼아아토크건조시럽,3,기타의료용어,9,Tier5_저빈도
4196,삼아아토크건,3,기타의료용어,6,Tier5_저빈도
4197,심전도기,3,의료기기,4,Tier5_저빈도
4198,경우진료기,3,의료기기,5,Tier5_저빈도
4199,경우진료기관,3,의료기기,6,Tier5_저빈도
4200,의료보호시설기관,3,의료기기,8,Tier5_저빈도
4201,의료보호시설기,3,의료기기,7,Tier5_저빈도
4202,심사산정기,3,의료기기,5,Tier5_저빈도
4203,심사산정기준,3,의료기기,6,Tier5_저빈도
4204,프롤리아 프리필드시린지,3,기타의료용어,12,Tier5_저빈도
4205,척추후굴풍선복원술인정기준,3,해부및생리,13,Tier5_저빈도
4206,척추후굴풍선복원술인정기,3,해부및생리,12,Tier5_저빈도
4207,성형술인정기,3,의료기기,6,Tier5_저빈도
4208,성형술인정기준,3,의료기기,7,Tier5_저빈도
4209,장출혈성대장균감염증,3,질병및증후군,10,Tier5_저빈도
4210,약제투여기,3,의료기기,5,Tier5_저빈도
4211,대변배양검사,3,기타의료용어,6,Tier5_저빈도
4212,난소자극호르몬,3,기타의료용어,7,Tier5_저빈도
4213,저혈소판혈증,3,기타의료용어,6,Tier5_저빈도
4214,발목터널증,3,기타의료용어,5,Tier5_저빈도
4215,대동맥분기,3,해부및생리,5,Tier5_저빈도
4216,방출단층촬영,3,기타의료용어,6,Tier5_저빈도
4217,연하재활기능적전기,3,의료기기,9,Tier5_저빈도
4218,동맥압혈압측정,3,해부및생리,7,Tier5_저빈도
4219,유양돌기,3,의료기기,4,Tier5_저빈도
4220,체외용심박기장치,3,의료기기,8,Tier5_저빈도
4221,체외용심박기장치술,3,수술및시술,9,Tier5_저빈도
4222,내측상과염,3,기타의료용어,5,Tier5_저빈도
4223,혈관이식술,3,수술및시술,5,Tier5_저빈도
4224,궁부대동맥,3,해부및생리,5,Tier5_저빈도
4225,척주측만증,3,기타의료용어,5,Tier5_저빈도
4226,MRI 영상에서,3,기타의료용어,8,Tier5_저빈도
4227,티사젠렉류,3,기타의료용어,5,Tier5_저빈도
4228,폐경후골다공증,3,기타의료용어,7,Tier5_저빈도
4229,금속내고정술,3,수술및시술,6,Tier5_저빈도
4230,후두인두염,3,기타의료용어,5,Tier5_저빈도
4231,Gynecological Surgery,3,영문의학용어,21,Tier5_저빈도
4232,난소난관절제술,3,수술및시술,7,Tier5_저빈도
4233,난소난관절,3,해부및생리,5,Tier5_저빈도
4234,품질관리검사,3,기타의료용어,6,Tier5_저빈도
4235,국립종합암,3,질병및증후군,5,Tier5_저빈도
4236,비전절제술,3,수술및시술,5,Tier5_저빈도
4237,근농양배농술,3,수술및시술,6,Tier5_저빈도
4238,동맥조영촬영,3,해부및생리,6,Tier5_저빈도
4239,액와감시림프절절제술,3,수술및시술,10,Tier5_저빈도
4240,액와림프절청소술,3,수술및시술,8,Tier5_저빈도
4241,관찰하기,3,의료기기,4,Tier5_저빈도
4242,경추MRI,3,기타의료용어,5,Tier5_저빈도
4243,간세포성암,3,질병및증후군,5,Tier5_저빈도
4244,각막결막염,3,해부및생리,5,Tier5_저빈도
4245,각막결막,3,해부및생리,4,Tier5_저빈도
4246,동결절편검사,3,기타의료용어,6,Tier5_저빈도
4247,척주후만증,3,기타의료용어,5,Tier5_저빈도
4248,MRI 영상검사,3,기타의료용어,8,Tier5_저빈도
4249,추간공절개술,3,수술및시술,6,Tier5_저빈도
4250,외상후스트레스장애,3,질병및증후군,9,Tier5_저빈도
4251,국립정신건,3,기타의료용어,5,Tier5_저빈도
4252,병변크기,3,의료기기,4,Tier5_저빈도
4253,안드로겐차단요법,3,수술및시술,8,Tier5_저빈도
4254,젬시타빈염산염,3,기타의료용어,7,Tier5_저빈도
4255,경피적대동맥,3,해부및생리,6,Tier5_저빈도
4256,경피적대동맥판막,3,해부및생리,8,Tier5_저빈도
4257,상위기관,3,의료기기,4,Tier5_저빈도
4258,부신절제술,3,수술및시술,5,Tier5_저빈도
4259,심실보조장치치료술,3,수술및시술,9,Tier5_저빈도
4260,갑상선엽전절제술,3,수술및시술,8,Tier5_저빈도
4261,림프절청소술,3,수술및시술,6,Tier5_저빈도
4262,마비증후군,3,질병및증후군,5,Tier5_저빈도
4263,척수경막외종양및병소절제술,3,수술및시술,13,Tier5_저빈도
4264,척수경막외종양및병,3,질병및증후군,9,Tier5_저빈도
4265,척추경또는척추체,3,기타의료용어,8,Tier5_저빈도
4266,갑상선유두암,3,질병및증후군,6,Tier5_저빈도
4267,견봉쇄골관절,3,해부및생리,6,Tier5_저빈도
4268,견봉쇄골관,3,기타의료용어,5,Tier5_저빈도
4269,삼첨판폐쇄부전,3,질병및증후군,7,Tier5_저빈도
4270,유전성대장암,3,질병및증후군,6,Tier5_저빈도
4271,조직구축학적검사,3,해부및생리,8,Tier5_저빈도
4272,황색인대골화증,3,해부및생리,7,Tier5_저빈도
4273,종양병소제거술,3,수술및시술,7,Tier5_저빈도
4274,관혈적기,3,의료기기,4,Tier5_저빈도
4275,관혈적기관,3,의료기기,5,Tier5_저빈도
4276,관혈적기관절개술,3,수술및시술,8,Tier5_저빈도
4277,관혈적기관절,3,해부및생리,6,Tier5_저빈도
4278,Winn Neurological Surgery,3,영문의학용어,25,Tier5_저빈도
4279,톨밥탄분무건,3,기타의료용어,6,Tier5_저빈도
4280,톨밥탄분무건조분말,3,기타의료용어,9,Tier5_저빈도
4281,스핑고리피드증,3,기타의료용어,7,Tier5_저빈도
4282,단일쐐기,3,의료기기,4,Tier5_저빈도
4283,주의통보하기,3,의료기기,6,Tier5_저빈도
4284,자보심사지침,3,기타의료용어,6,Tier5_저빈도
4285,초기자궁내막암,3,질병및증후군,7,Tier5_저빈도
4286,초기자궁내막,3,해부및생리,6,Tier5_저빈도
4287,Auditory Brainstem Implants,3,영문의학용어,27,Tier5_저빈도
4288,Cochlear Implants,3,영문의학용어,17,Tier5_저빈도
4289,소화기연관,3,의료기기,5,Tier5_저빈도
4290,인공폐경수술,3,수술및시술,6,Tier5_저빈도
4291,전환제세동기,3,의료기기,6,Tier5_저빈도
4292,복부및골반동맥,3,해부및생리,7,Tier5_저빈도
4293,복부및골반동맥조영,3,해부및생리,9,Tier5_저빈도
4294,경막성형술,3,수술및시술,5,Tier5_저빈도
4295,동기능부전,3,질병및증후군,5,Tier5_저빈도
4296,부르가다증,3,기타의료용어,5,Tier5_저빈도
4297,부르가다증후군,3,질병및증후군,7,Tier5_저빈도
4298,CT 판독,3,기타의료용어,5,Tier5_저빈도
4299,다두개골조기봉합교정수술,3,수술및시술,12,Tier5_저빈도
4300,다두개골조기,3,의료기기,6,Tier5_저빈도
4301,Craniosynostosis Surgery,3,영문의학용어,24,Tier5_저빈도
4302,폐쇄부전증,3,기타의료용어,5,Tier5_저빈도
4303,다발관절증,3,해부및생리,5,Tier5_저빈도
4304,실시한 PET,3,기타의료용어,7,Tier5_저빈도
4305,인공수정체삽입술,3,수술및시술,8,Tier5_저빈도
4306,시행한간동맥화학색전술,3,수술및시술,11,Tier5_저빈도
4307,시행한간동맥,3,해부및생리,6,Tier5_저빈도
4308,근육둘레띠증,3,해부및생리,6,Tier5_저빈도
4309,근육둘레띠증후군,3,질병및증후군,8,Tier5_저빈도
4310,운동부하심전도검사,3,기타의료용어,9,Tier5_저빈도
4311,검사한 MRI,3,기타의료용어,7,Tier5_저빈도
4312,경근저주파요법,3,수술및시술,7,Tier5_저빈도
4313,상심실성부정맥수술,3,수술및시술,9,Tier5_저빈도
4314,소마툴린오토젤,3,기타의료용어,7,Tier5_저빈도
4315,대동맥폐쇄부전,3,질병및증후군,7,Tier5_저빈도
4316,Surgical Treatment,3,영문의학용어,18,Tier5_저빈도
4317,Reconstructive Surgery,3,영문의학용어,22,Tier5_저빈도
4318,MRI인정여부,3,기타의료용어,7,Tier5_저빈도
4319,Natural Orifice Transluminal Endoscopic Surgery,3,영문의학용어,47,Tier5_저빈도
4320,Clinical Diagnosis,3,영문의학용어,18,Tier5_저빈도
4321,보조화학요법,3,수술및시술,6,Tier5_저빈도
4322,상병에 MRI,3,기타의료용어,7,Tier5_저빈도
4323,카사이수술,3,수술및시술,5,Tier5_저빈도
4324,안와 CT,3,기타의료용어,5,Tier5_저빈도
4325,부정맥의고주파절제술,3,수술및시술,10,Tier5_저빈도
4326,부정맥의고주파,3,해부및생리,7,Tier5_저빈도
4327,그레이브병,3,질병및증후군,5,Tier5_저빈도
4328,폐아스페르길루스증,3,기타의료용어,9,Tier5_저빈도
4329,엔브렐주의,3,기타의료용어,5,Tier5_저빈도
4330,화레스톤,3,기타의료용어,4,Tier5_저빈도
4331,비소세포폐암상병,3,질병및증후군,8,Tier5_저빈도
4332,유방암상병,3,질병및증후군,5,Tier5_저빈도
4333,장파열봉합술,3,수술및시술,6,Tier5_저빈도
4334,Analysis Advances,2,영문의학용어,17,Tier5_저빈도
4335,칸디다혈증,2,기타의료용어,5,Tier5_저빈도
4336,칸디다감염,2,기타의료용어,5,Tier5_저빈도
4337,결체조직질환,2,질병및증후군,6,Tier5_저빈도
4338,전신경화증,2,해부및생리,5,Tier5_저빈도
4339,이식편대숙주병,2,질병및증후군,7,Tier5_저빈도
4340,Endovascular Therapy,2,영문의학용어,20,Tier5_저빈도
4341,인공판막혈전증,2,질병및증후군,7,Tier5_저빈도
4342,혈전용해요법,2,수술및시술,6,Tier5_저빈도
4343,말초혈관폐색증,2,질병및증후군,7,Tier5_저빈도
4344,흉부전산화단층촬영,2,기타의료용어,9,Tier5_저빈도
4345,Coronavirus Disease,2,영문의학용어,19,Tier5_저빈도
4346,Multisystem Inflammatory Syndrome,2,영문의학용어,33,Tier5_저빈도
4347,전두부탈모증,2,기타의료용어,6,Tier5_저빈도
4348,Johnson Syndrome,2,영문의학용어,16,Tier5_저빈도
4349,Multifocal Motor Neuropathy,2,영문의학용어,27,Tier5_저빈도
4350,Catastrophic Antiphospholipid Syndrome,2,영문의학용어,38,Tier5_저빈도
4351,혈전미세혈관병증,2,질병및증후군,8,Tier5_저빈도
4352,혈전미세혈관,2,해부및생리,6,Tier5_저빈도
4353,파종성혈관내응고증,2,해부및생리,9,Tier5_저빈도
4354,척수 MRI,2,기타의료용어,6,Tier5_저빈도
4355,헬프증후군,2,질병및증후군,5,Tier5_저빈도
4356,울토미리스주의,2,기타의료용어,7,Tier5_저빈도
4357,하이포크레틴결핍증,2,질병및증후군,9,Tier5_저빈도
4358,Sleep Disorders,2,영문의학용어,15,Tier5_저빈도
4359,거대세포동맥염,2,해부및생리,7,Tier5_저빈도
4360,거대세포동맥,2,해부및생리,6,Tier5_저빈도
4361,소아크론병활성도,2,측정값지표,8,Tier5_저빈도
4362,소아크론병,2,질병및증후군,5,Tier5_저빈도
4363,골부착부위염,2,기타의료용어,6,Tier5_저빈도
4364,Solid Organ Transplant Recipients,2,영문의학용어,33,Tier5_저빈도
4365,급성망막,2,해부및생리,4,Tier5_저빈도
4366,일반풍선,2,해부및생리,4,Tier5_저빈도
4367,일반풍선카테터,2,해부및생리,7,Tier5_저빈도
4368,해열진통소염,2,기타의료용어,6,Tier5_저빈도
4369,Patients With Nephrotic Syndrome,2,영문의학용어,32,Tier5_저빈도
4370,Endophthalmitis Following Cataract Surgery,2,영문의학용어,42,Tier5_저빈도
4371,Postintravitreal Injection Endophthalmitis,2,영문의학용어,42,Tier5_저빈도
4372,전문수탁기관,2,의료기기,6,Tier5_저빈도
4373,대한진단검사정도,2,기타의료용어,8,Tier5_저빈도
4374,교육유효기,2,의료기기,5,Tier5_저빈도
4375,전전전분기,2,의료기기,5,Tier5_저빈도
4376,전문수탁기,2,의료기기,5,Tier5_저빈도
4377,제출대한진단검사,2,검사및진단,8,Tier5_저빈도
4378,대한진단검사정도관,2,기타의료용어,9,Tier5_저빈도
4379,확대유방촬영,2,기타의료용어,6,Tier5_저빈도
4380,급성합병증,2,질병및증후군,5,Tier5_저빈도
4381,일으키기,2,의료기기,4,Tier5_저빈도
4382,급성호흡곤란증후군,2,질병및증후군,9,Tier5_저빈도
4383,이식등록과정,2,기타의료용어,6,Tier5_저빈도
4384,급성호흡곤란증,2,기타의료용어,7,Tier5_저빈도
4385,ECMO 시술로,2,기타의료용어,8,Tier5_저빈도
4386,시표추적검사,2,검사및진단,6,Tier5_저빈도
4387,급속안구운동검사,2,기타의료용어,8,Tier5_저빈도
4388,전기안진검사,2,의료기기,6,Tier5_저빈도
4389,국립결핵병,2,질병및증후군,5,Tier5_저빈도
4390,인력조건,2,기타의료용어,4,Tier5_저빈도
4391,한국혈액감시체계,2,기타의료용어,8,Tier5_저빈도
4392,혈소판교반기,2,의료기기,6,Tier5_저빈도
4393,한국혈액감시체,2,기타의료용어,7,Tier5_저빈도
4394,전용해동기,2,의료기기,5,Tier5_저빈도
4395,Ocrelizumab Treatment,2,영문의학용어,21,Tier5_저빈도
4396,거대세포심근염,2,해부및생리,7,Tier5_저빈도
4397,거대세포심근,2,해부및생리,6,Tier5_저빈도
4398,단순생식기,2,의료기기,5,Tier5_저빈도
4399,한국심초음파,2,기타의료용어,6,Tier5_저빈도
4400,월경주기,2,의료기기,4,Tier5_저빈도
4401,Glomerular Diseases,2,영문의학용어,19,Tier5_저빈도
4402,Transplant Association,2,영문의학용어,22,Tier5_저빈도
4403,Letrozole,2,생물학적제제,9,Tier5_저빈도
4404,전방전위증,2,기타의료용어,5,Tier5_저빈도
4405,추간공협착증,2,질병및증후군,6,Tier5_저빈도
4406,맥립종절개술,2,수술및시술,6,Tier5_저빈도
4407,정계정맥류수술,2,수술및시술,7,Tier5_저빈도
4408,부속기관,2,의료기기,4,Tier5_저빈도
4409,눈물기관,2,의료기기,4,Tier5_저빈도
4410,산립종절개술,2,수술및시술,6,Tier5_저빈도
4411,감압개두술,2,수술및시술,5,Tier5_저빈도
4412,뇌실내혈종,2,질병및증후군,5,Tier5_저빈도
4413,마취관리기,2,의료기기,5,Tier5_저빈도
4414,절개만출술,2,수술및시술,5,Tier5_저빈도
4415,핵산증폭검사,2,기타의료용어,6,Tier5_저빈도
4416,보툴리눔독소증,2,기타의료용어,7,Tier5_저빈도
4417,의료관련감염병,2,질병및증후군,7,Tier5_저빈도
4418,제왕절개술기,2,의료기기,6,Tier5_저빈도
4419,Treatment Algorithm,2,영문의학용어,19,Tier5_저빈도
4420,Therapy Report,2,영문의학용어,14,Tier5_저빈도
4421,망막분지정맥,2,해부및생리,6,Tier5_저빈도
4422,Intravitreal Aflibercept Injection,2,영문의학용어,34,Tier5_저빈도
4423,역전시키기,2,의료기기,5,Tier5_저빈도
4424,간신증후군,2,질병및증후군,5,Tier5_저빈도
4425,저단백혈증,2,기타의료용어,5,Tier5_저빈도
4426,성인호흡곤란증후군,2,질병및증후군,9,Tier5_저빈도
4427,뇌지주막,2,해부및생리,4,Tier5_저빈도
4428,심폐우회술,2,수술및시술,5,Tier5_저빈도
4429,성인호흡곤란증,2,기타의료용어,7,Tier5_저빈도
4430,만성간질환,2,질병및증후군,5,Tier5_저빈도
4431,말초동맥카테터,2,해부및생리,7,Tier5_저빈도
4432,난관문합술,2,수술및시술,5,Tier5_저빈도
4433,체외수정시술,2,수술및시술,6,Tier5_저빈도
4434,양측난관,2,기타의료용어,4,Tier5_저빈도
4435,정관문합술,2,수술및시술,5,Tier5_저빈도
4436,정계정맥류제거술,2,수술및시술,8,Tier5_저빈도
4437,신우루설치술,2,수술및시술,6,Tier5_저빈도
4438,요관스텐트제거술,2,수술및시술,8,Tier5_저빈도
4439,담낭조루술,2,수술및시술,5,Tier5_저빈도
4440,신장이물제거술,2,수술및시술,7,Tier5_저빈도
4441,소화관협착확장술,2,수술및시술,8,Tier5_저빈도
4442,내신우절개술,2,수술및시술,6,Tier5_저빈도
4443,방광루설치술,2,수술및시술,6,Tier5_저빈도
4444,모세포기,2,해부및생리,4,Tier5_저빈도
4445,추적관찰검사,2,검사및진단,6,Tier5_저빈도
4446,뇌경막동정맥,2,해부및생리,6,Tier5_저빈도
4447,뇌경막동정맥루,2,해부및생리,7,Tier5_저빈도
4448,Peritoneal Catheter,2,영문의학용어,19,Tier5_저빈도
4449,Mechanical Ventilation,2,영문의학용어,22,Tier5_저빈도
4450,갑상선기능장애,2,질병및증후군,7,Tier5_저빈도
4451,Pediatric Infectious Diseases,2,영문의학용어,29,Tier5_저빈도
4452,Ultraxx Nephrostomy Balloon Catheter,2,영문의학용어,36,Tier5_저빈도
4453,인공판막재치환술,2,수술및시술,8,Tier5_저빈도
4454,관상동맥내막,2,해부및생리,6,Tier5_저빈도
4455,관상동맥내막절제술,2,수술및시술,9,Tier5_저빈도
4456,카바페넴분해효소,2,기타의료용어,8,Tier5_저빈도
4457,상완신경총손상,2,해부및생리,7,Tier5_저빈도
4458,바레증후군,2,질병및증후군,5,Tier5_저빈도
4459,삼차자율신경,2,해부및생리,6,Tier5_저빈도
4460,한국천식진료지침,2,기타의료용어,8,Tier5_저빈도
4461,범불안장애,2,질병및증후군,5,Tier5_저빈도
4462,국제두통질환분류,2,기타의료용어,8,Tier5_저빈도
4463,편두통장애,2,질병및증후군,5,Tier5_저빈도
4464,두통일기,2,의료기기,4,Tier5_저빈도
4465,국제두통질환,2,질병및증후군,6,Tier5_저빈도
4466,두통영향검사,2,기타의료용어,6,Tier5_저빈도
4467,당뇨병망막,2,해부및생리,5,Tier5_저빈도
4468,Diabetic Retinopathy,2,영문의학용어,20,Tier5_저빈도
4469,Nonproliferative Diabetic Retinopathy,2,영문의학용어,37,Tier5_저빈도
4470,망막혈관질환,2,질병및증후군,6,Tier5_저빈도
4471,당뇨병망막병증,2,질병및증후군,7,Tier5_저빈도
4472,만성피부질환,2,질병및증후군,6,Tier5_저빈도
4473,선행조건,2,해부및생리,4,Tier5_저빈도
4474,조혈관련세포,2,해부및생리,6,Tier5_저빈도
4475,Denosumab Treatment,2,영문의학용어,19,Tier5_저빈도
4476,Therapy After Denosumab Discontinuation,2,영문의학용어,39,Tier5_저빈도
4477,Denosumab Therapy,2,영문의학용어,17,Tier5_저빈도
4478,Term Drug Therapy,2,영문의학용어,17,Tier5_저빈도
4479,비호르몬요법,2,수술및시술,6,Tier5_저빈도
4480,Directed Treatment,2,영문의학용어,18,Tier5_저빈도
4481,Zoledronic Acid Treatment,2,영문의학용어,25,Tier5_저빈도
4482,Women Discontinuing Denosumab Treatment,2,영문의학용어,39,Tier5_저빈도
4483,상기도검체,2,의료기기,5,Tier5_저빈도
4484,스트렌식주의,2,기타의료용어,6,Tier5_저빈도
4485,저인산효소,2,기타의료용어,5,Tier5_저빈도
4486,저인산효소증,2,기타의료용어,6,Tier5_저빈도
4487,간파열봉합술,2,수술및시술,6,Tier5_저빈도
4488,후두협착증,2,질병및증후군,5,Tier5_저빈도
4489,척추신경근절제술,2,수술및시술,8,Tier5_저빈도
4490,심혈관수술,2,수술및시술,5,Tier5_저빈도
4491,청신경종양적출술,2,수술및시술,8,Tier5_저빈도
4492,횡문근융해증,2,기타의료용어,6,Tier5_저빈도
4493,초고위험군,2,기타의료용어,5,Tier5_저빈도
4494,Atherosclerotic Cardiovascular Disease,2,영문의학용어,38,Tier5_저빈도
4495,Subgroup Analysis,2,영문의학용어,17,Tier5_저빈도
4496,Lipoprotein Disorders,2,영문의학용어,21,Tier5_저빈도
4497,Established Atherosclerotic Cardiovascular Disease,2,영문의학용어,50,Tier5_저빈도
4498,Acute Coronary Syndrome,2,영문의학용어,23,Tier5_저빈도
4499,혈관재생술,2,수술및시술,5,Tier5_저빈도
4500,Lipid Disorders,2,영문의학용어,15,Tier5_저빈도
4501,Risk Acute Coronary Syndrome,2,영문의학용어,28,Tier5_저빈도
4502,Triple Therapy,2,영문의학용어,14,Tier5_저빈도
4503,뇌엽절제술,2,수술및시술,5,Tier5_저빈도
4504,대장조영촬영,2,기타의료용어,6,Tier5_저빈도
4505,Arterial Extra Corporeal Membrane Oxygenation,2,영문의학용어,45,Tier5_저빈도
4506,ECMO 치료에도,2,기타의료용어,9,Tier5_저빈도
4507,신혈관근지방종,2,질병및증후군,7,Tier5_저빈도
4508,대퇴혈관,2,해부및생리,4,Tier5_저빈도
4509,염증반응증후군,2,질병및증후군,7,Tier5_저빈도
4510,염증반응증,2,기타의료용어,5,Tier5_저빈도
4511,위내풍선,2,해부및생리,4,Tier5_저빈도
4512,다초점망막기,2,해부및생리,6,Tier5_저빈도
4513,다초점망막기능지형도검사,2,해부및생리,12,Tier5_저빈도
4514,다초점망막,2,해부및생리,5,Tier5_저빈도
4515,한국유전자검사평가,2,기타의료용어,9,Tier5_저빈도
4516,세포유전검사,2,해부및생리,6,Tier5_저빈도
4517,행정규제기,2,의료기기,5,Tier5_저빈도
4518,세부운영절차,2,기타의료용어,6,Tier5_저빈도
4519,치료재료전문평가,2,기타의료용어,8,Tier5_저빈도
4520,경견완증후군,2,질병및증후군,6,Tier5_저빈도
4521,MRI 판독소견서,2,기타의료용어,9,Tier5_저빈도
4522,Skin Disease,2,영문의학용어,12,Tier5_저빈도
4523,풍선소장내시경,2,해부및생리,7,Tier5_저빈도
4524,심폐체외순환법마취,2,수술및시술,9,Tier5_저빈도
4525,장기이식수술마취,2,수술및시술,8,Tier5_저빈도
4526,심장수술마취,2,수술및시술,6,Tier5_저빈도
4527,동맥관개존증,2,해부및생리,6,Tier5_저빈도
4528,복잡심기,2,의료기기,4,Tier5_저빈도
4529,가중합병전자간증,2,기타의료용어,8,Tier5_저빈도
4530,신생아감염증,2,질병및증후군,6,Tier5_저빈도
4531,급성탈수증,2,기타의료용어,5,Tier5_저빈도
4532,급성대사장애,2,질병및증후군,6,Tier5_저빈도
4533,진정진료지침,2,기타의료용어,6,Tier5_저빈도
4534,남성유방암,2,질병및증후군,5,Tier5_저빈도
4535,동공크기,2,의료기기,4,Tier5_저빈도
4536,중증인지장애평가,2,기타의료용어,8,Tier5_저빈도
4537,중증인지장애,2,질병및증후군,6,Tier5_저빈도
4538,시설기준수면평가장치,2,의료기기,10,Tier5_저빈도
4539,인력기준보건,2,의료기기,6,Tier5_저빈도
4540,시설기준수면평가,2,의료기기,8,Tier5_저빈도
4541,인력기준보건복지부장관,2,의료기기,11,Tier5_저빈도
4542,삼차원심초음파,2,기타의료용어,7,Tier5_저빈도
4543,평가심실용적,2,측정값지표,6,Tier5_저빈도
4544,일반상기,2,의료기기,4,Tier5_저빈도
4545,스트레인심근,2,기타의료용어,6,Tier5_저빈도
4546,좌심실용적,2,측정값지표,5,Tier5_저빈도
4547,신체상태분류,2,기타의료용어,6,Tier5_저빈도
4548,우심실용적,2,측정값지표,5,Tier5_저빈도
4549,심초음파심장종,2,질병및증후군,7,Tier5_저빈도
4550,단순심초음파,2,기타의료용어,6,Tier5_저빈도
4551,평가삼차원심초음파,2,기타의료용어,9,Tier5_저빈도
4552,평가좌심실국소벽운동장애,2,질병및증후군,12,Tier5_저빈도
4553,초음파시술,2,수술및시술,5,Tier5_저빈도
4554,전문상기,2,의료기기,4,Tier5_저빈도
4555,삼첨판역류,2,기타의료용어,5,Tier5_저빈도
4556,스트레인심근기,2,의료기기,7,Tier5_저빈도
4557,심초음파전체,2,기타의료용어,6,Tier5_저빈도
4558,평가저용량,2,측정값지표,5,Tier5_저빈도
4559,양측대정맥,2,해부및생리,5,Tier5_저빈도
4560,판막협착판막,2,해부및생리,6,Tier5_저빈도
4561,MRI  촬영,2,기타의료용어,7,Tier5_저빈도
4562,척수내정맥염,2,해부및생리,6,Tier5_저빈도
4563,척수내정맥,2,해부및생리,5,Tier5_저빈도
4564,정상골밀도,2,기타의료용어,5,Tier5_저빈도
4565,연골무형성증,2,해부및생리,6,Tier5_저빈도
4566,시술하기,2,의료기기,4,Tier5_저빈도
4567,아급성기,2,의료기기,4,Tier5_저빈도
4568,체외순환막형산화기,2,해부및생리,9,Tier5_저빈도
4569,체외순환막형산화용기기,2,해부및생리,11,Tier5_저빈도
4570,심장수술용체,2,기타의료용어,6,Tier5_저빈도
4571,심장수술용체외순환기,2,의료기기,10,Tier5_저빈도
4572,심장수술용체외순환,2,기타의료용어,9,Tier5_저빈도
4573,심낭재수술,2,수술및시술,5,Tier5_저빈도
4574,뇌신경질환,2,질병및증후군,5,Tier5_저빈도
4575,척추강협착증,2,질병및증후군,6,Tier5_저빈도
4576,뇌하수체호르몬,2,기타의료용어,7,Tier5_저빈도
4577,말초동맥폐쇄성질환,2,질병및증후군,9,Tier5_저빈도
4578,종괴성질환,2,질병및증후군,5,Tier5_저빈도
4579,기저심전도검사,2,의료기기,7,Tier5_저빈도
4580,심실재동기,2,의료기기,5,Tier5_저빈도
4581,이상의 CT,2,기타의료용어,6,Tier5_저빈도
4582,선행부하검사,2,해부및생리,6,Tier5_저빈도
4583,미만의 CT,2,기타의료용어,6,Tier5_저빈도
4584,손상통제수술,2,수술및시술,6,Tier5_저빈도
4585,비관상동맥,2,해부및생리,5,Tier5_저빈도
4586,심장질환수술,2,수술및시술,6,Tier5_저빈도
4587,대사성질환,2,질병및증후군,5,Tier5_저빈도
4588,쇄골절제술,2,수술및시술,5,Tier5_저빈도
4589,경추간공경막,2,해부및생리,6,Tier5_저빈도
4590,Transforaminal Epidural Injection,2,영문의학용어,33,Tier5_저빈도
4591,뇌신경말초지차단술,2,수술및시술,9,Tier5_저빈도
4592,접구개신경,2,해부및생리,5,Tier5_저빈도
4593,외톨이신경,2,해부및생리,5,Tier5_저빈도
4594,척추손상후통증,2,기타의료용어,7,Tier5_저빈도
4595,소후두신경,2,해부및생리,5,Tier5_저빈도
4596,족지신경차단술,2,수술및시술,7,Tier5_저빈도
4597,신경병증성통증,2,해부및생리,7,Tier5_저빈도
4598,척추수술실패후통증,2,기타의료용어,9,Tier5_저빈도
4599,수지신경차단술,2,수술및시술,7,Tier5_저빈도
4600,천장관절신경차단술,2,수술및시술,9,Tier5_저빈도
4601,말기암성통증,2,의료기기,6,Tier5_저빈도
4602,교감신경국소차단술,2,수술및시술,9,Tier5_저빈도
4603,천장관절신경,2,해부및생리,6,Tier5_저빈도
4604,관절연골손상,2,해부및생리,6,Tier5_저빈도
4605,일반방사선,2,해부및생리,5,Tier5_저빈도
4606,인공관절부분치환술,2,수술및시술,9,Tier5_저빈도
4607,질탈교정술,2,수술및시술,5,Tier5_저빈도
4608,Biol Blood Marrow Transplant,2,영문의학용어,28,Tier5_저빈도
4609,Marrow Transplantation,2,영문의학용어,22,Tier5_저빈도
4610,Bone Marrow Transplantation,2,영문의학용어,27,Tier5_저빈도
4611,Hematopoietic Stem Cell Transplantation,2,영문의학용어,39,Tier5_저빈도
4612,Line Treatment,2,영문의학용어,14,Tier5_저빈도
4613,항암화학방사선병,2,질병및증후군,8,Tier5_저빈도
4614,항암화학방사선병용요법,2,수술및시술,11,Tier5_저빈도
4615,National Diagnosis,2,영문의학용어,18,Tier5_저빈도
4616,Turner Syndrome Using Either Oral,2,영문의학용어,33,Tier5_저빈도
4617,저에스트로겐증,2,기타의료용어,7,Tier5_저빈도
4618,French National Diagnosis,2,영문의학용어,25,Tier5_저빈도
4619,Patients With Turner Syndrome,2,영문의학용어,29,Tier5_저빈도
4620,Girls With Turner Syndrome,2,영문의학용어,26,Tier5_저빈도
4621,Turner Syndrome,2,영문의학용어,15,Tier5_저빈도
4622,Turner Syndrome Study Group,2,영문의학용어,27,Tier5_저빈도
4623,난소기능부전,2,질병및증후군,6,Tier5_저빈도
4624,고인슐린혈증,2,기타의료용어,6,Tier5_저빈도
4625,스핀라자주의,2,기타의료용어,6,Tier5_저빈도
4626,이루어지기,2,의료기기,5,Tier5_저빈도
4627,동반진단검사,2,검사및진단,6,Tier5_저빈도
4628,띄어쓰기,2,의료기기,4,Tier5_저빈도
4629,선천출혈질환,2,질병및증후군,6,Tier5_저빈도
4630,감시하기,2,의료기기,4,Tier5_저빈도
4631,흉부대동맥류,2,해부및생리,6,Tier5_저빈도
4632,Cardiac Transplantation,2,영문의학용어,23,Tier5_저빈도
4633,Lung Transplantation,2,영문의학용어,20,Tier5_저빈도
4634,Transplant Proc,2,영문의학용어,15,Tier5_저빈도
4635,결합조직질환,2,질병및증후군,6,Tier5_저빈도
4636,자궁난관조영,2,기타의료용어,6,Tier5_저빈도
4637,교체하기,2,의료기기,4,Tier5_저빈도
4638,혈압감시기,2,의료기기,5,Tier5_저빈도
4639,응급심폐소생술,2,수술및시술,7,Tier5_저빈도
4640,심장재활평가,2,기타의료용어,6,Tier5_저빈도
4641,부하심전도장치,2,의료기기,7,Tier5_저빈도
4642,심장판막수술,2,수술및시술,6,Tier5_저빈도
4643,호흡가스분석,2,기타의료용어,6,Tier5_저빈도
4644,유전자검사정확도,2,기타의료용어,8,Tier5_저빈도
4645,참여요건,2,기타의료용어,4,Tier5_저빈도
4646,크리스비타주의,2,기타의료용어,7,Tier5_저빈도
4647,다종그룹검사,2,기타의료용어,6,Tier5_저빈도
4648,복강구획증,2,기타의료용어,5,Tier5_저빈도
4649,복강구획증후군,2,질병및증후군,7,Tier5_저빈도
4650,설정계기,2,의료기기,4,Tier5_저빈도
4651,사지골연장술,2,수술및시술,6,Tier5_저빈도
4652,관절경수기,2,해부및생리,5,Tier5_저빈도
4653,발기기능장애,2,질병및증후군,6,Tier5_저빈도
4654,정관부고환문합술,2,수술및시술,8,Tier5_저빈도
4655,비폐쇄성무정자증,2,기타의료용어,8,Tier5_저빈도
4656,치근분리술,2,수술및시술,5,Tier5_저빈도
4657,치은이식술,2,수술및시술,5,Tier5_저빈도
4658,비관혈적수술,2,수술및시술,6,Tier5_저빈도
4659,경막외카테터,2,해부및생리,6,Tier5_저빈도
4660,근막동통증,2,해부및생리,5,Tier5_저빈도
4661,근막동통증후군,2,질병및증후군,7,Tier5_저빈도
4662,교환수기,2,의료기기,4,Tier5_저빈도
4663,시술받기,2,의료기기,4,Tier5_저빈도
4664,기형정자증,2,의료기기,5,Tier5_저빈도
4665,백혈구성분채집술,2,수술및시술,8,Tier5_저빈도
4666,역전사루프매개등온증,2,기타의료용어,10,Tier5_저빈도
4667,Graft Versus Host Disease,2,영문의학용어,25,Tier5_저빈도
4668,전담인력기,2,의료기기,5,Tier5_저빈도
4669,보건의료기,2,의료기기,5,Tier5_저빈도
4670,보건의료기관,2,의료기기,6,Tier5_저빈도
4671,전담인력기준,2,의료기기,6,Tier5_저빈도
4672,체온조절기,2,의료기기,5,Tier5_저빈도
4673,말초산소포화도측정,2,기타의료용어,9,Tier5_저빈도
4674,말초산소포화도측정기,2,의료기기,10,Tier5_저빈도
4675,혈압측정기,2,의료기기,5,Tier5_저빈도
4676,호기말이산화탄소분압감시기,2,의료기기,13,Tier5_저빈도
4677,CT 등의,2,기타의료용어,5,Tier5_저빈도
4678,가정간호기,2,의료기기,5,Tier5_저빈도
4679,비정형세포,2,해부및생리,5,Tier5_저빈도
4680,뇌혈관수술,2,수술및시술,5,Tier5_저빈도
4681,조직유도재생술,2,수술및시술,7,Tier5_저빈도
4682,Besifovir,2,기타의료용어,9,Tier5_저빈도
4683,항고지혈증,2,기타의료용어,5,Tier5_저빈도
4684,외안근전이술,2,수술및시술,6,Tier5_저빈도
4685,후고정봉합술,2,수술및시술,6,Tier5_저빈도
4686,신생아지속성폐동맥고혈압,2,해부및생리,12,Tier5_저빈도
4687,선천성횡격막,2,해부및생리,6,Tier5_저빈도
4688,신생아폐동맥,2,해부및생리,6,Tier5_저빈도
4689,신생아폐동맥고혈압,2,해부및생리,9,Tier5_저빈도
4690,신생아지속성폐동맥,2,해부및생리,9,Tier5_저빈도
4691,정신병원인증,2,기타의료용어,6,Tier5_저빈도
4692,급성기병원인증,2,의료기기,7,Tier5_저빈도
4693,한방병원인증,2,기타의료용어,6,Tier5_저빈도
4694,재활의료기관인증,2,의료기기,8,Tier5_저빈도
4695,전국의료관련감염감시체,2,기타의료용어,11,Tier5_저빈도
4696,치과병원인증,2,기타의료용어,6,Tier5_저빈도
4697,전국의료관련감염감시체계,2,기타의료용어,12,Tier5_저빈도
4698,Gastroesophageal Reflux Disease Alginate,2,영문의학용어,40,Tier5_저빈도
4699,성인성장호르몬결핍증,2,질병및증후군,10,Tier5_저빈도
4700,소아만성신부전,2,질병및증후군,7,Tier5_저빈도
4701,성인성장호르몬,2,기타의료용어,7,Tier5_저빈도
4702,근골격계질환,2,질병및증후군,6,Tier5_저빈도
4703,중심정맥도관,2,해부및생리,6,Tier5_저빈도
4704,사슬알균감염,2,기타의료용어,6,Tier5_저빈도
4705,Interventional Cardiac Catheterization Handbook,2,영문의학용어,47,Tier5_저빈도
4706,이형협심증,2,기타의료용어,5,Tier5_저빈도
4707,Intravascular Imaging,2,영문의학용어,21,Tier5_저빈도
4708,Dravet Syndrome,2,영문의학용어,15,Tier5_저빈도
4709,정맥폐쇄병,2,질병및증후군,5,Tier5_저빈도
4710,프로피온산혈증,2,기타의료용어,7,Tier5_저빈도
4711,메틸말론산혈증,2,기타의료용어,7,Tier5_저빈도
4712,Ketoconazole,2,생물학적제제,12,Tier5_저빈도
4713,졸겐스마주의,2,기타의료용어,6,Tier5_저빈도
4714,Clinical Procedures,2,영문의학용어,19,Tier5_저빈도
4715,동맥혈관질환,2,질병및증후군,6,Tier5_저빈도
4716,연속혈당측정기,2,의료기기,7,Tier5_저빈도
4717,결장전절제술,2,수술및시술,6,Tier5_저빈도
4718,광범위자궁적출술,2,수술및시술,8,Tier5_저빈도
4719,회장낭항문문합술,2,수술및시술,8,Tier5_저빈도
4720,하트만씨수술복원술,2,수술및시술,9,Tier5_저빈도
4721,구역절제술,2,수술및시술,5,Tier5_저빈도
4722,항암방사선,2,해부및생리,5,Tier5_저빈도
4723,음부콘딜로마치료법,2,수술및시술,9,Tier5_저빈도
4724,경과하기,2,의료기기,4,Tier5_저빈도
4725,상담받기,2,의료기기,4,Tier5_저빈도
4726,약물주입술,2,수술및시술,5,Tier5_저빈도
4727,편평태선,2,해부및생리,4,Tier5_저빈도
4728,폴리트로핀,2,기타의료용어,5,Tier5_저빈도
4729,피부전구암,2,질병및증후군,5,Tier5_저빈도
4730,대동맥판막협착증,2,질병및증후군,8,Tier5_저빈도
4731,MRI 판독지,2,기타의료용어,7,Tier5_저빈도
4732,확인되기,2,의료기기,4,Tier5_저빈도
4733,하지불안증,2,기타의료용어,5,Tier5_저빈도
4734,국제전립선증상점수,2,해부및생리,9,Tier5_저빈도
4735,국제전립선증,2,해부및생리,6,Tier5_저빈도
4736,국제전립선,2,해부및생리,5,Tier5_저빈도
4737,Stage Chronic Obstructive Pulmonary Disease,2,영문의학용어,43,Tier5_저빈도
4738,MRI 장비로,2,기타의료용어,7,Tier5_저빈도
4739,미만의 MRI,2,기타의료용어,7,Tier5_저빈도
4740,임상진단지표,2,기타의료용어,6,Tier5_저빈도
4741,Implantable Loop Recorder,2,영문의학용어,25,Tier5_저빈도
4742,국립연명의료관리기관,2,의료기기,10,Tier5_저빈도
4743,국립연명의료관리기,2,의료기기,9,Tier5_저빈도
4744,인공신장기,2,의료기기,5,Tier5_저빈도
4745,신규지정기,2,의료기기,5,Tier5_저빈도
4746,신규지정기관,2,의료기기,6,Tier5_저빈도
4747,교육기관,2,의료기기,4,Tier5_저빈도
4748,가요관스텐트,2,의료기기,6,Tier5_저빈도
4749,중심정맥내카테터유치술,2,수술및시술,11,Tier5_저빈도
4750,방사선하상부소화관협착확장술,2,수술및시술,14,Tier5_저빈도
4751,비터널식카테터,2,의료기기,7,Tier5_저빈도
4752,가요관스텐트설치술,2,수술및시술,9,Tier5_저빈도
4753,방사선하상부소화관,2,해부및생리,9,Tier5_저빈도
4754,나요관스텐트설치술,2,수술및시술,9,Tier5_저빈도
4755,나요관스텐트,2,의료기기,6,Tier5_저빈도
4756,급성중이염,2,기타의료용어,5,Tier5_저빈도
4757,급성바깥귀길염,2,기타의료용어,7,Tier5_저빈도
4758,혈류개선,2,해부및생리,4,Tier5_저빈도
4759,갑상선중독증,2,해부및생리,6,Tier5_저빈도
4760,경경정맥간내문맥정맥,2,해부및생리,10,Tier5_저빈도
4761,경경정맥간내문맥정맥단락술,2,수술및시술,13,Tier5_저빈도
4762,폐쇄혈관,2,해부및생리,4,Tier5_저빈도
4763,유리복합조직,2,해부및생리,6,Tier5_저빈도
4764,유리복합조직이식술,2,수술및시술,9,Tier5_저빈도
4765,Lanreotide,2,기타의료용어,10,Tier5_저빈도
4766,약물주입속도,2,측정값지표,6,Tier5_저빈도
4767,고요산혈증,2,기타의료용어,5,Tier5_저빈도
4768,고뇨산혈증,2,기타의료용어,5,Tier5_저빈도
4769,관동맥우회로술,2,수술및시술,7,Tier5_저빈도
4770,경구내시경근절개술,2,수술및시술,9,Tier5_저빈도
4771,식도근절개술,2,수술및시술,6,Tier5_저빈도
4772,위바닥주름술,2,수술및시술,6,Tier5_저빈도
4773,식도운동질환,2,질병및증후군,6,Tier5_저빈도
4774,식도임피던스내압검사,2,기타의료용어,10,Tier5_저빈도
4775,급성기감염,2,의료기기,5,Tier5_저빈도
4776,말초중심정맥,2,해부및생리,6,Tier5_저빈도
4777,사업자등록증,2,기타의료용어,6,Tier5_저빈도
4778,청각유발전위검사,2,기타의료용어,8,Tier5_저빈도
4779,염기서열분석기,2,의료기기,7,Tier5_저빈도
4780,Other Bleeding Disorders,2,영문의학용어,24,Tier5_저빈도
4781,장기지속형주사제,2,의료기기,8,Tier5_저빈도
4782,보조물지지,2,기타의료용어,5,Tier5_저빈도
4783,전교통동맥,2,해부및생리,5,Tier5_저빈도
4784,폐동맥판협착증수술,2,수술및시술,9,Tier5_저빈도
4785,전신홍반성루,2,기타의료용어,6,Tier5_저빈도
4786,Rare Disorders,2,영문의학용어,14,Tier5_저빈도
4787,말초신경자극술,2,수술및시술,7,Tier5_저빈도
4788,이식설치술,2,수술및시술,5,Tier5_저빈도
4789,하대정맥여과기,2,해부및생리,7,Tier5_저빈도
4790,비정형바이러스감염,2,기타의료용어,9,Tier5_저빈도
4791,근신경장애,2,질병및증후군,5,Tier5_저빈도
4792,Sinus Surgery,2,영문의학용어,13,Tier5_저빈도
4793,비내누낭비강문합술,2,수술및시술,9,Tier5_저빈도
4794,비내누낭,2,기타의료용어,4,Tier5_저빈도
4795,임상적단독증후군,2,질병및증후군,8,Tier5_저빈도
4796,MRI 소견이,2,기타의료용어,7,Tier5_저빈도
4797,임상적단독증,2,기타의료용어,6,Tier5_저빈도
4798,수혈증후군,2,질병및증후군,5,Tier5_저빈도
4799,자궁경부무력증,2,기타의료용어,7,Tier5_저빈도
4800,비뇨생식기,2,의료기기,5,Tier5_저빈도
4801,다발성신경,2,해부및생리,5,Tier5_저빈도
4802,뇌혈관기형수술,2,수술및시술,7,Tier5_저빈도
4803,이외 CT,2,기타의료용어,5,Tier5_저빈도
4804,CT 무탐침정위기법,2,의료기기,10,Tier5_저빈도
4805,뇌혈관기,2,해부및생리,4,Tier5_저빈도
4806,Small Vessel Disease,2,영문의학용어,20,Tier5_저빈도
4807,건강보험규정,2,기타의료용어,6,Tier5_저빈도
4808,단장증후군,2,질병및증후군,5,Tier5_저빈도
4809,전립선적출술,2,수술및시술,6,Tier5_저빈도
4810,복부복막절제술,2,수술및시술,7,Tier5_저빈도
4811,복부복막,2,해부및생리,4,Tier5_저빈도
4812,Intra Operative Radiation Therapy,2,영문의학용어,33,Tier5_저빈도
4813,요관구절개술,2,수술및시술,6,Tier5_저빈도
4814,연성신요관,2,기타의료용어,5,Tier5_저빈도
4815,검사세부항목,2,기타의료용어,6,Tier5_저빈도
4816,정량관상동맥,2,해부및생리,6,Tier5_저빈도
4817,정량관상동맥조영술,2,수술및시술,9,Tier5_저빈도
4818,정량관상동맥조영,2,해부및생리,8,Tier5_저빈도
4819,리도카인주의,2,기타의료용어,6,Tier5_저빈도
4820,파종혈관내응고증,2,해부및생리,8,Tier5_저빈도
4821,동정맥혈액투석,2,수술및시술,7,Tier5_저빈도
4822,파종혈관,2,해부및생리,4,Tier5_저빈도
4823,하부소화관,2,기타의료용어,5,Tier5_저빈도
4824,확인하시기,2,의료기기,5,Tier5_저빈도
4825,국제예후점수체계,2,기타의료용어,8,Tier5_저빈도
4826,국제예후점수,2,기타의료용어,6,Tier5_저빈도
4827,국제예후점수체,2,기타의료용어,7,Tier5_저빈도
4828,전신성홍반성낭,2,기타의료용어,7,Tier5_저빈도
4829,세부적응증,2,기타의료용어,5,Tier5_저빈도
4830,후방십자인대,2,해부및생리,6,Tier5_저빈도
4831,The Diagnosis,2,영문의학용어,13,Tier5_저빈도
4832,관상동맥류,2,해부및생리,5,Tier5_저빈도
4833,고암모니아혈증,2,기타의료용어,7,Tier5_저빈도
4834,기저세포암,2,질병및증후군,5,Tier5_저빈도
4835,단순근관,2,기타의료용어,4,Tier5_저빈도
4836,염증성장질환,2,질병및증후군,6,Tier5_저빈도
4837,강직척추염,2,기타의료용어,5,Tier5_저빈도
4838,척추관절병증,2,질병및증후군,6,Tier5_저빈도
4839,원추각막,2,해부및생리,4,Tier5_저빈도
4840,예비절개술,2,수술및시술,5,Tier5_저빈도
4841,원시성신경,2,해부및생리,5,Tier5_저빈도
4842,신경모세포,2,해부및생리,5,Tier5_저빈도
4843,수모세포종,2,질병및증후군,5,Tier5_저빈도
4844,비정형기,2,의료기기,4,Tier5_저빈도
4845,원시성신경외배엽종,2,질병및증후군,9,Tier5_저빈도
4846,신경모세포종,2,질병및증후군,6,Tier5_저빈도
4847,월경과다증,2,질병및증후군,5,Tier5_저빈도
4848,시계그리기,2,의료기기,5,Tier5_저빈도
4849,지속불능증,2,기타의료용어,5,Tier5_저빈도
4850,손가락이름대기,2,의료기기,7,Tier5_저빈도
4851,기호잇기검사,2,의료기기,6,Tier5_저빈도
4852,손가락이름대기검사,2,의료기기,9,Tier5_저빈도
4853,기호잇기,2,의료기기,4,Tier5_저빈도
4854,신체부위가리키기,2,의료기기,8,Tier5_저빈도
4855,따라말하기,2,의료기기,5,Tier5_저빈도
4856,시공간능력검사,2,기타의료용어,7,Tier5_저빈도
4857,숫자외우기,2,의료기기,5,Tier5_저빈도
4858,공간기억력검사,2,의료기기,7,Tier5_저빈도
4859,신체부위가리키기검사,2,의료기기,10,Tier5_저빈도
4860,기호바꾸기검사,2,의료기기,7,Tier5_저빈도
4861,기호바꾸기,2,의료기기,5,Tier5_저빈도
4862,신이식수술,2,수술및시술,5,Tier5_저빈도
4863,양성전립선비대증,2,해부및생리,8,Tier5_저빈도
4864,양성전립선,2,해부및생리,5,Tier5_저빈도
4865,중증급성췌장염,2,기타의료용어,7,Tier5_저빈도
4866,고위험수술,2,수술및시술,5,Tier5_저빈도
4867,혈소판증가증,2,기타의료용어,6,Tier5_저빈도
4868,혈소판수치,2,측정값지표,5,Tier5_저빈도
4869,갑상선안병증,2,질병및증후군,6,Tier5_저빈도
4870,악성외이도염,2,기타의료용어,6,Tier5_저빈도
4871,림프관기,2,의료기기,4,Tier5_저빈도
4872,달팽이신경,2,해부및생리,5,Tier5_저빈도
4873,안와정맥류,2,해부및생리,5,Tier5_저빈도
4874,안와연조직,2,해부및생리,5,Tier5_저빈도
4875,시신경병증,2,질병및증후군,5,Tier5_저빈도
4876,심경부감염,2,기타의료용어,5,Tier5_저빈도
4877,비지방억제기,2,의료기기,6,Tier5_저빈도
4878,안와연조직염,2,해부및생리,6,Tier5_저빈도
4879,구개수인두부전,2,질병및증후군,7,Tier5_저빈도
4880,특발안와염,2,기타의료용어,5,Tier5_저빈도
4881,췌장낭성종,2,질병및증후군,5,Tier5_저빈도
4882,복부장기,2,의료기기,4,Tier5_저빈도
4883,MRI 장비에서,2,기타의료용어,8,Tier5_저빈도
4884,급성췌장염,2,기타의료용어,5,Tier5_저빈도
4885,측부혈관,2,해부및생리,4,Tier5_저빈도
4886,내시경시술,2,수술및시술,5,Tier5_저빈도
4887,임상병기,2,의료기기,4,Tier5_저빈도
4888,이상의 MRI,2,기타의료용어,7,Tier5_저빈도
4889,인력신고단계,2,기타의료용어,6,Tier5_저빈도
4890,폐업기관,2,의료기기,4,Tier5_저빈도
4891,산정대상기,2,의료기기,5,Tier5_저빈도
4892,Organ Transplantation Pathophysiology,2,영문의학용어,37,Tier5_저빈도
4893,Organ Transplantation,2,영문의학용어,21,Tier5_저빈도
4894,Transplant Recipients,2,영문의학용어,21,Tier5_저빈도
4895,시행되기,2,의료기기,4,Tier5_저빈도
4896,Movement Disorders,2,영문의학용어,18,Tier5_저빈도
4897,Neurologic Disorders,2,영문의학용어,20,Tier5_저빈도
4898,신세뇨관,2,기타의료용어,4,Tier5_저빈도
4899,Compelx Regional Pain Syndrome,2,영문의학용어,30,Tier5_저빈도
4900,소화기질환,2,질병및증후군,5,Tier5_저빈도
4901,내시경하쇄석술,2,수술및시술,7,Tier5_저빈도
4902,경련성질환,2,질병및증후군,5,Tier5_저빈도
4903,간호사비율,2,측정값지표,5,Tier5_저빈도
4904,통증자가조절장치,2,의료기기,8,Tier5_저빈도
4905,호모시스틴뇨증,2,기타의료용어,7,Tier5_저빈도
4906,골흡수표지자검사,2,기타의료용어,8,Tier5_저빈도
4907,골대사효소,2,기타의료용어,5,Tier5_저빈도
4908,골표지자검사,2,기타의료용어,6,Tier5_저빈도
4909,골형성표지자검사,2,기타의료용어,8,Tier5_저빈도
4910,가이드카테터,2,의료기기,6,Tier5_저빈도
4911,준비하기,2,의료기기,4,Tier5_저빈도
4912,목욕하기,2,의료기기,4,Tier5_저빈도
4913,돌아눕기,2,의료기기,4,Tier5_저빈도
4914,가글하기,2,의료기기,4,Tier5_저빈도
4915,엎드리기,2,의료기기,4,Tier5_저빈도
4916,세수하기,2,의료기기,4,Tier5_저빈도
4917,실내변기,2,의료기기,4,Tier5_저빈도
4918,비누칠하기,2,의료기기,5,Tier5_저빈도
4919,칫솔질하기,2,의료기기,5,Tier5_저빈도
4920,양치질하기,2,의료기기,5,Tier5_저빈도
4921,말초신경병증,2,질병및증후군,6,Tier5_저빈도
4922,Peripheral Vascular Disease,2,영문의학용어,27,Tier5_저빈도
4923,말초정맥질환,2,질병및증후군,6,Tier5_저빈도
4924,동맥관류부전,2,질병및증후군,6,Tier5_저빈도
4925,입원하기,2,의료기기,4,Tier5_저빈도
4926,정맥영양요법,2,수술및시술,6,Tier5_저빈도
4927,소화기장애,2,질병및증후군,5,Tier5_저빈도
4928,장세척기,2,의료기기,4,Tier5_저빈도
4929,위소매절제술,2,수술및시술,6,Tier5_저빈도
4930,수술합병증,2,질병및증후군,5,Tier5_저빈도
4931,대혈관기,2,해부및생리,4,Tier5_저빈도
4932,내분비샘암,2,질병및증후군,5,Tier5_저빈도
4933,Internal Disease,2,영문의학용어,16,Tier5_저빈도
4934,Streptomycin,2,생물학적제제,12,Tier5_저빈도
4935,Infectious Disease,2,영문의학용어,18,Tier5_저빈도
4936,Endovascular Surgery,2,영문의학용어,20,Tier5_저빈도
4937,급성복막,2,해부및생리,4,Tier5_저빈도
4938,급성복막투석,2,수술및시술,6,Tier5_저빈도
4939,양극성장애,2,질병및증후군,5,Tier5_저빈도
4940,피부섬유모세포,2,해부및생리,7,Tier5_저빈도
4941,참고하여주시기,2,의료기기,7,Tier5_저빈도
4942,극희귀질환,2,질병및증후군,5,Tier5_저빈도
4943,병상일반병,2,질병및증후군,5,Tier5_저빈도
4944,재현하기,2,의료기기,4,Tier5_저빈도
4945,혈액화학검사,2,기타의료용어,6,Tier5_저빈도
4946,좌심실조영촬영,2,기타의료용어,7,Tier5_저빈도
4947,삽입수기,2,의료기기,4,Tier5_저빈도
4948,촬영하기,2,의료기기,4,Tier5_저빈도
4949,편도전적출술,2,수술및시술,6,Tier5_저빈도
4950,일부소파술,2,수술및시술,5,Tier5_저빈도
4951,방광적출술,2,수술및시술,5,Tier5_저빈도
4952,부하심전도검사,2,기타의료용어,7,Tier5_저빈도
4953,알파엔아세틸글루,2,기타의료용어,8,Tier5_저빈도
4954,엔아세틸글루,2,기타의료용어,6,Tier5_저빈도
4955,사체피부이식술,2,수술및시술,7,Tier5_저빈도
4956,하악과두절제술,2,수술및시술,7,Tier5_저빈도
4957,외장골정맥,2,해부및생리,5,Tier5_저빈도
4958,총장골정맥,2,해부및생리,5,Tier5_저빈도
4959,만성혈관,2,해부및생리,4,Tier5_저빈도
4960,장기이식혈관,2,해부및생리,6,Tier5_저빈도
4961,구획증후군,2,질병및증후군,5,Tier5_저빈도
4962,을 중분류명으로 개,2,기타의료용어,10,Tier5_저빈도
4963,악관절치환술,2,수술및시술,6,Tier5_저빈도
4964,뇌양전자단층촬영,2,기타의료용어,8,Tier5_저빈도
4965,처방전교부번호,2,기타의료용어,7,Tier5_저빈도
4966,골형성부전증,2,기타의료용어,6,Tier5_저빈도
4967,골형성부전,2,질병및증후군,5,Tier5_저빈도
4968,관상동맥수술,2,수술및시술,6,Tier5_저빈도
4969,급성심부전증,2,기타의료용어,6,Tier5_저빈도
4970,Thermodilution Catheter,2,영문의학용어,23,Tier5_저빈도
4971,알아보기,2,의료기기,4,Tier5_저빈도
4972,아이비글로불린주의,2,기타의료용어,9,Tier5_저빈도
4973,Skin Graft Donor,2,영문의학용어,16,Tier5_저빈도
4974,자격요건,2,기타의료용어,4,Tier5_저빈도
4975,비혈관성조영촬영,2,해부및생리,8,Tier5_저빈도
4976,십이지장염,2,기타의료용어,5,Tier5_저빈도
4977,증명되기,2,의료기기,4,Tier5_저빈도
4978,객담도말검사,2,기타의료용어,6,Tier5_저빈도
4979,와우이식술,2,수술및시술,5,Tier5_저빈도
4980,미생물다종검사,2,기타의료용어,7,Tier5_저빈도
4981,미생물다종,2,질병및증후군,5,Tier5_저빈도
4982,역전사중합효소,2,기타의료용어,7,Tier5_저빈도
4983,비급여대상검사,2,기타의료용어,7,Tier5_저빈도
4984,표면항원검사,2,기타의료용어,6,Tier5_저빈도
4985,매독반응검사,2,기타의료용어,6,Tier5_저빈도
4986,상고정장치,2,의료기기,5,Tier5_저빈도
4987,상고정장치술,2,수술및시술,6,Tier5_저빈도
4988,악간고정술,2,수술및시술,5,Tier5_저빈도
4989,Peptic Ulcer Disease,2,영문의학용어,20,Tier5_저빈도
4990,의인성위궤양,2,기타의료용어,6,Tier5_저빈도
4991,Endoscopic Therapy,2,영문의학용어,18,Tier5_저빈도
4992,Bleeding Peptic Ulcer Disease,2,영문의학용어,29,Tier5_저빈도
4993,갱년기장애,2,질병및증후군,5,Tier5_저빈도
4994,심장수술항목,2,기타의료용어,6,Tier5_저빈도
4995,응고기능검사,2,의료기기,6,Tier5_저빈도
4996,Other Movement Disorders,2,영문의학용어,24,Tier5_저빈도
4997,Other Primary Headaches Disorders,2,영문의학용어,33,Tier5_저빈도
4998,약물사용량,2,측정값지표,5,Tier5_저빈도
4999,세침흡인검체,2,기타의료용어,6,Tier5_저빈도
5000,다중역전사중합효소,2,기타의료용어,9,Tier5_저빈도
5001,하부요로감염,2,기타의료용어,6,Tier5_저빈도
5002,림프절제술,2,수술및시술,5,Tier5_저빈도
5003,뇌종양수술,2,수술및시술,5,Tier5_저빈도
5004,응고억제인자선별검사,2,해부및생리,10,Tier5_저빈도
5005,응고억제인자선,2,해부및생리,7,Tier5_저빈도
5006,해부병리검사,2,기타의료용어,6,Tier5_저빈도
5007,병리자문진단,2,기타의료용어,6,Tier5_저빈도
5008,국가진단의학표준검사,2,검사및진단,10,Tier5_저빈도
5009,항균제최소억제농도검사,2,기타의료용어,11,Tier5_저빈도
5010,라텍스응집검사,2,기타의료용어,7,Tier5_저빈도
5011,골조직병리검사,2,해부및생리,7,Tier5_저빈도
5012,호르몬수용체검사,2,해부및생리,8,Tier5_저빈도
5013,유기용제검사,2,의료기기,6,Tier5_저빈도
5014,베체트장염,2,기타의료용어,5,Tier5_저빈도
5015,인플루엔자관리지침,2,기타의료용어,9,Tier5_저빈도
5016,인플루엔자관,2,기타의료용어,6,Tier5_저빈도
5017,조류인플루,2,기타의료용어,5,Tier5_저빈도
5018,인플루엔자주의,2,기타의료용어,7,Tier5_저빈도
5019,경우조류인플루엔자주의,2,기타의료용어,11,Tier5_저빈도
5020,경우조류인플루,2,기타의료용어,7,Tier5_저빈도
5021,Polycystic Ovary Syndrome Using Newly,2,영문의학용어,37,Tier5_저빈도
5022,동일의료기관,2,의료기기,6,Tier5_저빈도
5023,동일의료기,2,의료기기,5,Tier5_저빈도
5024,소아신경모세포종,2,질병및증후군,8,Tier5_저빈도
5025,소아신경모세포,2,해부및생리,7,Tier5_저빈도
5026,원발불명암,2,질병및증후군,5,Tier5_저빈도
5027,관절치환술,2,수술및시술,5,Tier5_저빈도
5028,경추신경근병증,2,질병및증후군,7,Tier5_저빈도
5029,좌골신경병증,2,질병및증후군,6,Tier5_저빈도
5030,건조각막결막,2,해부및생리,6,Tier5_저빈도
5031,표층각막염,2,해부및생리,5,Tier5_저빈도
5032,표층각막,2,해부및생리,4,Tier5_저빈도
5033,건조각막결막염,2,해부및생리,7,Tier5_저빈도
5034,변경하기,2,의료기기,4,Tier5_저빈도
5035,교육이수증,2,기타의료용어,5,Tier5_저빈도
5036,수탁검사기관,2,의료기기,6,Tier5_저빈도
5037,수탁검사기,2,의료기기,5,Tier5_저빈도
5038,요도내압측정,2,기타의료용어,6,Tier5_저빈도
5039,장기등기,2,의료기기,4,Tier5_저빈도
5040,장기등기증,2,의료기기,5,Tier5_저빈도
5041,연장하기,2,의료기기,4,Tier5_저빈도
5042,안근기능정밀검사,2,의료기기,8,Tier5_저빈도
5043,안구운동장애,2,질병및증후군,6,Tier5_저빈도
5044,Liver Transplantation,2,영문의학용어,21,Tier5_저빈도
5045,단백분해효소,2,기타의료용어,6,Tier5_저빈도
5046,단순요로감염,2,기타의료용어,6,Tier5_저빈도
5047,Respiratory Disease,2,영문의학용어,19,Tier5_저빈도
5048,알쯔하이머병,2,질병및증후군,6,Tier5_저빈도
5049,중심정맥측정,2,해부및생리,6,Tier5_저빈도
5050,Pigtail Catheter,2,영문의학용어,16,Tier5_저빈도
5051,골반장기탈출증,2,의료기기,7,Tier5_저빈도
5052,경정맥체내용심박기,2,해부및생리,9,Tier5_저빈도
5053,경정맥체내용심박기거치술,2,수술및시술,12,Tier5_저빈도
5054,내시경하담석제거술,2,수술및시술,9,Tier5_저빈도
5055,경피적담석제거술,2,수술및시술,8,Tier5_저빈도
5056,Rheumatic Disease,2,영문의학용어,17,Tier5_저빈도
5057,신경아세포종,2,질병및증후군,6,Tier5_저빈도
5058,신경아세포,2,해부및생리,5,Tier5_저빈도
5059,에스상절제술,2,수술및시술,6,Tier5_저빈도
5060,압축문합기,2,의료기기,5,Tier5_저빈도
5061,적정크기,2,의료기기,4,Tier5_저빈도
5062,뇌경색후유증,2,기타의료용어,6,Tier5_저빈도
5063,응급의료체,2,기타의료용어,5,Tier5_저빈도
5064,응급의료체계,2,기타의료용어,6,Tier5_저빈도
5065,않는 CT,2,기타의료용어,5,Tier5_저빈도
5066,정맥신우조영술,2,수술및시술,7,Tier5_저빈도
5067,CT 등으로,2,기타의료용어,6,Tier5_저빈도
5068,정맥신우조영,2,해부및생리,6,Tier5_저빈도
5069,재평가기,2,의료기기,4,Tier5_저빈도
5070,경조직질환,2,질병및증후군,5,Tier5_저빈도
5071,치관크기,2,의료기기,4,Tier5_저빈도
5072,Berman  Angiographic Catheter,2,영문의학용어,29,Tier5_저빈도
5073,심장조영촬영,2,기타의료용어,6,Tier5_저빈도
5074,경접형동수술,2,수술및시술,6,Tier5_저빈도
5075,흡인하기,2,의료기기,4,Tier5_저빈도
5076,편도절제술,2,수술및시술,5,Tier5_저빈도
5077,수정체수술,2,수술및시술,5,Tier5_저빈도
5078,체부정위적방사선수술,2,수술및시술,10,Tier5_저빈도
5079,척추전이암,2,질병및증후군,5,Tier5_저빈도
5080,유방부분절제술,2,수술및시술,7,Tier5_저빈도
5081,생체부분간이식수술,2,수술및시술,9,Tier5_저빈도
5082,면역화학측정,2,검사및진단,6,Tier5_저빈도
5083,조혈기관,2,의료기기,4,Tier5_저빈도
5084,구제항암화학요법,2,수술및시술,8,Tier5_저빈도
5085,심실중격결손증수술,2,수술및시술,9,Tier5_저빈도
5086,심실중격결손증,2,기타의료용어,7,Tier5_저빈도
5087,양방요양기관,2,의료기기,6,Tier5_저빈도
5088,양방요양기,2,의료기기,5,Tier5_저빈도
5089,잔여간기,2,의료기기,4,Tier5_저빈도
5090,잔여간기능검사,2,의료기기,7,Tier5_저빈도
5091,말초순환장애,2,질병및증후군,6,Tier5_저빈도
5092,일본소화기,2,의료기기,5,Tier5_저빈도
5093,고트리글리세라이드혈증,2,기타의료용어,11,Tier5_저빈도
5094,기타장기,2,의료기기,4,Tier5_저빈도
5095,감염성질환,2,질병및증후군,5,Tier5_저빈도
5096,부신백질이영양증,2,기타의료용어,8,Tier5_저빈도
5097,하기도질환,2,질병및증후군,5,Tier5_저빈도
5098,만성호흡기질환,2,질병및증후군,7,Tier5_저빈도
5099,만성호흡기,2,의료기기,5,Tier5_저빈도
5100,관상동맥부전,2,질병및증후군,6,Tier5_저빈도
5101,고인산혈증,2,기타의료용어,5,Tier5_저빈도
5102,경우혈액검사,2,기타의료용어,6,Tier5_저빈도
5103,시작시기,2,의료기기,4,Tier5_저빈도
5104,자율신경계이상검사,2,해부및생리,9,Tier5_저빈도
5105,백혈구감소증,2,기타의료용어,6,Tier5_저빈도
5106,내분비췌장종,2,질병및증후군,6,Tier5_저빈도
5107,물리치료청구건,2,기타의료용어,7,Tier5_저빈도
5108,척추경막,2,해부및생리,4,Tier5_저빈도
5109,의료기사등에관,2,의료기기,7,Tier5_저빈도
5110,의약품등분류번호에관한규정,2,기타의료용어,13,Tier5_저빈도
5111,의약품등분류번호에관,2,기타의료용어,10,Tier5_저빈도
5112,포도막염증,2,질병및증후군,5,Tier5_저빈도
5113,항산균배양및동정검사,2,기타의료용어,10,Tier5_저빈도
5114,순음청력계기,2,의료기기,6,Tier5_저빈도
5115,림프관종수술,2,수술및시술,6,Tier5_저빈도
5116,가사신생아소생술,2,수술및시술,8,Tier5_저빈도
5117,자궁내막소작박리술,2,수술및시술,9,Tier5_저빈도
5118,자동복막,2,해부및생리,4,Tier5_저빈도
5119,자동복막투석,2,수술및시술,6,Tier5_저빈도
5120,심박기교환술,2,수술및시술,6,Tier5_저빈도
5121,영구자극기,2,의료기기,5,Tier5_저빈도
5122,Epidural Catheter,2,영문의학용어,17,Tier5_저빈도
5123,급여비용심사기,2,의료기기,7,Tier5_저빈도
5124,급여비용심사기관,2,의료기기,8,Tier5_저빈도
5125,중풍전조증,2,기타의료용어,5,Tier5_저빈도
5126,날문연축증,2,기타의료용어,5,Tier5_저빈도
5127,사구체장애,2,질병및증후군,5,Tier5_저빈도
5128,호흡기장애,2,질병및증후군,5,Tier5_저빈도
5129,급성기관염,2,의료기기,5,Tier5_저빈도
5130,엉덩관절증,2,해부및생리,5,Tier5_저빈도
5131,유방양성종양절제술,2,수술및시술,9,Tier5_저빈도
5132,호흡기감염,2,의료기기,5,Tier5_저빈도
5133,뇌혈관색전술,2,수술및시술,6,Tier5_저빈도
5134,심의의뢰절차,2,기타의료용어,6,Tier5_저빈도
5135,소아복잡심장수술,2,수술및시술,8,Tier5_저빈도
5136,공동이용기관,2,의료기기,6,Tier5_저빈도
5137,유전자질환,2,질병및증후군,5,Tier5_저빈도
5138,환자에게 CT,2,기타의료용어,7,Tier5_저빈도
5139,연쇄반응법검사,2,기타의료용어,7,Tier5_저빈도
5140,써던교잡반응법검사,2,기타의료용어,9,Tier5_저빈도
5141,비언어적지능검사,2,기타의료용어,8,Tier5_저빈도
5142,고위인지기능검사,2,의료기기,8,Tier5_저빈도
5143,고위인지기,2,의료기기,5,Tier5_저빈도
5144,레이븐매트릭스검사,2,기타의료용어,9,Tier5_저빈도
5145,지방산분획분석,2,기타의료용어,7,Tier5_저빈도
5146,삼차신경절파괴술,2,수술및시술,8,Tier5_저빈도
5147,치핵근치수술,2,수술및시술,6,Tier5_저빈도
5148,측방절개술,2,수술및시술,5,Tier5_저빈도
5149,견관절낭,2,해부및생리,4,Tier5_저빈도
5150,갱그리온적출술,2,수술및시술,7,Tier5_저빈도
5151,누관절개술,2,수술및시술,5,Tier5_저빈도
5152,억제하기,2,의료기기,4,Tier5_저빈도
5153,미로절제술,2,수술및시술,5,Tier5_저빈도
5154,반안면왜소증,2,기타의료용어,6,Tier5_저빈도
5155,사람유래피부각질세포,2,해부및생리,10,Tier5_저빈도
5156,이중관기관내튜브,2,의료기기,8,Tier5_저빈도
5157,요양급여장비의적정기준,2,의료기기,11,Tier5_저빈도
5158,요양급여장비의적정기,2,의료기기,10,Tier5_저빈도
5159,일상생활동작검사,2,기타의료용어,8,Tier5_저빈도
5160,기초대사측정,2,의료기기,6,Tier5_저빈도
5161,부비동질환,2,질병및증후군,5,Tier5_저빈도
5162,동정맥문합술,2,수술및시술,6,Tier5_저빈도
5163,자가근막,2,해부및생리,4,Tier5_저빈도
5164,만성중이염,2,기타의료용어,5,Tier5_저빈도
5165,상피내암종,2,질병및증후군,5,Tier5_저빈도
5166,정관복원수술,2,수술및시술,6,Tier5_저빈도
5167,퇴행성추간판,2,기타의료용어,6,Tier5_저빈도
5168,퇴행성추간판질환,2,질병및증후군,8,Tier5_저빈도
5169,아메바성질환,2,질병및증후군,6,Tier5_저빈도
5170,추간판내고주파열치료술,2,수술및시술,11,Tier5_저빈도
5171,추간판내고주파열치료,2,기타의료용어,10,Tier5_저빈도
5172,대뇌혈관질환,2,질병및증후군,6,Tier5_저빈도
5173,알레르겐피부반응검사,2,기타의료용어,10,Tier5_저빈도
5174,사골동횡문근육,2,해부및생리,7,Tier5_저빈도
5175,사골동횡문근육종,2,질병및증후군,8,Tier5_저빈도
5176,가족보건,2,기타의료용어,4,Tier5_저빈도
5177,분석하기,2,의료기기,4,Tier5_저빈도
5178,분석기기,2,의료기기,4,Tier5_저빈도
5179,피부전기,2,의료기기,4,Tier5_저빈도
5180,효소면역검사,2,검사및진단,6,Tier5_저빈도
5181,MRI 촬영에서,2,기타의료용어,8,Tier5_저빈도
5182,눈물배출기능검사,2,의료기기,8,Tier5_저빈도
5183,개별화단층촬영,2,기타의료용어,7,Tier5_저빈도
5184,혈관내죽종제거술,2,수술및시술,8,Tier5_저빈도
5185,혈관내죽종,2,질병및증후군,5,Tier5_저빈도
5186,악관절원반성형술,2,수술및시술,8,Tier5_저빈도
5187,장애인기,2,의료기기,4,Tier5_저빈도
5188,일반격리병,2,질병및증후군,5,Tier5_저빈도
5189,심사사후관,2,기타의료용어,5,Tier5_저빈도
5190,재유행기,2,의료기기,4,Tier5_저빈도
5191,관리의료기,2,의료기기,5,Tier5_저빈도
5192,관리의료기관,2,의료기기,6,Tier5_저빈도
5193,종료시기,2,의료기기,4,Tier5_저빈도
5194,인공심박기,2,의료기기,5,Tier5_저빈도
5195,비급여목록표및급여상대가치점수,2,기타의료용어,15,Tier5_저빈도
5196,환자유형코드,2,기타의료용어,6,Tier5_저빈도
5197,통보기관,2,의료기기,4,Tier5_저빈도
5198,이동형음압기,2,의료기기,6,Tier5_저빈도
5199,보건일반상담코드,2,기타의료용어,8,Tier5_저빈도
5200,상증종합병,2,질병및증후군,5,Tier5_저빈도
5201,검사시행시기,2,의료기기,6,Tier5_저빈도
5202,관계기관,2,의료기기,4,Tier5_저빈도
5203,치아진정처치,2,수술및시술,6,Tier5_저빈도
5204,확정하기,2,의료기기,4,Tier5_저빈도
5205,의료급여종,2,질병및증후군,5,Tier5_저빈도
5206,개별기관,2,의료기기,4,Tier5_저빈도
5207,기본입원관,2,의료기기,5,Tier5_저빈도
5208,하단열외군,2,기타의료용어,5,Tier5_저빈도
5209,상단열외군,2,기타의료용어,5,Tier5_저빈도
5210,종합병원기,2,의료기기,5,Tier5_저빈도
5211,종합병원기본입원관,2,의료기기,9,Tier5_저빈도
5212,협조해주시기,2,의료기기,6,Tier5_저빈도
5213,신청하기,2,의료기기,4,Tier5_저빈도
5214,준수요건,2,기타의료용어,4,Tier5_저빈도
5215,대한소아소화기,2,의료기기,7,Tier5_저빈도
5216,오구돌기이전술,2,수술및시술,7,Tier5_저빈도
5217,시술시작단계,2,기타의료용어,6,Tier5_저빈도
5218,등록요양기관기,2,의료기기,7,Tier5_저빈도
5219,등록요양기관,2,의료기기,6,Tier5_저빈도
5220,비전리방사선,2,해부및생리,6,Tier5_저빈도
5221,제작하기,2,의료기기,4,Tier5_저빈도
5222,진료승인번호,2,기타의료용어,6,Tier5_저빈도
5223,후입사기관,2,의료기기,5,Tier5_저빈도
5224,후입사기,2,의료기기,4,Tier5_저빈도
5225,선입사기관,2,해부및생리,5,Tier5_저빈도
5226,선입사기,2,해부및생리,4,Tier5_저빈도
5227,신규개설허가,2,기타의료용어,6,Tier5_저빈도
5228,확보비율관,2,기타의료용어,5,Tier5_저빈도
5229,국민건건,2,기타의료용어,4,Tier5_저빈도
5230,의료급여관련기,2,의료기기,7,Tier5_저빈도
5231,의료급여관련기준,2,의료기기,8,Tier5_저빈도
5232,수입각막,2,해부및생리,4,Tier5_저빈도
5233,확대되기,2,의료기기,4,Tier5_저빈도
5234,Manual Therapy,2,영문의학용어,14,Tier5_저빈도
5235,여의도성모병,2,질병및증후군,6,Tier5_저빈도
5236,선택진료에관,2,해부및생리,6,Tier5_저빈도
5237,치과의사전문의의수련및자격인정등에관,2,기타의료용어,18,Tier5_저빈도
5238,뇌동맥전체,2,해부및생리,5,Tier5_저빈도
5239,부담하고 CT,2,기타의료용어,7,Tier5_저빈도
5240,영상처리장치,2,의료기기,6,Tier5_저빈도
5241,전원기관,2,의료기기,4,Tier5_저빈도
5242,PET촬영을,2,기타의료용어,6,Tier5_저빈도
5243,산정특례질환,2,질병및증후군,6,Tier5_저빈도
5244,청구소멸시효기,2,의료기기,7,Tier5_저빈도
5245,부담하기,2,의료기기,4,Tier5_저빈도
5246,얼븀야그레이저,2,기타의료용어,7,Tier5_저빈도
5247,디푸루칸정맥,2,해부및생리,6,Tier5_저빈도
5248,식약청허가,2,기타의료용어,5,Tier5_저빈도
5249,수압수핵제거술,2,수술및시술,7,Tier5_저빈도
5250,재활전문기,2,의료기기,5,Tier5_저빈도
5251,재활전문기관,2,의료기기,6,Tier5_저빈도
5252,전문의료급여기관,2,의료기기,8,Tier5_저빈도
5253,전문의료급여기,2,의료기기,7,Tier5_저빈도
5254,서울아산병,2,질병및증후군,5,Tier5_저빈도
5255,전염병예방접종,2,질병및증후군,7,Tier5_저빈도
5256,서면청구기관,2,의료기기,6,Tier5_저빈도
5257,서면청구기,2,의료기기,5,Tier5_저빈도
5258,관상중재시술,2,수술및시술,6,Tier5_저빈도
5259,장애인등록증,2,기타의료용어,6,Tier5_저빈도
5260,저시력보조,2,기타의료용어,5,Tier5_저빈도
5261,한방의료행위전문평가,2,기타의료용어,10,Tier5_저빈도
5262,레미케이드주의,2,기타의료용어,7,Tier5_저빈도
5263,산소발생기,2,의료기기,5,Tier5_저빈도
5264,메이즈수술,2,수술및시술,5,Tier5_저빈도
5265,법정분담비율,2,측정값지표,6,Tier5_저빈도
5266,요양급여기준및방법에관,2,의료기기,11,Tier5_저빈도
5267,요양급여기준및방법,2,의료기기,9,Tier5_저빈도
5268,위하여 MRI,2,기타의료용어,7,Tier5_저빈도
5269,국민건겅요양급여의기준에관,2,의료기기,13,Tier5_저빈도
5270,국민건겅요양급여의기,2,의료기기,10,Tier5_저빈도
5271,국민건겅요양급여의기준,2,의료기기,11,Tier5_저빈도
5272,PET검사를,2,기타의료용어,6,Tier5_저빈도
5273,제한하기,2,의료기기,4,Tier5_저빈도
5274,경우 CT,2,기타의료용어,5,Tier5_저빈도
5275,적용기준및방법,2,의료기기,7,Tier5_저빈도
5276,처방기관,2,의료기기,4,Tier5_저빈도
5277,예외구분코드,2,기타의료용어,6,Tier5_저빈도
5278,뇌경색상병,2,질병및증후군,5,Tier5_저빈도
5279,CT 동시,2,기타의료용어,5,Tier5_저빈도
5280,MRI부터,2,기타의료용어,5,Tier5_저빈도
5281,경막하혹은경막,2,해부및생리,7,Tier5_저빈도
5282,혈행재건,2,기타의료용어,4,Tier5_저빈도
5283,혈행재건술,2,수술및시술,5,Tier5_저빈도
5284,국민건강요양급여의기준,2,의료기기,11,Tier5_저빈도
5285,국민건강요양급여의기준에관,2,의료기기,13,Tier5_저빈도
5286,국민건강요양급여의기,2,의료기기,10,Tier5_저빈도
5287,시범사업기관,2,의료기기,6,Tier5_저빈도
5288,의약품재평가,2,기타의료용어,6,Tier5_저빈도
5289,유의하시기,2,의료기기,5,Tier5_저빈도
5290,진단하에 MRI,2,기타의료용어,8,Tier5_저빈도
5291,경우 MRI,2,기타의료용어,6,Tier5_저빈도
5292,MRI  급여,2,기타의료용어,7,Tier5_저빈도
5293,주이내 MRI,2,기타의료용어,7,Tier5_저빈도
5294,정기적으로 MRI,2,의료기기,9,Tier5_저빈도
5295,두통으로  MRI,2,기타의료용어,9,Tier5_저빈도
5296,차적으로 MRI,2,기타의료용어,8,Tier5_저빈도
5297,의심해서 MRI,2,기타의료용어,8,Tier5_저빈도
5298,없이 MRI,2,기타의료용어,6,Tier5_저빈도
5299,경우는 MRI,2,기타의료용어,7,Tier5_저빈도
5300,MRI촬영을,2,기타의료용어,6,Tier5_저빈도
5301,조치하였기,2,의료기기,5,Tier5_저빈도
5302,요양급여인정기,2,의료기기,7,Tier5_저빈도
5303,요양급여인정기준,2,의료기기,8,Tier5_저빈도
5304,자궁절제술,2,수술및시술,5,Tier5_저빈도
5305,본인부담기,2,의료기기,5,Tier5_저빈도
5306,노인전문병,2,질병및증후군,5,Tier5_저빈도
5307,건강보험요양급여행위및상대가치점수,2,기타의료용어,17,Tier5_저빈도
5308,처리하시기,2,의료기기,5,Tier5_저빈도
5309,일반의료기관,2,의료기기,6,Tier5_저빈도
5310,일반의료기,2,의료기기,5,Tier5_저빈도
5311,명시하기,2,의료기기,4,Tier5_저빈도
5312,발생크기,2,의료기기,4,Tier5_저빈도
5313,결정되기,2,의료기기,4,Tier5_저빈도
5314,질병군범주의,2,기타의료용어,6,Tier5_저빈도
5315,합병증분류,2,기타의료용어,5,Tier5_저빈도
5316,기본요건,2,의료기기,4,Tier5_저빈도
5317,고시하기,2,의료기기,4,Tier5_저빈도
5318,혈청항체검사,2,기타의료용어,6,Tier5_저빈도
5319,순환기계질환,2,질병및증후군,6,Tier5_저빈도
5320,기존진단방법,2,의료기기,6,Tier5_저빈도
5321,유전자분류검사,2,검사및진단,7,Tier5_저빈도
5322,유전자분류,2,기타의료용어,5,Tier5_저빈도
5323,전환되기,2,의료기기,4,Tier5_저빈도
5324,의약품등안전성정보관리규정,2,기타의료용어,13,Tier5_저빈도
5325,의약품등안전성정보관,2,기타의료용어,10,Tier5_저빈도
5326,쓰러지기,2,의료기기,4,Tier5_저빈도
5327,대한임상병,2,질병및증후군,5,Tier5_저빈도
5328,섬유모세포,2,해부및생리,5,Tier5_저빈도
5329,추간판감압술,2,수술및시술,6,Tier5_저빈도
5330,도와주기,2,의료기기,4,Tier5_저빈도
5331,양해하시기,2,의료기기,5,Tier5_저빈도
5332,종양크기,2,의료기기,4,Tier5_저빈도
5333,달성하기,2,의료기기,4,Tier5_저빈도
5334,소마트로핀,2,기타의료용어,5,Tier5_저빈도
5335,특정의료기,2,의료기기,5,Tier5_저빈도
5336,특정의료기관,2,의료기기,6,Tier5_저빈도
5337,국가유공자예우등에관,2,기타의료용어,10,Tier5_저빈도
5338,약제비산정기,2,의료기기,6,Tier5_저빈도
5339,약제비산정기준,2,의료기기,7,Tier5_저빈도
5340,조정하기,2,의료기기,4,Tier5_저빈도
5341,동일진료기관,2,의료기기,6,Tier5_저빈도
5342,동일진료기,2,의료기기,5,Tier5_저빈도
5343,보상하기,2,의료기기,4,Tier5_저빈도
5344,결핵관리사업지침,2,기타의료용어,8,Tier5_저빈도
5345,자동차보험진료수가에관,2,기타의료용어,11,Tier5_저빈도
5346,자동차보험진료수가에관한기준,2,의료기기,14,Tier5_저빈도
5347,자동차보험진료수가에관한기,2,의료기기,13,Tier5_저빈도
5348,군의료기,2,의료기기,4,Tier5_저빈도
5349,군의료기관,2,의료기기,5,Tier5_저빈도
5350,의료보호수가기준,2,의료기기,8,Tier5_저빈도
5351,의료보호수가기,2,의료기기,7,Tier5_저빈도
5352,의료보험요양기관관,2,의료기기,9,Tier5_저빈도
5353,의료보험요양기관관리규정,2,의료기기,12,Tier5_저빈도
5354,책정요건,2,기타의료용어,4,Tier5_저빈도
5355,진료비산정방법,2,기타의료용어,7,Tier5_저빈도
5356,해당보호기,2,의료기기,5,Tier5_저빈도
5357,처리하기,2,의료기기,4,Tier5_저빈도
5358,해당보호기관,2,의료기기,6,Tier5_저빈도
5359,진료라기,2,의료기기,4,Tier5_저빈도
5360,시립아동병,2,질병및증후군,5,Tier5_저빈도
5361,약가산정방법,2,기타의료용어,6,Tier5_저빈도
5362,의료보험수가기,2,의료기기,7,Tier5_저빈도
5363,의료보험수가기준,2,의료기기,8,Tier5_저빈도
5364,추가청구절차,2,기타의료용어,6,Tier5_저빈도
5365,사전검사기,2,의료기기,5,Tier5_저빈도
5366,사전검사기관,2,의료기기,6,Tier5_저빈도
5367,지정진료기,2,의료기기,5,Tier5_저빈도
5368,보건사회부장관,2,기타의료용어,7,Tier5_저빈도
5369,지정진료기관,2,의료기기,6,Tier5_저빈도
5370,대구애락보건,2,기타의료용어,6,Tier5_저빈도
5371,대구애락보건병,2,질병및증후군,7,Tier5_저빈도
5372,경피경근한냉요법,2,수술및시술,8,Tier5_저빈도
5373,보조면역요법,2,수술및시술,6,Tier5_저빈도
5374,방사선치료요법,2,수술및시술,7,Tier5_저빈도
5375,우상복부통증,2,기타의료용어,6,Tier5_저빈도
5376,연소성발병,2,질병및증후군,5,Tier5_저빈도
5377,수막구균성수막염,2,해부및생리,8,Tier5_저빈도
5378,수막구균성수막,2,해부및생리,7,Tier5_저빈도
5379,우선시행기,2,해부및생리,5,Tier5_저빈도
5380,손목터널증,2,기타의료용어,5,Tier5_저빈도
5381,손목터널증후군,2,질병및증후군,7,Tier5_저빈도
5382,Directed Medical Therapy,2,영문의학용어,24,Tier5_저빈도
5383,변화는 MRI,2,기타의료용어,7,Tier5_저빈도
5384,보조치료요법,2,수술및시술,6,Tier5_저빈도
5385,레이노증후군,2,질병및증후군,6,Tier5_저빈도
5386,충돌증후군,2,질병및증후군,5,Tier5_저빈도
5387,연하장애평가검사,2,검사및진단,8,Tier5_저빈도
5388,세룰로프라즈민검사,2,기타의료용어,9,Tier5_저빈도
5389,진균항체검사,2,기타의료용어,6,Tier5_저빈도
5390,출혈성질환,2,질병및증후군,5,Tier5_저빈도
5391,면역복합체,2,기타의료용어,5,Tier5_저빈도
5392,뇌신경수술,2,수술및시술,5,Tier5_저빈도
5393,신경미세감압술,2,수술및시술,7,Tier5_저빈도
5394,상악골신장술,2,수술및시술,6,Tier5_저빈도
5395,보강하기,2,의료기기,4,Tier5_저빈도
5396,낭종적출술,2,수술및시술,5,Tier5_저빈도
5397,하악골양성종,2,질병및증후군,6,Tier5_저빈도
5398,만성자궁경부염,2,기타의료용어,7,Tier5_저빈도
5399,미세혈관수기,2,해부및생리,6,Tier5_저빈도
5400,분할절제술,2,수술및시술,5,Tier5_저빈도
5401,대한심혈관기술,2,수술및시술,7,Tier5_저빈도
5402,완전폐쇄병,2,질병및증후군,5,Tier5_저빈도
5403,Delivering Stents Past Multiple Extreme,2,영문의학용어,39,Tier5_저빈도
5404,대한심혈관기,2,해부및생리,6,Tier5_저빈도
5405,승모판성형술,2,수술및시술,6,Tier5_저빈도
5406,삼첨판기능부전,2,질병및증후군,7,Tier5_저빈도
5407,삼첨판기,2,의료기기,4,Tier5_저빈도
5408,대한뇌혈관,2,해부및생리,5,Tier5_저빈도
5409,혈종제거를위한개두술,2,수술및시술,10,Tier5_저빈도
5410,관해유도요법,2,수술및시술,6,Tier5_저빈도
5411,관해공고요법,2,수술및시술,6,Tier5_저빈도
5412,관해유지요법,2,수술및시술,6,Tier5_저빈도
5413,CT 영상에서,2,기타의료용어,7,Tier5_저빈도
5414,CT에서는,2,기타의료용어,5,Tier5_저빈도
5415,복합치주염,2,기타의료용어,5,Tier5_저빈도
5416,교통사고상해증후군,2,질병및증후군,9,Tier5_저빈도
5417,교통사고상해증,2,기타의료용어,7,Tier5_저빈도
5418,헤르페스바이러스감염,2,기타의료용어,10,Tier5_저빈도
5419,인공삽입장치,2,의료기기,6,Tier5_저빈도
5420,Molecular Imaging,2,영문의학용어,17,Tier5_저빈도
5421,상완신경총장애,2,질병및증후군,7,Tier5_저빈도
5422,대한심장혈관,2,해부및생리,6,Tier5_저빈도
5423,대한고관절,2,해부및생리,5,Tier5_저빈도
5424,대한고관,2,기타의료용어,4,Tier5_저빈도
5425,좌골신경차단술,2,수술및시술,7,Tier5_저빈도
5426,말초지신경,2,해부및생리,5,Tier5_저빈도
5427,핵의학기,2,의료기기,4,Tier5_저빈도
5428,천장관절염,2,해부및생리,5,Tier5_저빈도
5429,유니텍과테크네튬산나트륨,2,약물및성분,12,Tier5_저빈도
5430,핵의학기술,2,수술및시술,5,Tier5_저빈도
5431,옥시드론산나트륨,2,약물및성분,8,Tier5_저빈도
5432,Intracoronary Stent,2,영문의학용어,19,Tier5_저빈도
5433,일차적중재술,2,수술및시술,6,Tier5_저빈도
5434,가이딩카테터,2,의료기기,6,Tier5_저빈도
5435,Incompatible Renal Transplantation,2,영문의학용어,34,Tier5_저빈도
5436,Incompatible Kidney Transplantation,2,영문의학용어,35,Tier5_저빈도
5437,치료적혈장성분채집술,2,수술및시술,10,Tier5_저빈도
5438,상악골성형술,2,수술및시술,6,Tier5_저빈도
5439,하악골성형술,2,수술및시술,6,Tier5_저빈도
5440,악안면교정술,2,수술및시술,6,Tier5_저빈도
5441,하악지골절단술,2,수술및시술,7,Tier5_저빈도
5442,ECMO 시행,2,기타의료용어,7,Tier5_저빈도
5443,언어평가검사,2,검사및진단,6,Tier5_저빈도
5444,어음변별력검사,2,기타의료용어,7,Tier5_저빈도
5445,어음명료도검사,2,기타의료용어,7,Tier5_저빈도
5446,골도보청기이식수술,2,수술및시술,9,Tier5_저빈도
5447,MRI 촬영하고,2,기타의료용어,8,Tier5_저빈도
5448,근근막통증후군,2,질병및증후군,7,Tier5_저빈도
5449,경과관찰기,2,의료기기,5,Tier5_저빈도
5450,근근막통증,2,해부및생리,5,Tier5_저빈도
5451,피막절제술,2,수술및시술,5,Tier5_저빈도
5452,MRI 판독,2,기타의료용어,6,Tier5_저빈도
5453,성상세포종,2,질병및증후군,5,Tier5_저빈도
5454,중추신경계암,2,질병및증후군,6,Tier5_저빈도
5455,동시항암화학요법,2,수술및시술,8,Tier5_저빈도
5456,건은 MRI,2,기타의료용어,6,Tier5_저빈도
5457,반결장절제술,2,수술및시술,6,Tier5_저빈도
5458,신경방사선,2,해부및생리,5,Tier5_저빈도
5459,Full Thickness Skin Graft,2,영문의학용어,25,Tier5_저빈도
5460,골부착부병증,2,질병및증후군,6,Tier5_저빈도
5461,외측대퇴피신경,2,해부및생리,7,Tier5_저빈도
5462,척추신경말초지차단술,2,수술및시술,10,Tier5_저빈도
5463,휴메딕스덱사메타손포스페이트이나트륨,2,약물및성분,18,Tier5_저빈도
5464,Bevacizumab,2,생물학적제제,11,Tier5_저빈도
5465,배제하기,2,의료기기,4,Tier5_저빈도
5466,심장전자장치,2,의료기기,6,Tier5_저빈도
5467,척수경막내종양및병,2,질병및증후군,9,Tier5_저빈도
5468,척수경막내종양및병소절제술,2,수술및시술,13,Tier5_저빈도
5469,의료기술재평가,2,의료기기,7,Tier5_저빈도
5470,경동맥방사선,2,해부및생리,6,Tier5_저빈도
5471,경동맥방사선색전술,2,수술및시술,9,Tier5_저빈도
5472,단순갑상선,2,해부및생리,5,Tier5_저빈도
5473,아토피결막염,2,해부및생리,6,Tier5_저빈도
5474,아토피결막,2,해부및생리,5,Tier5_저빈도
5475,안근기능검사및폭주검사,2,검사및진단,11,Tier5_저빈도
5476,배경망막,2,해부및생리,4,Tier5_저빈도
5477,홍채섬모체염,2,기타의료용어,6,Tier5_저빈도
5478,배경망막병증,2,질병및증후군,6,Tier5_저빈도
5479,경정맥신우조영,2,해부및생리,7,Tier5_저빈도
5480,유문보존수술,2,수술및시술,6,Tier5_저빈도
5481,대동맥주위림프절절제술,2,수술및시술,11,Tier5_저빈도
5482,림프혈관,2,해부및생리,4,Tier5_저빈도
5483,출혈지혈술,2,수술및시술,5,Tier5_저빈도
5484,상악동사골동접형골동근본수술,2,수술및시술,14,Tier5_저빈도
5485,림프종은 PET,2,기타의료용어,8,Tier5_저빈도
5486,면역화학요법,2,수술및시술,6,Tier5_저빈도
5487,결합항원수용체,2,해부및생리,7,Tier5_저빈도
5488,이피에스,2,기타의료용어,4,Tier5_저빈도
5489,반응평가기준,2,의료기기,6,Tier5_저빈도
5490,반응평가기,2,의료기기,5,Tier5_저빈도
5491,PET 촬영은,2,기타의료용어,7,Tier5_저빈도
5492,쐐기절제술,2,수술및시술,5,Tier5_저빈도
5493,척수신경후지차단술,2,수술및시술,9,Tier5_저빈도
5494,경신경총차단술,2,수술및시술,7,Tier5_저빈도
5495,엘록사틴,2,기타의료용어,4,Tier5_저빈도
5496,근치적절제술,2,수술및시술,6,Tier5_저빈도
5497,오지상승위치료법,2,수술및시술,8,Tier5_저빈도
5498,심담허겁증,2,기타의료용어,5,Tier5_저빈도
5499,옥살리틴,2,기타의료용어,4,Tier5_저빈도
5500,파슬로덱스,2,기타의료용어,5,Tier5_저빈도
5501,액와림프절절제술,2,수술및시술,8,Tier5_저빈도
5502,비편평상피세포암,2,질병및증후군,8,Tier5_저빈도
5503,간내담관암종,2,질병및증후군,6,Tier5_저빈도
5504,비편평상피세포,2,해부및생리,7,Tier5_저빈도
5505,척추 CT,2,기타의료용어,5,Tier5_저빈도
5506,장기입원비율,2,의료기기,6,Tier5_저빈도
5507,내시경역행담췌관조영,2,기타의료용어,10,Tier5_저빈도
5508,내시경역행담췌관조영술,2,수술및시술,11,Tier5_저빈도
5509,내시경역행담췌관,2,기타의료용어,8,Tier5_저빈도
5510,내시경역행담관,2,기타의료용어,7,Tier5_저빈도
5511,내시경역행담관배액술,2,수술및시술,10,Tier5_저빈도
5512,엑스지바,2,기타의료용어,4,Tier5_저빈도
5513,조메타레디,2,기타의료용어,5,Tier5_저빈도
5514,정신병장애,2,질병및증후군,5,Tier5_저빈도
5515,아킬레스힘줄염,2,기타의료용어,7,Tier5_저빈도
5516,단일신경병증,2,질병및증후군,6,Tier5_저빈도
5517,등급간호관리료기,2,의료기기,8,Tier5_저빈도
5518,엑스탄디연질,2,기타의료용어,6,Tier5_저빈도
5519,엑스탄디연질캡슐,2,약물및성분,8,Tier5_저빈도
5520,컴퓨터단층촬영,2,기타의료용어,7,Tier5_저빈도
5521,얼비툭스,2,기타의료용어,4,Tier5_저빈도
5522,유니스틴,2,기타의료용어,4,Tier5_저빈도
5523,Gefitinib,2,생물학적제제,9,Tier5_저빈도
5524,MRI 촬영한,2,기타의료용어,7,Tier5_저빈도
5525,고형암반응평가,2,기타의료용어,7,Tier5_저빈도
5526,고형암반응평가기,2,의료기기,8,Tier5_저빈도
5527,고형암반응평가기준,2,의료기기,9,Tier5_저빈도
5528,우측어깨통증,2,기타의료용어,6,Tier5_저빈도
5529,한의표준임상진료지침,2,기타의료용어,10,Tier5_저빈도
5530,재심의승인,2,기타의료용어,5,Tier5_저빈도
5531,자궁경부세포,2,해부및생리,6,Tier5_저빈도
5532,하복부통증,2,기타의료용어,5,Tier5_저빈도
5533,비정형용혈성요독증,2,기타의료용어,9,Tier5_저빈도
5534,비정형용혈성요독증후군,2,질병및증후군,11,Tier5_저빈도
5535,분화갑상선암,2,질병및증후군,6,Tier5_저빈도
5536,협부절제술,2,수술및시술,5,Tier5_저빈도
5537,심사일관,2,기타의료용어,4,Tier5_저빈도
5538,중심구획림프절청소술,2,수술및시술,10,Tier5_저빈도
5539,분화갑상선,2,해부및생리,5,Tier5_저빈도
5540,갑상선엽아전절제술,2,수술및시술,9,Tier5_저빈도
5541,정맥혈관,2,해부및생리,4,Tier5_저빈도
5542,슬개골적출술,2,수술및시술,6,Tier5_저빈도
5543,외고정장치,2,의료기기,5,Tier5_저빈도
5544,CT 음성,2,기타의료용어,5,Tier5_저빈도
5545,재발중간위험군,2,기타의료용어,7,Tier5_저빈도
5546,재발중간위험,2,기타의료용어,6,Tier5_저빈도
5547,경구투여방법,2,기타의료용어,6,Tier5_저빈도
5548,갑상선미세유두암,2,질병및증후군,8,Tier5_저빈도
5549,MRI 권유,2,기타의료용어,6,Tier5_저빈도
5550,Kidney Transplantation,2,영문의학용어,22,Tier5_저빈도
5551,British Transplantation Society,2,영문의학용어,31,Tier5_저빈도
5552,부분활막,2,해부및생리,4,Tier5_저빈도
5553,부분활막제거술,2,수술및시술,7,Tier5_저빈도
5554,외측반달연골,2,해부및생리,6,Tier5_저빈도
5555,양전자단층촬영세부산정기준,2,의료기기,13,Tier5_저빈도
5556,양전자단층촬영세부산정기,2,의료기기,12,Tier5_저빈도
5557,아자프린,2,기타의료용어,4,Tier5_저빈도
5558,어열호결증,2,기타의료용어,5,Tier5_저빈도
5559,한응혈어증,2,기타의료용어,5,Tier5_저빈도
5560,최근 MRI,2,기타의료용어,6,Tier5_저빈도
5561,적응방사선,2,해부및생리,5,Tier5_저빈도
5562,삼차신경초종,2,질병및증후군,6,Tier5_저빈도
5563,미세유두암,2,질병및증후군,5,Tier5_저빈도
5564,말초혈관병,2,질병및증후군,5,Tier5_저빈도
5565,Coronary Stenting,2,영문의학용어,17,Tier5_저빈도
5566,단일폐엽절제술,2,수술및시술,7,Tier5_저빈도
5567,식도절제후재건,2,기타의료용어,7,Tier5_저빈도
5568,식도절제후재건술,2,수술및시술,8,Tier5_저빈도
5569,고칼륨혈증,2,기타의료용어,5,Tier5_저빈도
5570,인성장호르몬,2,기타의료용어,6,Tier5_저빈도
5571,제세동술및전기,2,의료기기,7,Tier5_저빈도
5572,하지 CT,2,기타의료용어,5,Tier5_저빈도
5573,무릎관절염,2,해부및생리,5,Tier5_저빈도
5574,뇌전증증후군,2,질병및증후군,6,Tier5_저빈도
5575,허혈심장병,2,질병및증후군,5,Tier5_저빈도
5576,제세동기거치술,2,수술및시술,7,Tier5_저빈도
5577,행위복잡기,2,의료기기,5,Tier5_저빈도
5578,행위복잡기준,2,의료기기,6,Tier5_저빈도
5579,주관절 MRI,2,해부및생리,7,Tier5_저빈도
5580,슬관절 MRI,2,해부및생리,7,Tier5_저빈도
5581,연하조영검사,2,검사및진단,6,Tier5_저빈도
5582,메토트렉세이트,2,기타의료용어,7,Tier5_저빈도
5583,고주파절제술시 CT,2,기타의료용어,10,Tier5_저빈도
5584,대한방사선,2,해부및생리,5,Tier5_저빈도
5585,대한방사선종,2,질병및증후군,6,Tier5_저빈도
5586,관절연골장애,2,질병및증후군,6,Tier5_저빈도
5587,신체기능저하군,2,의료기기,7,Tier5_저빈도
5588,일어나기,2,의료기기,4,Tier5_저빈도
5589,어음청력검사,2,기타의료용어,6,Tier5_저빈도
5590,Perindopril,2,생물학적제제,11,Tier5_저빈도
5591,혈관각화종,2,질병및증후군,5,Tier5_저빈도
5592,End Stage Renal Disease,2,영문의학용어,23,Tier5_저빈도
5593,Lysosomal Storage Disorders Treatments,2,영문의학용어,38,Tier5_저빈도
5594,신장조직검사,2,해부및생리,6,Tier5_저빈도
5595,척추마취관리기,2,의료기기,7,Tier5_저빈도
5596,척추마취관,2,기타의료용어,5,Tier5_저빈도
5597,디스크절제술,2,수술및시술,6,Tier5_저빈도
5598,시행하였기,2,의료기기,5,Tier5_저빈도
5599,생리학적검사,2,기타의료용어,6,Tier5_저빈도
5600,심박조율기,2,의료기기,5,Tier5_저빈도
5601,골연골병증,2,질병및증후군,5,Tier5_저빈도
5602,CT 검사결과,2,기타의료용어,7,Tier5_저빈도
5603,비씨모르핀,2,기타의료용어,5,Tier5_저빈도
5604,비씨모르핀황산염,2,기타의료용어,8,Tier5_저빈도
5605,우측발목관,2,기타의료용어,5,Tier5_저빈도
5606,우측발목관절,2,해부및생리,6,Tier5_저빈도
5607,Spontaneous Circulation,2,영문의학용어,23,Tier5_저빈도
5608,선천기형증,2,해부및생리,5,Tier5_저빈도
5609,선천기형증후군,2,질병및증후군,7,Tier5_저빈도
5610,유양돌기절제술,2,수술및시술,7,Tier5_저빈도
5611,접근하기,2,의료기기,4,Tier5_저빈도
5612,심사하기,2,의료기기,4,Tier5_저빈도
5613,Sick Sinus Syndrome,2,영문의학용어,19,Tier5_저빈도
5614,키아리기,2,의료기기,4,Tier5_저빈도
5615,부적절항이뇨호르몬분비증,2,기타의료용어,12,Tier5_저빈도
5616,부적절항이뇨호르몬분비증후군,2,질병및증후군,14,Tier5_저빈도
5617,부적절항이뇨호르몬,2,기타의료용어,9,Tier5_저빈도
5618,우심도자술,2,수술및시술,5,Tier5_저빈도
5619,두경부질환,2,질병및증후군,5,Tier5_저빈도
5620,앨러지비염,2,기타의료용어,5,Tier5_저빈도
5621,마른눈증후군,2,질병및증후군,6,Tier5_저빈도
5622,내고정장치,2,의료기기,5,Tier5_저빈도
5623,근치유방보존술,2,수술및시술,7,Tier5_저빈도
5624,변형근치유방절제술,2,수술및시술,9,Tier5_저빈도
5625,항히스톤항체,2,기타의료용어,6,Tier5_저빈도
5626,발생시기,2,의료기기,4,Tier5_저빈도
5627,청력개선술,2,수술및시술,5,Tier5_저빈도
5628,위해 PET,2,기타의료용어,6,Tier5_저빈도
5629,백내장및수정체,2,기타의료용어,7,Tier5_저빈도
5630,백내장및수정체수술,2,수술및시술,9,Tier5_저빈도
5631,색소이상증,2,기타의료용어,5,Tier5_저빈도
5632,소간세포암,2,질병및증후군,5,Tier5_저빈도
5633,관절돌기,2,해부및생리,4,Tier5_저빈도
5634,상악전적출술,2,수술및시술,6,Tier5_저빈도
5635,두개안면절제술,2,수술및시술,7,Tier5_저빈도
5636,악관절장애,2,질병및증후군,5,Tier5_저빈도
5637,심부혈관,2,해부및생리,4,Tier5_저빈도
5638,주요경과기,2,의료기기,5,Tier5_저빈도
5639,경근중주파요법,2,수술및시술,7,Tier5_저빈도
5640,설명하기,2,의료기기,4,Tier5_저빈도
5641,문장언어검사,2,기타의료용어,6,Tier5_저빈도
5642,CT혈관조영,2,해부및생리,6,Tier5_저빈도
5643,증가시키기,2,의료기기,5,Tier5_저빈도
5644,인공신장투석을위한동정맥루,2,해부및생리,13,Tier5_저빈도
5645,인공신장투석을위한동정맥루의교정술,2,수술및시술,17,Tier5_저빈도
5646,인공신장투석을위한동정맥,2,해부및생리,12,Tier5_저빈도
5647,MRI 시행,2,기타의료용어,6,Tier5_저빈도
5648,산도스타틴라르주의,2,기타의료용어,9,Tier5_저빈도
5649,좌심실유출로성형술,2,수술및시술,9,Tier5_저빈도
5650,중환자실기,2,의료기기,5,Tier5_저빈도
5651,지속적정정맥혈액투석,2,수술및시술,10,Tier5_저빈도
5652,Tumor Imaging,2,영문의학용어,13,Tier5_저빈도
5653,Procedure Guideline,2,영문의학용어,19,Tier5_저빈도
5654,Oxaliplatin,2,기타의료용어,11,Tier5_저빈도
5655,ICD 삽입술을,2,기타의료용어,8,Tier5_저빈도
5656,승모판폐쇄부전증,2,기타의료용어,8,Tier5_저빈도
5657,대동맥판폐쇄부전증,2,해부및생리,9,Tier5_저빈도
5658,MRI에서는,2,기타의료용어,6,Tier5_저빈도
5659,감마나이프수술,2,수술및시술,7,Tier5_저빈도
5660,확장성심근병증,2,질병및증후군,7,Tier5_저빈도
5661,확장성심근,2,기타의료용어,5,Tier5_저빈도
5662,Outcome Analysis,2,영문의학용어,16,Tier5_저빈도
5663,Plastic Surgery Volume,2,영문의학용어,22,Tier5_저빈도
5664,"Slit Ventricle
Syndrome",2,영문의학용어,23,Tier5_저빈도
5665,표준진단기,2,의료기기,5,Tier5_저빈도
5666,표준진단기준,2,의료기기,6,Tier5_저빈도
5667,방법이기,2,의료기기,4,Tier5_저빈도
5668,경련부촛점제거술,2,수술및시술,8,Tier5_저빈도
5669,체외조사방사선,2,해부및생리,7,Tier5_저빈도
5670,응급실기,2,의료기기,4,Tier5_저빈도
5671,MRI 촬영은,2,기타의료용어,7,Tier5_저빈도
5672,위한 CT,2,기타의료용어,5,Tier5_저빈도
5673,대동맥협착증,2,질병및증후군,6,Tier5_저빈도
5674,신뢰하기,2,의료기기,4,Tier5_저빈도
5675,Cochlear Implant,2,영문의학용어,16,Tier5_저빈도
5676,Hyperactivity     Disorder,2,영문의학용어,26,Tier5_저빈도
5677,분지제거술,2,수술및시술,5,Tier5_저빈도
5678,공동개방유양동절제술,2,수술및시술,10,Tier5_저빈도
5679,비디오뇌파검사,2,기타의료용어,7,Tier5_저빈도
5680,목적이라기,2,의료기기,5,Tier5_저빈도
5681,만성위궤양,2,기타의료용어,5,Tier5_저빈도
5682,MRI 세부산정,2,기타의료용어,8,Tier5_저빈도
5683,Implantable Cardioverter Defibrillators,2,영문의학용어,39,Tier5_저빈도
5684,척추탈위증,2,기타의료용어,5,Tier5_저빈도
5685,심장박동조율기,2,의료기기,7,Tier5_저빈도
5686,동방결절기능장애,2,질병및증후군,8,Tier5_저빈도
5687,출생전후기,2,의료기기,5,Tier5_저빈도
5688,호흡보조요법,2,수술및시술,6,Tier5_저빈도
5689,파덱솔주의,2,기타의료용어,5,Tier5_저빈도
5690,공기가슴증,2,의료기기,5,Tier5_저빈도
5691,방어인자증,2,기타의료용어,5,Tier5_저빈도
5692,하악골골절관,2,기타의료용어,6,Tier5_저빈도
5693,하악골골절관혈적정복술,2,수술및시술,11,Tier5_저빈도
5694,CT 소정점수의,2,기타의료용어,8,Tier5_저빈도
5695,확장병기,2,의료기기,4,Tier5_저빈도
5696,받아들이기,2,의료기기,5,Tier5_저빈도
