code,synonyms
"100102ACH","메시마캡슐,메자이캡슐,메폴스캡슐,아크랑캅셀,펠리스캅셀"
"100301ACH","씨앤유캡슐"
"100401BIJ","리오프로주,클로티냅주"
"100431BIJ","리오프로주,클로티냅주"
"100501ATE","명인아캄프로세이트정,환인아캄프로세이트정"
"100701ACH","글로필린캡슐,네오브론캡슐,뉴세필캡슐,대웅바이오아세브로필린캡슐100밀리그램,뮤코린캡슐,뮤코시린캡슐,뮤코시아캡슐,뮤코테인캡슐,부로필캡슐,브로니즈캡슐"
"100901ACH","에이서캡슐,엘페낙캡슐"
"100901ACS","클란자에스연질캡슐(아세클로페낙,클론자에스연질캡슐"
"100901ATB","근화아세클로페낙정,뉴마탈정,뉴세페낙정,뉴클로페낙정,대웅바이오아세클로페낙정100밀리그램,독립아세클로페낙정,동성아세클로페낙정,로페낙정,류마크로정,마이페낙정"
"100903ATR","뉴로낙CR정,뉴마탈CR정,뉴세페낙CR정,레세낙CR정,베오페낙CR정,세니탈CR정,아가펜서방정,아덴만CR서방정,아로펜CR정,아리탈CR정"
"101001ACH","대우아세메타신캅셀,류가신캡슐(아세메타신,세타신캅셀(아세메타신)(수출명:보리센신(BORISENCIN)캅셀"
"101102ATB","동인당아세피필린정250밀리그람,브론탈정,아루토파정,투수필정(아세피필린,헤스필정"
"101303ATB","넬슨아세트아미노펜정,대우아세트아미노펜정,삼남아세트아미노펜정,엔다펜정,지엘아세트아미노펜정300밀리그램,코러스아세트아미노펜정300밀리그람,파세몰정300밀리그람"
"101304ASS","세토펜현탁액,타노펜현탁액"
"101305ATB","삼남아세트아미노펜정500밀리그람,삼익아세트아미노펜정500밀리그람,세리콘정,알파아세트아미노펜정500밀리그람,이타레놀정,지엘아세트아미노펜정,타스펜정,토스판정,펜아콜정"
"101310ASY","라페론건조시럽,세토펜건조시럽,펜노미아건조시럽"
"101330ASS","세토펜현탁액,어린이타이레놀현탁액,타노펜현탁액"
"101332ASY","라페론건조시럽,세토펜건조시럽,펜노미아건조시럽"
"101401ATB","동광아세트아미노펜정160밀리그람,라페론정160밀리그람,루트펜160밀리그램정,마르디정,세토펜정,아스타펜정160밀리그람,어린이아세코트정160밀리그람,어린이용타스펜정,일성아세트아미노펜정160밀리그램,타이레놀정160밀리그람"
"101404ATB","라페론정,루트펜325밀리그램정,세토펜정,아미세타정325밀리그람,아세코트정325밀리그람,아세핀정,아스타펜정325밀리그람,아스펜에스정,엘앤씨메가펜정,일성아세트아미노펜정325밀리그램"
"101404ATR","타세놀8시간이알서방정,타이레놀8시간이알서방정325밀리그람"
"101406ATB","세토펜정,소아용게보린 아이츄정,소아용게보린아이츄정,소아용라페론정,소아용타스펜정80밀리그람,어린이용타이레놀정80밀리그람"
"101430ATR","라페론8시간이알서방정,세타펜8시간이알서방정,세토펜8시간이알서방정,써스펜8시간이알서방정,아니스펜8시간이알서방정,아세노펜이알서방정,아세트엠8시간이알서방정,엔시드8시간이알서방정,이알펜8시간서방정,타미스펜8시간이알서방정"
"101433ASS","어린이타이레놀현탁액"
"101501ATB","다이아막스정,아세타졸정"
"101502BIJ","졸라딘주사(아세타졸아미드"
"101601APD","국제엘카르니틴산,나실틸산,니세틸산,메모틸산,보령카르니틴산,안세틸산,엘카니산,엘카틴산,중외카르니틴산,카니틸산"
"101601ATB","글로세틸정,나레틸정,네오카틴정,네오틴정,노디멘치아정,뉴렌정,뉴로세틸정,뉴로카틴정,뉴로카틸정,뉴로칸정"
"101601ATE","노라틸정,니세르정,아세친정,안세틸정,엘세틴정,엘카딘정"
"101701COS","마이오콜 E,마이오콜 E주사,마이오콜E,마이오콜E주사"
"101801ACH","무코테인캅셀100밀리그람,무테린캡슐,뮤라텐캡슐,뮤코스텐캡슐,뮤테란캡슐,보령아세틸시스테인캡슐100밀리그램,시스타인캅셀100밀리그람,아세텐캡슐,튜란트캡슐"
"101802BIJ","뮤코리스주,뮤코스텐주,뮤테란주사,스파탐주,티테인주"
"101804ACH","누코미트캡슐,누코미트캡슐200밀리그람(아세틸시스테인,다세틸캡슐,독립목클린캡슐,로스테인캡슐,목테인캡슐,목틴캡슐,무테린캡슐,뮤라스텐캡슐,뮤라텐캡슐"
"101804AGN","뮤테란과립200밀리그람,세브론과립,우리들아세틸시스테인과립200밀리그람,유브론과립200밀리그람,일양바이오아세틸시스테인과립,튜란트과립"
"101805CLQ","누코미트액,뮤코레스액,보령뮤코미스트액"
"101807BIJ","뮤코스텐주,뮤테란주사"
"101808ASY","뮤코스텐시럽,세브론시럽(아세틸시스테인,튜란트시럽"
"101809BIJ","뮤코스텐주,뮤테란주사"
"101831BIJ","뮤코스텐주,뮤테란주사(수출명: Ateran,뮤테란주사(수출명:Ateran,스파탐주"
"101833BIJ","뮤코스텐주,뮤테란주사(수출명: Ateran,뮤테란주사(수출명:Ateran,스파탐주"
"101834CLQ","누코미트액,뮤코나액,뮤코레스액,보령뮤코미스트액"
"101835BIJ","뮤코스텐주,뮤테란주사(수출명: Ateran,뮤테란주사(수출명:Ateran"
"101836BIJ","뮤코스텐주,뮤테란주사(수출명: Ateran,뮤테란주사(수출명:Ateran"
"101837ASY","세브론시럽(아세틸시스테인"
"101838ASY","뮤코스텐시럽,튜란트시럽"
"101839ASY","뮤테란시럽,세브론시럽(아세틸시스테인,튜란트시럽"
"101840ASY","뮤코스텐시럽,세브론시럽(아세틸시스테인,튜란트시럽"
"101841ASY","세브론시럽(아세틸시스테인"
"101842AGN","뮤테란과립200밀리그람,미리놀과립,비알뮤코과립,세브론과립,일양바이오아세틸시스테인과립200밀리그램,팜젠아세틸시스테인과립200밀리그램"
"101843AGN","뮤세틴과립,뮤테란과립200밀리그람,이테란과립,튜란트과립"
"102901ASY","지나시드건조시럽800밀리그람"
"102902BIJ","바시로바주사,바크락스주,바크락스주250밀리그람(아시클로버)수출용:바이러스탈주250밀리그람,에크로바주(아시클로버,조비락스정주,조이렉스주,조이렉스주사액,클로바주"
"102903COO","조비락스안연고,헤르페시드안연고"
"102904ATB","국제아시클로버정,대원아시클로버정,대화아시클로버정,동아조비락스정,메가클로버정,메노바정,바시로바정,바시로정,바이락스정(아시클로버)[수출명:이노바이락스정],바이버정"
"102906CCM","고려아시클로버크림,국제아시클로버크림,녹십자아시클로버크림,대우아시클로버크림,대화아시클로버크림,메노바크림,바이버크림(아시클로버,바코시론크림,바크락스크림(아시클로버,바크로비크림"
"102906COM","바크락스연고,바크락스연고(아시클로버,씨트로비연고,우리들아시클로버연고"
"102907ATB","동아조비락스정,에크로바정400밀리그람,조이렉스정400밀리그람,진양아시클로버정"
"102930CCM","국제아시클로버크림,바크로비크림"
"102931COO","바이클로버안연고,헤르페시드안연고"
"102933CCM","국제아시클로버크림,바크로비크림"
"102934BIJ","바시로바주사,바크락스주,아시클러주,아시클린주,에크로바주(아시클로버,조비락스정주,조이렉스주사액,클로바주"
"102935CCM","고려아시클로버크림(아시클로버)(수출명:바이락스크림(VIRAXCream)이노바이락스크림,국제아시클로버크림,대화아시클로버크림,메노바크림,바이버크림,바크락스크림(아시클로버,바크로비크림,삼공아시클로버크림,신일아시클로버크림,씨크로크림"
"102935COM","바크락스연고,씨트로비연고,팜젠아시클로버연고"
"102937CCM","국제아시클로버크림,대화아시클로버크림,바코시론크림,바크락스크림(아시클로버,삼공아시클로버크림,셀트리온아시클로버크림,안국아시클로버크림,오스틴아시클로버크림,조비락스크림,크리바크림"
"102944ASY","지나시드건조시럽800밀리그람"
"102945CCM","오스틴아시클로버크림,크라운아시클로버크림"
"103001BIJ","데노신주사(아데노신,아데노코주사"
"103002BIJ","데노신주사,아노신주"
"103030BIJ","데노신주사(아데노신,아데노코주사"
"103031BIJ","데노신주사,아노신주"
"103301BIJ","아티오닐주"
"103401CCM","알크로반크림,알타손크림"
"103433CCM","아모타손크림,알타손크림"
"104004ACH","마로닌캡슐50밀리그람,헤모로이캅셀"
"104101ATB","미아론정,미오벤정,보령아플로쿠알론정,세카론정,아로베스트정,아로칼엠정,아푸로친정,아프레스트정,알푸론정,칼론정"
"104303ATB","동구알벤다졸정,렉스정,벤다졸정,벤티졸정,알나졸정400밀리그람,오르원정400밀리그람(알벤다졸,올비스정,젠텔정400밀리그람"
"104501BIJ","프로류킨주"
"104601ACS","디칼시연질캅셀0.5마이크로그람,리치칼슘연질캡슐,알파디연질캡슐,알파디트리연질캅셀0.5마이크로그램(수출명:본그린연질캅셀,알파본연질캡슐(알파칼시돌,알파시돌연질캡슐0.5마이크로그램,알파칼연질캡슐,중외알파롤연질캡슐0.5마이크로그램,화니돌0.5마이크로그램연질캡슐"
"104602ACS","디칼시연질캡슐1마이크로그람,아시돌연질캡슐1마이크로그램"
"104701BIJ","스펜알주사,알페닐주사,하나알펜타닐주사"
"104703BIJ","스펜알주사,알페닐주사,알페닐주사(알펜타닐염산염,하나알펜타닐주사"
"104730BIJ","스펜알주사,알페닐주사,하나알펜타닐주사"
"104731BIJ","알페닐주사,알페닐주사(알펜타닐염산염,하나알펜타닐주사"
"104803ATR","루라엑스엘정,바이트랄엑스엘정,베아자트엑스엘정,알조신정,알트랄엑스엘정,알푸랄엑스엘정,알푸릭스엑스엘정,알푸케어서방정,알프라엑스엘정,알프론엑스엘정"
"104901ATB","뉴진탈정,다벤돌정,라리벤돌정,라벤돈정,라벤정,랙스판정,리베라정,리벤다제정,리벤돌정,리피돌정"
"105001ATB","유유알로푸리놀정,자이로릭정,한국유나이티드알로푸리놀정"
"105201ASS","게이트현탁액,겔투현탁액,뉴트라겔현탁액,동광알마게이트현탁액,알드린현탁액,알마겔에프현탁액,알마트론현탁액,알시드현탁액(알마게이트,제일알맥스현탁액,파티겔현탁액(알마게이트"
"105202ASS","그린에스현탁액(알마게이트,알드린1그람현탁액(알마게이트,알마겔현탁액(알마게이트,파티겔현탁액1그람"
"105202ATB","아르마정,알마천정"
"105203ATB","게이트정,글로게이트정,대웅바이오알마게이트정500밀리그램,대원알마게이트정,동광알마게이트정,드림파마알마게이트정,마게이트정,마겐정,마그엠정,메디알정"
"105230ASS","알드린1그람현탁액(알마게이트,알마겔현탁액(알마게이트,파티겔현탁액1그람"
"105502ATB","명문알프라졸람정0.25밀리그램,아졸락정0.25밀리그람,알작스정0.25밀리그람,알프라낙스정0.25밀리그람,알프라원정,알프람정,자나팜정0.25밀리그람,자낙스정,자세틴정,자이렌정"
"105504ATB","새프람정,아졸락정0.4밀리그람,알프람정,자나팜정0.4밀리그람"
"105505ATB","명문알프라졸람정0.5밀리그램,아졸락정0.5밀리그람,알작스정,알프라낙스정0.5밀리그람,알프라원정,알프람정,자나팜정0.5밀리그람,자낙스정,자이렌정,한림알프라졸람정0.5밀리그램"
"105507ATB","알프람정,자나팜정"
"105601BIJ","알로스틴주사,알로스틴주사(알프로스타딜,알프로딜주,에글란딘주,프링크주"
"105603BIJ","알로스틴주사,알로스틴주사(알프로스타딜,에글란딘주,프링크주"
"105630BIJ","알로스틴주사(알프로스타딜,에글란딘주"
"105631BIJ","알로스틴주사,알로스틴주사(알프로스타딜,알프로딜주,에글란딘주"
"105701BIJ","동아푸로스탄딘주,알스타딜주,알푸로덱스주20마이크로그램"
"105902ATB","게루삼엠정,암포젤정"
"106001ASS","겔포스,겔포스현탁액,네오겔현탁액,지오겔현탁액"
"106201ATB","아만타정,피케이멜즈정"
"106301ATB","넥스팜염산암부록솔정,다이투스정,대우암브록솔정(염산암브록솔,동광염산암브록솔정,로이솔정,록솔정,마이팜염산암브록솔정,뮤록솔정,뮤코로솔정,뮤코브이정"
"106302BIJ","나독솔주사,동광염산암브록솔주사,로이솔주사액,명문염산암브록솔주사,뮤코펙트주사액(염산암브록솔,브론펙트주사15밀리그람,솔프란주사액,신일암브록솔염산염주사액,아록솔주,암브록주"
"106303ASY","대우암브록솔시럽,뮤코브이시럽,뮤트란시럽,우리들암브록솔염산염시럽,이텍스암브록솔시럽"
"106330BIJ","나독솔주사,동광염산암브록솔주사,로이솔주사액,명문암브록솔염산염주사,뮤코솔주,뮤코윈드주,뮤코펙트주사액(암브록솔염산염,신일암브록솔염산염주사액,아록솔주,암펙솔주"
"106331ASY","뮤코브이시럽,이텍스암브록솔시럽,팜젠암브록솔염산염시럽"
"106332ASY","우리들암브록솔염산염시럽,이텍스암브록솔시럽"
"106801BIJ","아미킨주,아믹탐주사액(아미카신황산염"
"106803BIJ","동아아미카신황산염주,동아아미카신황산염주200밀리그램"
"106804BIJ","동광아미카신주,동아아미카신황산염주사액,라믹킨주250밀리그람(황산아미카신,루카시놀주,마카린주사액,메이신주,삼천당아미카신주,신일황산아미카신주사액250밀리그람,신풍아미카신황산염주사액,아디칸주사액250밀리그람(아미카신황산염"
"106805BIJ","글리녹스주사,바이넥스황산아미카신주,신일황산아미카신주사액500밀리그람,신풍아미카신황산염주사액,아디칸주사액500밀리그람,아미킨주,아믹탐주사액(아미카신황산염주사액,아주황산아미카신주사500밀리그람,유니온아미카신주,유니온아미카신주500밀리그람(황산아미카신"
"106831BIJ","동광아미카신주,동아아미카신황산염주사액250밀리그램,라믹킨주(아미카신황산염,루카시놀주,마카린주사액,메이신주,삼천당아미카신주,신일아미카신황산염주사액250밀리그램,신풍아미카신황산염주사액250밀리그램,아디칸주사액250밀리그람(아미카신황산염"
"106833BIJ","신풍아미카신황산염주사액,아디칸주사액500밀리그람,아믹탐주사액,유니온아미카신주,유니온아미카신주500밀리그람(아미카신황산염"
"107108BIJ","가네파솔주,리세파솔주,카보라민주,토비다솔주,하이남주"
"107110BIJ","유바솔주,중외트로파민주,헬파워솔주,후라바솔헤파주"
"107114BIJ","슈어로솔주,테크노민주,토프라민주,파렌타민주"
"107115BIJ","리케어솔주,세레파민주,아미노스테릴엔 헤파주,아미노스테릴엔헤파주,중외헤파타민주,파노라민주"
"107117BIJ","누트리푸신주,레미파솔주,리액타솔주,브레노솔주,아미노리바솔주,아미노스테릴케이이주,아카데아민주,에바노신주,토파뉴솔주,헤파로솔주"
"107118BIJ","샌다민주,알파푸렉스,한올아미닉주"
"107120BIJ","뉴라솔주,솔그린12.5주"
"107138BIJ","건푸렉스주,에바코민주"
"107139BIJ","뉴트라솔주,루치아솔주,리바비솔주,솔루헤파주,신코나민주,에가푸신주,카보라민주,크라렉스주,포그민주,하이남주"
"107140BIJ","가네파솔주,리바비솔주,아미랄주,에가푸신주,크라렉스주,푸라솔주"
"107141BIJ","네프리솔주,네프솔주,유로패스주,중외네프라민주"
"107142BIJ","베베라민주,아미노벤인펀트주,중외트로파민주"
"107144BIJ","진보민주,트로미솔주,파미솔주사"
"107148BIJ","네프로스테릴주,중외후리아민에이취.비.씨주"
"107151BIJ","게라민주,리버도솔주,앰보솔주,파렌타민주,헤라젠주,헤크민주"
"107153BIJ","레보타솔주,리바후라민주,삼성헤파부민주,세레파민주,에셀민주,에이나민주,이소나민주,주시아솔주,중외헤파타민주,헤파비아주"
"107154BIJ","레보타솔주,리바후라민주,리브솔주,아미노스테릴엔 헤파주,아미노스테릴엔헤파주,에이나민주,중외헤파타민주,한올모리헤파민주,헤파비아주,헤파타민주"
"107155BIJ","마리나솔주,솔민주,씨제이후라바솔주,엘리아민주,이노엔후라바솔주,중외후리아민주,후리아민주"
"107156BIJ","마리나솔주,씨제이후라바솔주,아노솔주,이노엔후라바솔주,중외후리아민주,후리아민주"
"107159BIJ","리파믹스주,멀티에이주,바이오솔주,씨제이후라바솔주,아미노스테릴케이이주,에파크민주,영진인트라푸신주,이노엔후라바솔주,제라미콤주,젤로솔주"
"107160BIJ","리베르민주,멀티에이주,바이오솔주,씨제이후라바솔주,알파민주,영진인트라푸신주,이노엔후라바솔주,제라미콤주,중외후리아민주,카프솔주"
"107161BIJ","샌다민주,알파푸렉스,알파푸렉스주"
"107165BIJ","비바솔주,프레솔주"
"107167BIJ","아미칼민주,포셀아민주"
"107301ATB","대우아미노필린수화물정,대원아미노필린정[수출명:아미핀정(Amipinetab.)],마이팜아미노필린정,아미린정"
"107301ATR","소아용아스콘틴서방정"
"107302BIJ","대원아미노필린주사액(수출명:아미핀주(아미노필린수화물,대한아미노필린주사액,아미린주,제일아미노필린주사액,휴온스아미노필린주사액"
"107303ATR","아스콘틴서방정"
"107330BIJ","대원아미노필린주사액[수출명:아미핀주(아미노필린수화물)(AmipineInj.)],대한아미노필린주사액,제일아미노필린주사액,휴온스아미노필린주사액"
"107401ATB","아미론정,코다론정"
"107501ATB","명인아미트리프틸린염산염정10밀리그람,에나폰정,에트라빌10밀리그램정"
"107502ATB","명인염산아미트리프틸린정25밀리그람,에트라빌25밀리그램정"
"107601ATB","국제암로디핀정5밀리그람,네오드로핀정,노마로크정,노바넬정,노바디크정,노바딘정,노바로크정,노바모핀정,노바스정,노바스칸정"
"107602ATB","노바스크정,뉴암로디프정,다비디핀정,동화암로디핀베실산염정10밀리그램,디로바정,바로디핀정,바로스크정,베로디핀정,베실로핀정,시암로핀정"
"107701CLT","락하이드린로오숀,타로암모늄락테이트로션"
"107802CLQ","로세릴네일라카,클리넬네일라카,파마아모롤핀네일라카"
"107803CCM","로마릴크림,로세릴크림"
"107830CCM","로마릴크림,로세릴크림"
"107832CLQ","로세릴네일라카,제이릴네일라카,퓨어릴네일라카"
"107833CLQ","넬케어네일라카,넬큐어네일라카,동성아모롤핀네일라카,로마릴네일라카,로세릴네일라카,롤핀네일라카,뷰티네일라카,삼성아모롤핀네일라카,아모넬네일라카,아모롤네일라카"
"108101ACH","곰실린캡슐250밀리그람,아목사펜캡슐(아목시실린수화물,에이목스캡슐,에이씰린캡슐,일동아목시실린수화물캡슐250밀리그램,중외아목시실린캡슐250밀리그램,키목신캡슐,파목신캡슐"
"108103ACH","곰실린캡슐,목실린캡슐,아목시스캡슐,에이목스캡슐,에이씰린캡슐,유목센캡슐,일동아목시실린수화물캡슐500밀리그램,일동아목시실린캅셀,종근당아목시실린캡슐500밀리그램,중외아목시실린캡슐500밀리그램"
"109001ATB","아나덱스정,아나로졸정,아나스토정,아나스프린정,아리미덱스정,아리미스타정,아트로졸정,에이덱스정,테바아나스트로졸정,페미젯정"
"109101COO","듀라티얼즈안연고,오큐티얼즈안연고"
"109201BIJ","훼이바에스티아이엠4주사,훼이바주"
"109301BIJ","안티트롬빈III주,에스케이항트롬빈III주"
"109501BIJ","보란건조살무사항독소주,에스케이건조살무사항독소주,에스케이살무사항독소주,코박스건조살무사항독소주"
"109702BIJ","로티닌주50만단위,아프로팀빈주사50만단위"
"109901ALQ","거드액,동광알긴산나트륨액,라미나지액(알긴산나트륨,스토린액,알기나지액,알기스액,알기큐액,알기텍트액,알긴스액,알긴엔액"
"109931ALQ","거드액,동광알긴산나트륨액,라나프액,라미나지액(알긴산나트륨,라미원액,라미푸르브액,라미프액,미스파액,바이넥스알긴산액,스토린액"
"109932ALQ","거드액,동광알긴산나트륨액,라미나지액(알긴산나트륨,미스파액,스토린액,알기텍트액,알긴지액,알스맥액,알지겐액,알지나액"
"109937ALQ","라미나지액(알긴산나트륨,스토린액,알긴지액,알스맥액,알지겐액,알지나액,알지드액,알지셀액,엔도가드액"
"110001ACH","레녹실캡슐(아르기닌치아졸리딘카르복실레이트,알필캅셀"
"110001ATB","리버필정,리크린정,술필정,알필정(아르기닌치아졸리딘카르복실레이트"
"110201ATB","알말정,알잘정"
"110202ATB","알말정,알잘정"
"110401ATB","마이팜아스코르빈산정1000밀리그람,비타씨정1000밀리그람"
"110402BIJ","대한아스코르브산주사액,제일제약아스코르브산주사액,칸탄주사100밀리그람"
"110404ATB","아스코정,휴온스아스코르브산정"
"110404BIJ","대원아스코르빈산주사액,비스코빈주,제일제약아스코르브산주사액500밀리그람,휴메딕스아스코르브산주사,휴온스아스코르브산주사"
"110405ATB","부광아스코르브산정50밀리그램,씨엠지아스코르브산정50mg,아코빈50mg정"
"110406BIJ","대원아스코르빈산주사액,시코빈주사,씨코빅주,유니씨주"
"110407BIJ","대한뉴팜비타민씨주,비스코빈주,유니씨주"
"110430BIJ","대한아스코르브산주사액,제일제약아스코르브산주사액"
"110431BIJ","대원아스코르브산주사액500mg,맥피민씨주,제일제약아스코르브산주사액500밀리그람,휴메딕스아스코르브산주사,휴온스아스코르브산주사"
"110433BIJ","대원아스코르브산주사액 1ml,대원아스코르브산주사액1ml,동구아스코르브주,시코빈주사,씨코빅주"
"110501BIJ","레보멜스주,리브락정주,아스텍주(엘 아스파라긴산 엘 오르니친,아스텍주(엘아스파라긴산엘오르니친,오르파주(엘 아스파라긴산 엘 오르니틴,오르파주(엘아스파라긴산엘오르니틴,오스파주사액,헤파니친주(엘아스파라긴산엘오르니친,헤파멜즈주"
"110502BIJ","레바토닐인퓨전,레보멜스주사액(엘 아스파라긴산 엘 오르니친,레보멜스주사액(엘아스파라긴산엘오르니친,리벨인퓨전주,리브락인퓨전주사액,아스텍인퓨전,유니인퓨전주,헤파멜즈인퓨전주,헤포나주,헤포리브주"
"110530BIJ","레보멜스주(L 아스파르트산 L 오르니틴)(수출명:호르텍 엘주(L 아스파르트산 L 오르니틴) 헬탄주,레보멜스주(L아스파르트산L오르니틴)(수출명:호르텍엘주(L아스파르트산L오르니틴)헬탄주,리브락정주,아스텍주,오르파주,오스파주사액,오스파주사액(엘 아스파라긴산 엘 오르니친,오스파주사액(엘아스파라긴산엘오르니친,헤파니친주(L 아스파르트산 L 오르니틴수화물,헤파니친주(L아스파르트산L오르니틴수화물"
"110531BIJ","레바토닐인퓨전(L 아스파르트산 L 오르니틴,레바토닐인퓨전(L아스파르트산L오르니틴,레보멜스주사액(L 아스파르트산 L 오르니틴,레보멜스주사액(L아스파르트산L오르니틴,로라멜즈인퓨전주,리벨인퓨전주,리브락인퓨전주,아스텍인퓨전,오스인퓨전주,오스파인퓨전주"
"110701ATB","바이엘아스피린정100밀리그람,신풍어린이용아스피린정"
"110702ATB","바이엘아스피린정500밀리그람,신풍아스피린정"
"110902BIJ","신풍아스피린리신주,알타질주"
"111001ACE","보령바이오아스트릭스캡슐,보령아스트릭스캡슐100밀리그람,아르테빈캡슐,아스피어캡슐,오스틴아스피린캡슐"
"111001ATE","경동아스피린장용정,경보아스피린장용정,광동아스피린장용정100mg,국제아스피린장용정100mg,글로아스피린장용정,넥스핀장용정,뉴스피린장용정,다나릭스장용정,대웅바이오아스피린장용정100밀리그램,대웅아스피린장용정"
"111002ATE","서클베인장용정,아스장용정"
"111003ATE","넥스핀정,린피스정,씨트리아스피린정,아사톱장용정,아스핀장용정"
"111301BIJ","아토신주,포티미신주"
"111402ATB","대웅아테놀롤정25밀리그램,신일아테놀올정,아테노린정,현대테놀민정25밀리그람"
"111403ATB","구주아테놀올정,국제아테놀롤정,뉴젠팜아테놀올정,대우아테놀올정,대웅바이오아테놀롤정50밀리그램,대웅아테놀롤정50밀리그램,디텐트정(아테놀올)[수출명:대원아테놀올정 디텐트 케이정],디텐트정(아테놀올)[수출명:대원아테놀올정디텐트케이정],라이트아테놀롤정,로테날정"
"111501ATB","광동아토르바스타틴정,글로스타정,네오아토정,뉴스타정,뉴스타틴에이정,뉴아토르타정,뉴토르정,뉴펙스정,뉴피토정,다림아토르바스타틴정"
"111502ATB","광동아토르바스타틴정,글로스타정,네오아토정,뉴스타틴에이정,뉴아토르타정,뉴토르정,뉴펙스정,뉴피토정,다림아토르바스타틴정,대웅바이오아토르바스타틴정"
"111503ATB","뉴스타틴에이정,뉴아토르타정,다림아토르바스타틴정,대웅바이오아토르바스타틴정,라도바정,라이트아토르바스타틴정,리바틴정,리포액틴정,리피노정,리피논정"
"111504ATB","대웅바이오아토르바스타틴정,리피논정,리피로우정,리피토정,스피틴정,토바스트정,토바스틴정,휴온스아토르바스타틴정"
"111601BIJ","아쿠렉스주,아크리움주사,아트라주(베실산아트라쿠륨,트라리움주(베실산아트라쿠륨)[수출명: Newtrium Inj.],트라리움주(베실산아트라쿠륨)[수출명:NewtriumInj.]"
"111630BIJ","아크리움주사,아트라주"
"111801BIJ","대한아트로핀황산염주사액,제일아트로핀황산염주사액"
"111801COS","오큐트로핀점안액(아트로핀황산염수화물,이솝토아트로핀점안제"
"111802BIJ","대우황산아트로핀주,대원황산아트로핀주사액,대한아트로핀황산염주사액,제일아트로핀황산염주사액,휴온스아트로핀황산염주사액"
"111830BIJ","대원황산아트로핀주사액,대한아트로핀황산염주사액,제일아트로핀황산염주사액"
"111831BIJ","대한아트로핀황산염주사액,제일아트로핀황산염주사액"
"111832COS","오큐트로핀점안액(아트로핀황산염수화물"
"111901ACH","레벡스캅셀,리바코란캅셀,리버텐캅셀,리코벡캅셀,바스코캅셀,바이리버캡슐,운코란캡슐(운지다당체,크리오캅셀"
"112201ACH","이모튼캡슐"
"112301COS","카타락점안액,퀴낙스점안액"
"112401ATB","아자비오정,아자치오프린피씨에치정,아자티맥정,아자프린정(아자티오프린,이무테라정,이뮤란정,테바아자티오프린정"
"112402ATB","아자비오정,아자티맥정,아자프린정,이무테라정"
"112501ATB","글로스틴정,동성아젤라스틴정,라이트아젤라정,마이스틴정,메가젤틴정,부광아젭틴정,삼성아젤라스틴정,서울아젤라스틴염산염정,셀라스틴정,셀스틴정"
"112503COS","아이젭점안액,아제란점안액(아젤라스틴염산염,아제클점안액"
"112530COS","아제란점안액(염산아젤라스틴"
"112531COS","아이젭점안액,아제클점안액"
"112532COS","아제란점안액(염산아젤라스틴"
"112701ATB","비노지트정,산도스아지트로마이신정250밀리그램,아마이신정,아지로맥스정,아지로신정,아지탑스정,지스로맥스정250밀리그람,큐엘파마아지트로마이신수화물정"
"112702ASY","경보아지스로마이신건조시럽,글로아지트로마이신건조시럽,대웅아지트로마이신건조시럽,대화아지스로마이신건조시럽,드림파마아지스로마이신건조시럽,로스지아건조시럽,로지아건조시럽,리치스로맥스건조시럽,마크로맥스건조시럽,비아지트건조시럽"
"112732ASY","대웅아지트로마이신건조시럽,아스맥신건조시럽,아자스건조시럽,아제토건조시럽,아주스틴건조시럽,아지맥스건조시럽,아지브이건조시럽,아지탑스건조시럽,아지트라건조시럽,지스로맥스건조시럽"
"112733ASY","아주스틴건조시럽,아지탑스건조시럽,아지트라건조시럽,지스로맥스건조시럽"
"112734BIJ","아지탑스주사,지스로맥스주사"
"113001BIJ","메소팜주1그람,메작탐주사(아즈트레오남)[수출명:인바이오넷메작탐주사(아즈트레오남)],아작탐주사1그람,유니작탐주사"
"113002BIJ","메소팜주500밀리그람,메작탐주사(아즈트레오남)[수출명:인바이오넷메작탐주사(아즈트레오남)],아작탐주사500밀리그람,유니작탐주사"
"113101ATB","바카펜정,바캄씰린정"
"113201ACH","두배락캡슐,락비오캡슐,락시러스캡슐,락토민지캡슐,락토셀캡슐,락토엔큐캡슐,리케락캡슐,바시판포르미캡슐,바실리스캡슐,바실리켄캡슐"
"113201AGN","리케루스과립,정장생과립"
"113201APD","두배락산,바리켄산,바실락산,바실리켄산,바실페디산,비스칸엔산,비알에스락산,비오딘산,에스락산,에시플엔산"
"113231APD","비알에스락산,에시플엔산"
"113232APD","두배락산,라시베베산,락토엔큐산,리케락산,바리켄산,바시판포르미산,바실리스산,바실리켄산,바실리포미스산,바실페디산"
"113304ATB","비스칸정,엔토비정,포리마정"
"113501ATB","뉴젠팜바클로펜정10밀리그램,대우바클로펜정10밀리그램,동구바클로펜정10밀리그람,바라파정,바로판10밀리그람정,바크라폰정,바크론정10밀리그람,바클란정,바클렌정,바클펜정"
"113501BIJ","리오레살주"
"113502ATB","넥스팜바클로펜정20밀리그람,레고켐바클로펜정,프렉스정"
"113504ATB","바크론정5밀리그람,프렉스정"
"113601ATB","밤벡정,밤부날정,밤부콜정10밀리그람,밤부톨정,밤비정(염산밤부테롤,밤테롤정,아스테롤정,에이테롤정"
"113602ASY","밤부날시럽,아스테롤시럽"
"113630ASY","밤부날시럽,아스테롤시럽"
"113801ATB","바미딜정,바미린정300밀리그람,바미토리정300밀리그람,바미프린정,바미필정,바스마정300밀리그람,바스필린정300밀리그람,바이핀정,바이필정300밀리그람,바피린정"
"113902ASS","레딕스액120그람,솔로탑액120"
"113903ASS","레딕스액130그람,솔로탑액130"
"113904ASS","레딕스액140그람,솔로탑액140"
"113908ASS","이젯켓,태준이지시티액4.6"
"113909ASS","레딕스액70그람,솔로탑액70"
"113911APD","레딕스현탁용분말,솔로탑현탁용분말"
"113912APD","이지 에이취디현탁용분말,이지에이취디현탁용분말"
"113938APD","이지 에이취디현탁용분말,이지에이취디현탁용분말"
"113939ASS","레딕스액70그람,솔로탑액70"
"113940ASS","레딕스액120그람,솔로탑액120"
"113942ASS","레딕스액130그람,솔로탑액130"
"113944ASS","레딕스액140그람,솔로탑액140"
"113946APD","레딕스현탁용분말,솔로탑현탁용분말"
"114511ATE","클리퍼지속성장용정"
"114902ATB","벤다라인정,벤다린정,카리진정"
"115101ATB","벤디핀정,코닐정,코디핀정"
"115102ATB","베니핀정(염산베니디핀,벤디핀정,벤지핀정,코닐정,코디핀정"
"115103ATB","벤디핀정,코닐정,코디핀정"
"115302CLQ","노베실액,베노카인액"
"115330CLQ","노베실액,베노카인액"
"115331CLQ","노베실액,베노카인액"
"115401ATB","넬슨벤프로페린정20밀리그람,세린정,자모페어정,코프렐정,투렌정,투사펠정(인산벤프로페린"
"115502BIJ","몰다민주,벤제타실주,한올마이신주120만단위"
"115601ATB","명인날카리신정,유리논정"
"116001ATB","명인벤즈트로핀메실산염정1밀리그램,태극벤즈트로핀정1밀리그람,환인벤즈트로핀정"
"116002ATB","명인벤즈트로핀메실레이트정2밀리그람,태극벤즈트로핀정2밀리그람,환인벤즈트로핀정"
"116101CLQ","벤다액,벤지메딘액,벤톨액,삼아탄툼액,안티스액,이텍스벤지다민액"
"116131CLQ","삼아탄툼액,퍼스가글액"
"116132CLQ","삼아탄툼액,안티스액"
"116134CLQ","벤지메딘액,삼아탄툼액,안티스액,이텍스벤지다민액"
"116201ATB","베도즈정,베라스톨린정,베라스트정,베라실정,베라클정,유니버거정"
"116302ATB","날시닌포르테정,메네스정"
"116502BIJ","글로베타메타손주,대원인산베타메타손나트륨주사액,동광베타손주,동구베타메타손주사,메디카베타메타손인산나트륨주,제일제약베타메타손주사액,타메존주,한올베타메타손주,휴온스베타메타손포스페이트나트륨주사액"
"116530BIJ","글로베타메타손주,대원인산베타메타손나트륨주사액,동광베타손주,메디카베타메타손인산나트륨주,베타멘주,제일제약베타메타손주사액,타메존주,한올베타메타손주,휴온스베타메타손포스페이트나트륨주사액"
"116601CLQ","덴드리액,바롤액,부광에몰액"
"116630CLQ","덴드리액,부광에몰액"
"116801ATB","다베롤정,베타졸정,베탁정,부광켈론정"
"116802COS","베톱틱 에스점안액,베톱틱에스점안액"
"116803ATB","다베롤정,베타졸정,베탁정,부광켈론정,켈린정,하이프리정"
"116830COS","베톱틱 에스점안액,베톱틱에스점안액"
"116831COS","베톱틱점안액"
"116902ATB","마이토닌정,오스네콜정,유니네콜정,투티네콜정,하이네콜정"
"117101ATB","데미아정,베자립정"
"117201ATB","비카덱스정,비카루드정,비카소정,비칼루정,카덱소정,카덱스정,카소덱스정,카소비트정,카스델정,칼루타미정"
"117202ATB","카스델정,칼루타미정"
"117301CCM","비레텐크림,비포졸크림,스퍼나졸크림(바이포나졸"
"117301CLQ","바리토나액,바포나액"
"117401ACH","비오딘에스캅셀,비오엠캅셀,비오텍캅셀,원기딘캅셀"
"117501ATB","비페린정,아톨정"
"117701ATB","가네마정(비페닐디메칠디카르복실레이트,닛셀정,디디셀정,디비디정,레비셀정(비페닐디메칠디카르복실레이트,레오빌정,레코비정,레포틸정,리바텍정,리버비셀정"
"117702ACH","그로셀캅셀,디디비캡슐,디디셀캡슐,디디셀캡슐(비페닐디메칠디카르복실레이트,메테스캡슐,비디비캡슐,비비셀캡슐,비페란캡슐(비페닐디메틸디카르복실레이트,큐디셀캡슐,헤파킨캡슐"
"117702ACS","리버셀연질캡슐,지셀연질캡슐"
"117703ACS","디캡나노연질캡슐(비페닐디메칠디카르복실레이트)(수출명:DCAPNANO,원셀연질캅셀3밀리그람(비페닐디메칠디카르복실레이트)(수출명:필셀캅셀,헤바빈연질캡슐,헤파필연질캡슐(비페닐디메칠디카르복실레이트"
"117902ATB","바이프롤정,베타드렌정,베타원정,베타프롤정,비소롤정,비소폴정,산도스비소프롤롤정,콩브럭정,콩코르정,콩크린정"
"117903ATB","콩브럭정,콩코르정"
"118001BIJ","브레오신주,브레오신주(바이알"
"118101ASS","노루모현탁액,듀란타현탁액(보에마이트,보히트현탁액,봄겔,위튼겔,잔타임현탁액"
"118401COS","모니간점안액,옵티그린점안액,한국알콘주석산브리모니딘점안액"
"118402COS","브리딘티점안액,브리모닌점안액,알로파딘점안액,알파간피점안액,알파몬피점안액"
"118431COS","모니간점안액,옵티그린점안액,한국알콘 주석산브리모니딘 점안액,한국알콘주석산브리모니딘점안액"
"118432COS","브리딘티점안액,브리모닌점안액,알로파딘점안액,알파간피점안액,알파몬피점안액"
"118434COS","브리딘티점안액,알파벨라점안액"
"118501ATB","렉토팜정3밀리그람,명인브로마제팜정3밀리그람[ 브라제팜정3밀리그람(브로마제팜) 렉소만정3밀리그람(브로마제팜)],명인브로마제팜정3밀리그람[브라제팜정3밀리그람(브로마제팜)렉소만정3밀리그람(브로마제팜)]"
"118601ATB","뮤코졸정,비졸본정,신일브롬헥신염산염정"
"118602BIJ","비졸본주사액,신풍염산브롬헥신주,유니온브롬헥신주"
"118701ATB","부로미딘정,팔로델정"
"118904ATB","부롬정5밀리그람,테소푸렐정"
"119403CCM","로지나크림,베베크림,제크크림"
"119404CSI","부데코트흡입액,풀미칸분무용현탁액,풀미코트레스퓰분무용현탁액"
"119405CLQ","데소나비액,유한풀미코트비액32마이크로그람"
"119432CCM","로지나크림,베베크림"
"119433CCM","베베크림,제크크림"
"119439CCM","로지나크림,제크크림"
"119502CSI","오부코트스윙헬러,풀미코트터부헬러 dose100기타,풀미코트터부헬러dose100기타,프레노린200mcg분말흡입제,프레노린400mcg분말흡입제"
"119505CSI","오부코트스윙헬러,프레노린200mcg분말흡입제,프레노린400mcg분말흡입제"
"119530CSI","오부코트스윙헬러,풀미코트터부헬러 dose,풀미코트터부헬러dose"
"119533CSI","부데코트흡입액,풀미칸분무용현탁액,풀미코트레스퓰분무용현탁액,풀미큐어분무용현탁액"
"119601ATB","부롤린정,후메칠정(수출명:비후메칠정"
"119602BIJ","메프로딜주사,코러스염산부플로메딜주,폰딜주사액,플로메드주사,플로부틸주사(염산부플로메딜"
"119701ACH","대웅부플로메딜캡슐,드림파마부플로메딜인산피리독살캡슐,부로칸캡슐,부푸란캡슐,브메딜캡슐,세르메딜캡슐,푸로딜캡슐,프렉토캡슐,프로딜캡슐,피르메딜캡슐"
"120101BIJ","명문염산부피바카인주,유마카인주,푸카인주사,하나염산부피바카인주,한올부피바카인주,휴온스부피바카인염산염주사"
"120104BIJ","마케인헤비주사,명문염산부피바카인헤비주사,뷰카인주,이연염산부피바카인덱스트로스주,하나염산부피바카인헤비주사"
"120106BIJ","명문염산부피바카인주,유마카인주,푸카인주사,하나염산부피바카인주"
"120130BIJ","마케인헤비주사,명문염산부피바카인헤비주사,뷰카인주,염산부피바카인주사하이퍼바주사,이연부피바카인염산염일수화물덱스트로스주,하나부피바카인염산염헤비주사"
"120131BIJ","명문염산부피바카인주,하나염산부피바카인주"
"120132BIJ","명문염산부피바카인주,푸카인주사,하나부피바카인염산염주,한올부피바카인주,휴온스부피바카인염산염주사"
"120203CPC","노스판패취 h,노스판패취h"
"120204CPC","노스판패취 h,노스판패취h"
"120205CPC","노스판패취 h,노스판패취h"
"120231CPC","트랜스텍패취 h,트랜스텍패취h"
"120232CPC","트랜스텍패취 h,트랜스텍패취h"
"120233CPC","트랜스텍패취 h,트랜스텍패취h"
"120234CPC","부프레인패취 h,부프레인패취h"
"120235CPC","부프레인패취 h,부프레인패취h"
"120236CPC","부프레인패취 h,부프레인패취h"
"120501ATB","명인부스피론염산염정10밀리그램,바브론정,보령부스파정,부스론정,부스원정,부스피린정,부포닌정,삼성부스피론정,영진부스피론정,영풍부스피론정"
"120502ATB","명인염산부스피론정5밀리그람,바브론정,보령부스파정,부스론정,부스원정,부스타정,부스포론정,부스피린정,부스핀정,부포닌정"
"120602BIJ","부설펙스주,부설펙스주(바이알"
"120630BIJ","부설칸주,부설펙스주(바이알"
"120701ASY","부미콜시럽,지노콜시럽"
"120901CCM","다나핀크림,부테나크림,부테닐크림(염산부테나핀,엔나핀크림,엠테크림,영진멘탁스크림"
"120931CCM","다나핀크림,부테나크림"
"120935CCM","부테나크림,영진멘탁스크림"
"121101BIJ","부놀주사,부토판주사1밀리그람 밀리리터,부토판주사1밀리그람밀리리터"
"121102BIJ","부놀주사2밀리그람 밀리리터,부놀주사2밀리그람밀리리터,부토판주사2밀리그람 밀리리터,부토판주사2밀리그람밀리리터,부파놀주사"
"121130BIJ","부놀주사,부토판주사1밀리그람 밀리리터,부토판주사1밀리그람밀리리터"
"121131BIJ","부놀주사2밀리그람 밀리리터,부놀주사2밀리그람밀리리터,부토판주사2밀리그람 밀리리터,부토판주사2밀리그람밀리리터,부파놀주사"
"121303BIJ","메디카인주사,메조카주사,펜틸주"
"121530COM","다이보넥스연고,디오베트리에이연고"
"121601ACS","네오본연질캡슐0.25마이크로그람(칼시트리올,로시칼연질캅셀(칼시트리올,로이칼연질캅셀,로칼트롤연질캡슐0.25마이크로그람,보네이연질캅셀,본키연질캡슐,오스테오연질캅셀,올카연질캡슐(칼시트리올)(수출명:HUONSOLCARolcasoftcap.,올키연질캡슐,카라벤연질캡슐(칼시트리올"
"121602BIJ","네오본주1마이크로그램,본키주1마이크로그람"
"121605COM","소리아연고,실키스연고"
"121630BIJ","네오본주1마이크로그램,본키주1마이크로그람"
"121701ATB","네프로정,칼슈트정,포슈인정,포스바인정,포스포정,포스핀정,포슬로정"
"121801ATB","넥스팜탄산칼슘정,마이팜탄산칼슘정,씨씨본정,이든탄산칼슘정,이탄칼정,제이에스탄산칼슘정,카니트정,태극탄산칼슘정,파마탄산칼슘정,한국유나이티드탄산칼슘정"
"121901ATB","다그린정,에디정,이시드정,카네드정,칼시드정,탄시드정"
"122001BIJ","염카루 주,염카루주,중외염화칼슘주사액,휴온스염화칼슘주사액"
"122202BIJ","대한글루콘산칼슘주,제이더블유중외제약글루콘산칼슘주사액,중외글루콘산칼슘주사액"
"122301ATB","뉴콘정,듀오메디정,듀콘정,렉실정,셀칼콘정,솔콘정,실로필정,실콘정,웰콘정,카르콘정"
"122501ATB","씨앤피정,일성호이판정,호이스타정,호이콜정"
"122601ATB","네오칸데정,데잘탄정,데카르탄정,동광칸데사르탄정,삼성칸데사르탄정,아나탄정,아르탄정,아칸데정,아타칸정,제뉴원칸데사르탄정"
"122602ATB","고려칸데사르탄정,글로아타정,네오칸데정,데잘탄정,데카르탄정,동광칸데사르탄정,삼성칸데사르탄정,아나탄정,아데탄정,아르탄정"
"122603ATB","네오칸데정,아타칸정,칸데모어정"
"122701ATB","잘보빈정,젤로다정,젤로빅정,젤로칸정,젤카타빈정,카페빈정,캡타빈정"
"122702ATB","잘보빈정,젤로다정,젤로빅정,젤로칸정,젤카타빈정,카페빈정,캡타빈정"
"122801CCM","다이펜탈크림,조스트릭스크림"
"122802CCM","다이악센크림,조스트릭스에취피크림"
"122901ATB","일동캅토프릴정12.5밀리그람,카프릴정12.5밀리그람(캅토프릴)수출명;Captolongtablet"
"122902ATB","마이팜캅토프릴정,일동캅토프릴정25밀리그람,카프릴정(캅토프릴)수출명:Captolongtablet,케타닌정(캅토프릴"
"123001COS","마이스톱주,마이오스타트주사"
"123030BIJ","마이스톱주,마이오스타트주사"
"123102ATB","카르마인정(카르바마제핀,카마제핀정,테그레톨정"
"123102ATR","아트레톨씨알정,에필렙톨씨알정,카르마인씨알정,카마제핀씨알정200밀리그람,카바민씨알정200밀리그람,테그레톨씨알정"
"123104ATR","부광티모닐서방정,카마제핀씨알정300밀리그람"
"123701BIJ","네오플라틴주,동아카프란주사액,디비엘카보플라틴주 ml,디비엘카보플라틴주ml,카보신주사,카보티놀주사,플라스틴주,화이자카보플라틴주"
"123702BIJ","네오플라틴주,동아카프란주사액,디비엘카보플라틴주 ml,디비엘카보플라틴주ml,카보신주사,카보티놀주사,플라스틴주,화이자카보플라틴주"
"123703BIJ","네오플라틴주,동아카프란주사액,디비엘카보플라틴주 ml,디비엘카보플라틴주ml,카보신주사,카보티놀주사,플라스틴주,화이자카보플라틴주"
"123704BIJ","디비엘카보플라틴주 ml,디비엘카보플라틴주ml,화이자카보플라틴주"
"123706BIJ","산도스카보플라틴주 mL,산도스카보플라틴주mL,에베베카보플라틴주 mL,에베베카보플라틴주mL"
"123708BIJ","네오플라틴주,플라스틴주"
"123730BIJ","네오플라틴주,동아카프란주사액,디비엘카보플라틴주 ml,디비엘카보플라틴주ml,카보신주사,카보티놀주사,화이자카보플라틴주 ml,화이자카보플라틴주ml"
"123731BIJ","네오플라틴주,동아카프란주사액,디비엘카보플라틴주 ml,디비엘카보플라틴주ml,카보신주사,카보티놀주사,화이자카보플라틴주 ml,화이자카보플라틴주ml"
"123732BIJ","네오플라틴주,동아카프란주사액,디비엘카보플라틴주 ml,디비엘카보플라틴주ml,카보신주사,카보티놀주사,화이자카보플라틴주,화이자카보플라틴주 ml,화이자카보플라틴주ml"
"123734BIJ","디비엘카보플라틴주 ml,디비엘카보플라틴주ml,화이자카보플라틴주 ml,화이자카보플라틴주ml"
"123736BIJ","산도스카보플라틴주 mL,산도스카보플라틴주mL"
"123801ACH","리나치올캡슐500밀리그람"
"123802ACH","리나치올캡슐"
"123803ASY","리나치올시럽(L 카르보시스테인,리나치올시럽(L카르보시스테인,메피롤 씨시럽,메피롤씨시럽,소아용뮤코론시럽,엑스펙토시럽,카로민시럽"
"123804ACH","나나스테인캅셀,리나치올캡슐,리놀캅셀,뮤코론캡슐"
"123805ASY","로나토프시럽,리나치올시럽,리놀시럽,메피롤 씨시럽,메피롤씨시럽,뮤론시럽,뮤코론시럽,엑스펙토시럽,콜감시럽5그람"
"123830ASY","메피롤 씨시럽,메피롤씨시럽"
"123831ASY","메피롤 씨시럽,메피롤씨시럽,소아용뮤코론시럽"
"123832ASY","메피롤 씨시럽,메피롤씨시럽"
"123833ASY","메피롤 씨시럽,메피롤씨시럽,소아용뮤코론시럽"
"123834ASY","메피롤 씨시럽,메피롤씨시럽"
"123835ASY","메피롤 씨시럽,메피롤씨시럽"
"123836ASY","소아용뮤코론시럽"
"123837ASY","메피롤 씨시럽,메피롤씨시럽"
"123838ASY","메피롤 씨시럽,메피롤씨시럽"
"123839ASY","메피롤 씨시럽,메피롤씨시럽"
"123840ASY","리나치올시럽(L 카르보시스테인,리나치올시럽(L카르보시스테인,메피롤 씨시럽,메피롤씨시럽,소아용뮤코론시럽,엑스펙토시럽"
"123841ASY","리나치올시럽(L 카르보시스테인,리나치올시럽(L카르보시스테인,소아용뮤코론시럽,엑스펙토시럽"
"123842ASY","메피롤 씨시럽,메피롤씨시럽"
"123843ASY","리나치올시럽,메피롤 씨시럽,메피롤씨시럽,엑스펙토시럽,콜감시럽5그람"
"123844ASY","리나치올시럽,리놀시럽,뮤코론시럽,엑스펙토시럽"
"123901ATB","신일실리마린정,씨티박스정,풀시드정,하원시리마린정"
"123903ACS","리버텍연질캡슐,마리아누스연질캡슐"
"123903ATB","영풍시리마린정,카루투스정,헤파겐정,헤프린정"
"123904ATB","레가론정,신일실리마린정"
"123907ACS","가네리버연질캡슐,리버윈연질캡슐,리버큐연질캡슐,맥스마린연질캡슐,시슬린연질캡슐,실디나연질캡슐,실리큐민연질캡슐,자이젠헤파골드연질캡슐,하노마린350연질캡슐,헤파라이프연질캡슐"
"123908ACS","가네리버연질캡슐,뉴마린연질캡슐,뉴브롤연질캡슐,레가마린연질캡슐,레가셀연질캡슐,레가탄연질캡슐,레바실린연질캡슐,리버존캡슐,리버칸연질캡슐,리브롤연질캡슐"
"124001ACH","레가론캡슐140,리헤파캡슐"
"124501ALQ","엘카론액"
"124501ATB","엘칸츄정"
"124501BIJ","메조니틴주,엘칸주사1그람,엘팻주,케리에프에이주"
"124502ALQ","엘칸액"
"124503ATB","슬리칸정,엘카돌정,엘카렌정,엘카르틴정,엘칸정,엘킨스정,카디엘정,카르틴정330밀리그람"
"124530BIJ","메조칼린주,엘칸주사,케리에프에이주"
"124531ALQ","엘칸액"
"124535ALQ","엠로딘액"
"124536ALQ","엠로딘액"
"124537ALQ","큐에르액"
"124601ATB","베몬정,스파리나정,스파몬정,스파베린정,영풍카로베린20밀리그람,웬스파정"
"124602BIJ","대화염산카로베린주사,베카인주사(염산카로베린)(수출명:Viseinj.,스파리나주,스파몬주,스파베린주,스파벤주,카빈주사,코러스염산카로베린주"
"124802COS","미케란점안액,칼타몰점안액"
"124803COS","미케란점안액,참염산카르테올롤점안액,카롤점안액,칼타몰점안액,칼테점안액"
"124833COS","카롤점안액,칼타몰점안액,칼테점안액"
"125001ATB","건카베딜정,뉴딜렌정,뉴카르벨로정,달라트정,듀베롤정12.5밀리그람,디베롤정12.5밀리그람,디카베엠정,딜라젠정,딜라텐정,딜라트렌정"
"125002ATB","건카베딜정,경보카르베딜롤정,글로디올정,뉴딜렌정,뉴카르벨로정,달라트정,대웅카르베딜롤정25밀리그램,듀베롤정,디란트정(카르베딜롤,디카베엠정"
"125003ATB","딜라트렌정,바소트롤정,인트랙정"
"125004ACR","딜라트렌에스알캡슐,카르베롤서방캡슐"
"125006ACR","딜라트렌에스알캡슐,카르베롤서방캡슐"
"125007ACR","딜라트렌에스알캡슐,카르베롤서방캡슐"
"125008ACR","딜라트렌에스알캡슐,카르베롤서방캡슐"
"125201ACH","경보세파클러캡슐,고려세파클러캡슐,광동세파클러캡슐,네오세프캡슐,넬슨세파클러캡슐,뉴세파캡슐,뉴클러캡슐,뉴파클러캡슐,뉴포린캡슐,대우세파클러캡슐"
"125202ASY","경보세파클러건조시럽 mL,경보세파클러건조시럽mL,광동세파클러건조시럽,구주세파클러건조시럽125밀리그람,네오세프건조시럽125밀리그람,대웅세파클러건조시럽,대화세파클러건조시럽,동화세파클러건조시럽125밀리그람,미클라건조시럽,세시드건조시럽125밀리그람"
"125204ATR","광동세파클러MR서방정375밀리그람,글로세파클러서방정,뉴젠세파클러서방정,동구세파클러수화물서방정375mg,메디카세파클러서방정,바이클러서방정,삼익세파클러서방정375밀리그람,세크라딘서방정375밀리그람,세클러MR서방정,세클원서방정"
"125209AGN","세시드과립,세클과립,쎄크릭과립,제이클러과립"
"125232ASY","세파클린건조시럽,일동세파클러수화물건조시럽,케모신건조시럽(세파클러수화물,크로세프건조시럽"
"125233ASY","케모신건조시럽(세파클러수화물"
"125234ASY","오라클러건조시럽,크로세프건조시럽"
"125235ASY","경보세파클러건조시럽 mL,경보세파클러건조시럽mL,구주세파클러건조시럽125밀리그람 5밀리리터,구주세파클러건조시럽125밀리그람5밀리리터,세클렉스건조시럽,싸이클러건조시럽,쎄클러건조시럽,에이프로젠세파클러건조시럽 5ml,에이프로젠세파클러건조시럽5ml,종근당세파클러건조시럽 밀리리터"
"125236ASY","오라클러건조시럽"
"125237ASY","광동세파클러건조시럽 5mL,광동세파클러건조시럽5mL,구주세파클러건조시럽125밀리그람 5밀리리터,구주세파클러건조시럽125밀리그람5밀리리터,네오세프건조시럽125밀리그람,대웅세파클러건조시럽 5밀리리터,대웅세파클러건조시럽5밀리리터,대화세파클러수화물건조시럽 5ml,대화세파클러수화물건조시럽5ml,동화세파클러건조시럽125밀리그람"
"125239ASY","케모신건조시럽(세파클러수화물"
"125302ACH","뉴젠팜세파드록실캅셀250밀리그람,영일세파드록실캡슐250밀리그람,이텍스세파드록실캅셀250밀리그람,이텍스세파드록실캡슐250밀리그람,하프록실캡슐250밀리그람"
"125303ASY","보령듀리세프건조시럽"
"125304ACH","광동세파드록실캡슐,국제세파드록실캡슐(세파드록실수화물,글로세파드록실캡슐,뉴티드로캡슐,뉴파드캡슐,대웅세파록실캡슐,대웅세파록실캡슐(세파드록실수화물,대화세파드록실캡슐,데록실캡슐,드로세프캡슐(세파드록실수화물"
"125305ASY","보령듀리세프건조시럽"
"125330ASY","보령듀리세프건조시럽"
"125331ASY","보령듀리세프건조시럽"
"125332ASY","보령듀리세프건조시럽"
"125333ASY","보령듀리세프건조시럽"
"125334ASY","보령듀리세프건조시럽"
"125401BIJ","근화세파만돌나페이트주1그람,동광세파만돌나페이트주,마도세프주(세파만돌나페이트,만세프주,만세프주1그람,슈넬세파만돌주,영진세파만돌나페이트주1그람,한국유나이티드세파만돌주"
"125601ACH","삼진세파트리진캡슐,세로트진캅셀250밀리그람,세리타신캅셀(세파트리진프로필렌글리콜,세파트린캡슐,세프로캅셀,종근당세파트리진캅셀"
"125602ASY","세파디핀건조시럽250밀리그람"
"125630ASY","세파디핀건조시럽250밀리그람"
"125701BIJ","국제세파졸린주1그람,비씨세파졸린주,세파메진주,세포졸주,유한세파졸린주사,유한세파졸린주사1000mg,종근당세파졸린주,종근당세파졸린주1그람,한국유나이티드세파졸린나트륨주1그람"
"125704BIJ","세파메진주,종근당세파졸린주"
"125801BIJ","진페라존주"
"125802BIJ","건일세프부페라존나트륨주사500밀리그람,세부존주,진페라존주500밀리그람,페라주,프라존주,한올토미포란주,한올토미포란주500밀리그람"
"125901ACH","동광세프디니르일수화물캡슐100밀리그램,디니세프캡슐,바이세프캡슐,세프다나캡슐,세프디어캡슐,애니세프캡슐,오마세프캡슐,옴니세프캡슐,옵티르캡슐,하이디놀캡슐"
"125901AGN","바이세프세립,세프다나세립,세프디어세립,애니세프세립,옴니세프세립소아용"
"125931AGN","바이세프세립,세프다나세립,세프디어세립,애니세프세립,옴니세프세립소아용"
"126101BIJ","뉴세핌주1그람,동화염산세페핌주,명문세페핌주,보령맥스핌주,보령맥스핌주1그람,세펨주사,세피맥스주1그람,아세핌주,알보젠세페핌염산염수화물주,한불염산세페핌주1그람"
"126103BIJ","보령맥스핌주,보령맥스핌주0.5그람"
"126201ATB","세페신정,세페타트정"
"126301ACH","경방세픽심캡슐,국제세픽심수화물캡슐,넬슨세픽심캡슐,뉴젠팜세픽심캡슐,대웅세픽심캡슐,동구세픽심수화물캡슐100밀리그램,동성세픽심캡슐(세픽심수화물,동아슈프락스캡슐,마더스세픽심캡슐,명문세픽심캡슐"
"126302APD","동아슈프락스산,세픽스산(세픽심수화물,포세프산(세픽심수화물"
"126334APD","동아슈프락스산,세픽스산,포세프산(세픽심수화물"
"126401BIJ","국제세프메녹심염산염정주1그람,국제세프메녹심정주1그람,메녹스정주1그람,메녹씸정주1그람,코녹심주,하이세프주1그람"
"126403BIJ","메녹스정주500밀리그람,메녹씸정주,세프멕심정주500밀리그람"
"126501BIJ","경보세프메타졸나트륨주,곰세파주,곰세파주1그람,국제세프메타졸나트륨주1그람,동광세프메타졸주1그람,동화세프메타존주1그람,메타졸주1그람,세메타주1그람,세포타졸주1그람,세프메졸주"
"126502BIJ","곰세파주,동화세프메타존주0.5그람,삼천당세프메타졸주,세메타주500밀리그람,세포타졸주0.5그람,세프메드주사,세프메졸주,유니온세프메타졸주500밀리그람,포메타주500밀리그람"
"126503BIJ","경보세프메타졸나트륨주,곰세파주"
"126601BIJ","국제세프미녹스주1그람,메이세린주1그람,미노세린주,세녹스주1.0그람,세미녹스주1그람,세프노주,세프녹스주1그람,세프메린주,세프미노주,세프미노주1그람"
"126602BIJ","국제세프미녹스주500밀리그람,메이세린주0.5그람,세프녹스주500밀리그람,세프메린주,세프미노주,세프미노주0.5그람,유니세린주사500밀리그람"
"126701BIJ","뉴디짐주,뉴디짐주1.0그람,모디짐주1그람"
"126901BIJ","세파페존주(세포페라존나트륨,세포존주1그람,쎄포린주사1그람,유한세포페라존나트륨주사1그람,한페존주1그람"
"126902BIJ","쎄포린주사2그람,한국유나이트세포페라존주2그람"
"127101BIJ","경보세포탁심나트륨주,경보세포탁심나트륨주1.0그램,국제세포탁심나트륨주1그람,대우세포탁심나트륨주1그람,대웅세포탁심나트륨주1그람,대웅세포탁심나트륨주1그램,메디카세포탁심주,메디탁심주,세타심주,세포탁주"
"127102BIJ","경보세포탁심나트륨주,경보세포탁심나트륨주2.0그램,대웅세포탁심나트륨주2그람,대웅세포탁심나트륨주2그램,메디탁심주,세타심주,세포탐주,신풍세포탁심나트륨주2그람,씨제이세포탁심나트륨주,아스포타심주"
"127103BIJ","경보세포탁심나트륨주,경보세포탁심나트륨주0.5그램,대한뉴팜세포탁심주(세포탁심나트륨)[수출명:세탁심(Cetaxime)],신풍세포탁심나트륨주500밀리그람,신풍세포탁심나트륨주500밀리그램,씨제이세포탁심나트륨주,영진세포탁심나트륨주500밀리그람,우리들세포탁심나트륨주500mg,유니탁심주,이노엔세포탁심나트륨주0.5그램"
"127201BIJ","국제세포테탄나트륨주1그람,비씨세포테탄나트륨주1그람,세테탄주,세파로탄주,세포텐주,야마테탄주1그람,우리들세포테탄주,유니테탄주1그람,유로테탄주,이연세포테탄주"
"127202BIJ","비씨세포테탄나트륨주250밀리그람,유니테탄주250밀리그람,한국유나이티드세포테탄나트륨주"
"127203BIJ","국제세포테탄나트륨주500밀리그람,비씨세포테탄나트륨주500밀리그람,세파로탄주,유니테탄주500밀리그람,이연세포테탄주"
"127301BIJ","경보세포티암염산염정주,경보세포티암염산염정주1.0그램,곰티암주,곰티암주1그람,비씨염산세포티암정주,삼성세포티암주1.0그람,삼천당세포티암주,세라도란정주,세라도란정주1그람,세라돌주"
"127302BIJ","곰티암주,곰티암주0.5그람,비씨염산세포티암정주,삼성세포티암주0.5그람,세라도란정주0.5그람,세포챰주,세포챰주0.5그람,유니온세포티암주,제티암주,제티암주0.5그람"
"127303BIJ","곰티암주피부반응용,삼성세포티암주피내반응용셋트,삼천당세포티암주피내반응용,세티암주피내반응용,제티암주피내반응용,종근당세포티암앰플주피내반응용셋트,종근당세포티암주피내반응용,티아세프주피내반응용,폰티암주피부반응용,한국유나이티드세포티암주피부반응용"
"127501BIJ","신풍세폭시틴나트륨주,신풍세폭시틴나트륨주1그람,유니온세폭시틴주,제이틴주,파세틴주"
"127701BIJ","세피라드주,세피라드주1그람,유한세프피란주,유한세프피란주1그람,중외세프피라미드나트륨주1그람"
"127702BIJ","세피라드주0.5그람,유한세프피란주,유한세프피란주0.5그람"
"127801BIJ","명문세프피롬주1그람,세파메롬주,세피롬주,유세롬주1그람,이세롬주,한세롬주,한세롬주1그람"
"127802BIJ","세파메롬주,유세롬주0.5그람"
"127901ATB","경보세프포독심프록세틸정,뉴세독스정,독세틸정,동구세프포독심프록세틸정100밀리그램,동성세프포독심프록세틸정,라독심정,로픽심정,바난정,세록틸정,세파난정"
"127903ASY","뉴세포건조시럽,바난건조시럽50밀리그람(역가,반틴건조시럽50밀리그람(역가,세독심건조시럽,세심건조시럽,세파난건조시럽,세포독심건조시럽,세포세틸건조시럽,세포심건조시럽,세프독심건조시럽"
"127930ASY","뉴세독스건조시럽,세포세틸건조시럽,프록틸건조시럽"
"127931ASY","경보세프포독심프록세틸건조시럽,뉴세포건조시럽,라독심건조시럽,바난건조시럽(역가,반틴건조시럽50밀리그람(역가,세난건조시럽,세독심건조시럽,세록틸건조시럽,세심건조시럽,세파난건조시럽"
"127932ASY","바난건조시럽(역가"
"128001ATB","경보세프프로질정,네스포정,네오세질정,로지세프정,삼아세프프로질정,세란트정,세로파질정,세포질정250밀리그람,세푸질정,세프란정"
"128002ASY","삼아세프프로질시럽,세란트건조시럽,세로파질건조시럽,세로프건조시럽,세실프로건조시럽,세파질건조시럽,세포질건조시럽125밀리그람,세프로질건조시럽125밀리그람,세프진시럽,세프질시럽125밀리그람"
"128030ASY","세로파질건조시럽,세실프로건조시럽,세포질건조시럽125밀리그람,세프로질건조시럽125밀리그람,세프론건조시럽,세프진시럽,투세프건조시럽"
"128031ASY","삼아세프프로질건조시럽,세란트건조시럽,세로프건조시럽,세파질건조시럽,세프론건조시럽,세프진시럽,세프질건조시럽,세피로질건조시럽,프로세프건조시럽,프로질시럽"
"128032ASY","삼아세프프로질건조시럽,세란트건조시럽,세로프건조시럽,세파질건조시럽,세프로질건조시럽125밀리그람,세프론건조시럽,세프질건조시럽,세피로질건조시럽,프로세프건조시럽"
"128101ACH","세록사딘캡슐,유니록사딘캅셀,타이록신캡슐"
"128301BIJ","국제세프타지딤수화물주1그람,글로지딤주,대웅세프타지딤주,대웅세프타지딤주1그램,동화세프타지딤주,딤세프주,딤세프주1그람,바이넥스세프타지딤주,세짐주1그람(세프타지딤수화물,세파짐주"
"128302BIJ","대웅세프타지딤주0.5그람,동화세프타지딤주,딤세프주0.5그람,세프다임주,세프타짐주500밀리그람,타짐주,타짐주500밀리그람"
"128303BIJ","세프타주,인바이오넷세프타지딤주,타짐주,토프딘주"
"128401ATB","세테실정,토미론정"
"128501BIJ","경동세프테졸주,경동세프테졸주1그람(세프테졸나트륨,경보세프테졸나트륨주,경보세프테졸나트륨주1.0그램,대한세프테졸나트륨주1그람,대화세프테졸나트륨주1그람,동광세프테졸주1그람,동화세프테졸나트륨주1그람,동화세프테졸나트륨주1그램,라이트세프테졸나트륨주"
"128502BIJ","세트라졸주사,한국유나이트세프테졸주2그람"
"128503BIJ","세트라졸주사,신풍세프테졸나트륨주,신풍세프테졸나트륨주500MG,포스란주,포스란주0.5그람"
"128602ACH","세텐캡슐200밀리그람,세프템캡슐"
"128701BIJ","동광세프티족심나트륨주,동광세프티족심나트륨주1그램,바루세파주(세프티족심나트륨,바루세파주1그람(주사용세프티족심나트륨,세티심주,세티심주1그람,에포세린주,에포세린주1그람,에포족심주,유니티족심주사1그람"
"128702BIJ","바루세파주0.5그람(주사용세프티족심나트륨,에포족심주,유니티족심주사500밀리그람"
"128801BIJ","경보세프트리악손나트륨수화물주1그램,경보세프트리악손나트륨주,국제세프트리악손나트륨수화물주,국제세프트리악손나트륨수화물주1그램,글로트리악손주,넬악손주,뉴락손주(세프트리악손나트륨수화물,뉴락손주1그람,뉴세프주1그람,뉴세프주1그람(세프트리악손나트륨수화물)[수출명:코오롱뉴세프주1그람(세프트리악손나트륨수화물) CEFAXONE INJ.]"
"128802BIJ","세프악손주,세프악손주250밀리그람,셀트리온세프트리악손주250밀리그람,트리악손주사250밀리그람,한국유나이티드세프트리악손주,휴온스세프트리악손나트륨주사250mg"
"128803BIJ","경보세프트리악손나트륨수화물주2그램,경보세프트리악손나트륨주,국제세프트리악손나트륨수화물주,국제세프트리악손나트륨수화물주2그램,넬악손주,뉴락손주,대웅곰세핀주,대웅곰세핀주2그람,동광세프트리악손주,메디카세프트리악손주"
"128804BIJ","국제세프트리악손나트륨수화물주500밀리그람,넬악손주500밀리그람,대웅곰세핀주,대웅곰세핀주500밀리그람,대한뉴팜세프트리악손주,로세핀주사0.5그람,보령세프트리악손주,보령세프트리악손주0.5그람,삼성세프트리악손나트륨주500밀리그람,세트리손주500밀리그람"
"128805BIJ","알지트리손주,코악손주,트리악손주사(세프트리악손나트륨수화물)1.5그램,트리악손주사1.5그람"
"128902ASY","곰세프건조시럽,베아세프건조시럽,세록심건조시럽,세실건조시럽,세프록스건조시럽,올세프건조시럽"
"128903ATB","경보세푸록심악세틸정250밀리그램,글로세푸록심정,뉴록심정,뉴젠팜세푸록심정,동광세푸록심악세틸정,라이트세푸록심정,베아세프정250밀리그람(세푸록심악세틸,삼남세푸록심정,삼세틸정,세네트정"
"128931ASY","곰세프건조시럽,베아세프건조시럽,세실건조시럽,올세프건조시럽,진세프건조시럽"
"129001BIJ","근화세푸록심나트륨주,대화세푸록심나트륨주1.5그람,신세프주,신세프주1.5그람,알포린주,오스코세푸록심나트륨주1.5그램,유니온세푸록심나트륨주1.5그람,한국유나이티드세푸록심나트륨주1.5그람"
"129002BIJ","알포린주,한국유나이티드세푸록심나트륨주"
"129003BIJ","근화세푸록심나트륨주,록심주0.75그람,삼성세푸록심나트륨주750밀리그람,삼천당세푸록심주,신세프주,신세프주0.75그람,쎄록신주750밀리그람,알포린주,오스코세푸록심나트륨주750밀리그램,유니온세푸록심나트륨주"
"129402ACH","유파신캡슐,일동세팔렉신캡슐,케파신캡슐,팔렉신캡슐"
"129801BIJ","세파트렉스1그람,한국유나이티드세파피린나트륨주1그람"
"130001BIJ","경보세파제돈나트륨주,경보세파제돈나트륨주1그램,국제세파제돈주1그람,근화세제탐주,세제돈주,세프돈주,세프돈주1그람,유니제돈주(세파제돈나트륨,유영세파제돈주,유영세파제돈주1그람"
"130002BIJ","경보세파제돈나트륨주,국제세파제돈주2그람,세프돈주2그람,이연세파제돈주(정주용,제노세프주,케포돈2그램주,파지돈주,파지돈주2그람"
"130003BIJ","국제세파제돈주500밀리그람,국제세파제돈주500밀리그람[수출명:세파제국주500밀리그람],근화세제탐주,오코제돈주,유영세파제돈주,제노세프주500밀리그람,케포돈0.5그램주,파제론주사500밀리그람,한올레포스포렌주,한올레포스포렌주500밀리그람"
"130101ACH","넬슨세프라딘캡슐,동구세프라딘캅셀250mg,메가세프캡슐,브로드세프캡슐,세프린캡슐(세프라딘수화물,신풍세프라딘캡슐250밀리그램,아주세프라딘캡슐,우리들세프라딘수화물캡슐250mg,유한세프라딘캡슐250밀리그램,트리세프캡슐"
"130102BIJ","동광세프라딘주,바이넥스세프라딘주,브로드세프주사,사프딘주,세푸딘주(세프라딘수화물,세푸딘주1그람(세프라딘,슈넬세프라딘주1그람,신일세프라딘수화물주사,신일세프라딘수화물주사1그램,신풍세프라딘주사"
"130104BIJ","에이프로젠세프라딘주2그람,청계세프라딘주2그람"
"130105ACH","넬슨세프라딘캡슐,뉴젠팜세프라딘캡슐500밀리그람,뉴프라딘캡슐,대우세프라딘캡슐,동화세프라딘캡슐,메가세프캡슐,브로드세프캡슐,사프딘캡슐,삼익세프라딘캡슐,삼천당세프라딘캡슐"
"130105BIJ","사프딘주(세프라딘수화물)[수출명 : Dahatricef Injection ],사프딘주(세프라딘수화물)[수출명:DahatricefInjection],신풍세프라딘주사500밀리그람,신풍세프라딘주사500밀리그램"
"130130ASY","브로드세프건조시럽"
"130131ASY","브로드세프(시럽용현탁용분말) 5ml,브로드세프(시럽용현탁용분말)5ml"
"130132ASY","브로드세프(시럽용현탁용분말) 5ml,브로드세프(시럽용현탁용분말)5ml"
"130133ASY","브로드세프(시럽용현탁용분말)250밀리그람 5밀리리터,브로드세프(시럽용현탁용분말)250밀리그람5밀리리터"
"130134ASY","브로드세프(시럽용현탁용분말) 5ml,브로드세프(시럽용현탁용분말)5ml"
"130135ASY","브로드세프(시럽용현탁용분말)250밀리그람 5밀리리터,브로드세프(시럽용현탁용분말)250밀리그람5밀리리터"
"130136ASY","브로드세프(시럽용현탁용분말)250밀리그람 5밀리리터,브로드세프(시럽용현탁용분말)250밀리그람5밀리리터"
"130137ASY","브로드세프(시럽용현탁용분말)250밀리그람 5밀리리터,브로드세프(시럽용현탁용분말)250밀리그람5밀리리터"
"130138ASY","브로드세프건조시럽"
"130139ASY","브로드세프건조시럽"
"130202BIJ","세라빈씨주(바이알,세레브로리진주,쎄레브로민주"
"130207BIJ","세라빈씨주(바이알,세레브로리진주,세레진주"
"130230BIJ","세라빈씨주,세레브로리진주"
"130231BIJ","누트로민주,뉴로리진주,뉴로베라주,세라빈씨주(바이알,세레니주,세레드주,세레브레인주,세레브로리진주,세로린주사,세보닌주"
"130232BIJ","뉴로리진주,뉴로베라주,세라빈씨주(바이알,세레브레인주,세보닌주,쏠레세진주,아모브로리진주"
"130501ATB","기스톱정,나노텍정,노스민정,동광염산세티리진정,라리세틴정10밀리그람(염산세티리진,러지텍정,로텍정(세티리진염산염,리진정,베르네스정,산코텍정(세티리진염산염"
"130502ALQ","세노바액,세리틴액,세티진액,알러텍액,알레리나액,지르텍액,카이진액(염산세티리진,크라운염산세티리진액"
"130601ACH","노엘캅셀(세트락세이트염산염캅셀,한국유나이티드염산세트락세이트캅셀"
"130701COS","비디식 겔점안제,비디식겔점안제,옵타젤점안액"
"131004COS","비씨엠점안액,오큐클로람점안액(클로람페니콜,옵티클점안액,참클로람페니콜점안액"
"131030COS","옵티클점안액,참클로람페니콜점안액"
"131301CLQ","헥사메딘액,헥시덴트액"
"131302CLQ","성광알파헥시딘가글액,헥사덴트가글액"
"131303CCM","그린클로르헥시딘크림,실그린크림"
"131304CLQ","그린헥시딘액,성광알파헥시딘액,헥시덱스액"
"131321CDS","헥시클렌브러쉬액"
"131330CLQ","그린헥시딘가글액,헥사메딘액,헥시덴트액"
"131331CLQ","그린헥시딘가글액,오스템클로르헥시딘액,클로헥신가글액,헥사메딘액,휴클로헥시딘액"
"131334CLQ","헥사메딘액,헥시덴트액"
"131341CLQ","오스템클로르헥시딘액,퍼스크린액,헥사메딘액"
"131701ATB","르네신정,리락신정(카르바민산클로르페네신)(수출용,릴렉시아정,마오릭스정,버클리정(카르바민산클로르페네신)(수출명:크로네틸정KWANGMYUNGCLONESTYLTablet,카민산정(카르바민산클로르페네신"
"131702ATB","리락스정,릴렉시아정,마오릭스정,무스켈정250밀리그람,슬렌콘정250밀리그람,아트락트정,카민산250밀리그람정,카민산250밀리그램정,트네신정250밀리그람,페락스정"
"131802BIJ","제일클로르페니라민말레산염주사액,페니라민주사,페닐주,휴온스클로르페니라민말레산염주사액"
"131830BIJ","제일클로르페니라민말레산염주사액,클로페닌주,페니라민주사,페닐주,휴온스클로르페니라민말레산염주사액"
"131901ATB","네오마찐정,명인클로르프로마진염산염정100밀리그램,클로마진정"
"131908ATB","명인클로르프로마진염산염정50mg,클로마진정"
"132101ATB","클록센정100밀리그람,트라진정100밀리그람"
"132804CLQ","노비프록스액,댄디케어액,덴드피록스액,바이록스액,세비프록스액,세클록스액,세피록스액,스칼프록스액,시크록솔액,시클로케어액"
"133003ATB","뉴자프릴정,실라자프정,실라프릴정,인히프릴정,제일실라자프릴정"
"133101ATB","시나디핀정,시나롱정,시나핀정,실디롱정10밀리그람,위더스실니디핀정10밀리그램,중외실니디핀정10밀리그램"
"133201ACR","건레탈서방캡슐,녹십자실로스타졸서방캡슐100밀리그램,다나젠실로스타졸서방캡슐100mg,대웅실로스타졸서방캡슐100밀리그램,대원바이오텍실로스타졸서방캡슐100mg,로사졸씨알캡슐,로스탈서방캡슐,삼성실로스타졸서방캡슐100밀리그램,세레탈서방캡슐,셀로스타서방캡슐"
"133201ATB","로사졸정,로스탈정,서울실로스타졸정100밀리그람,실로브이정,실로스탄정,실로스탈정,실로탄정,씨타졸정,프레탈정"
"133201ATR","실로스탄씨알정,실로켐씨알정"
"133202ATB","노크레스정,뉴레탈정,뉴타정,대웅실로스타졸정,대웅실로스타졸정50밀리그램,로사졸정,로젠스정,로타졸정,삼성실로스타졸정,세레탈정"
"133203ACR","건레탈서방캡슐,녹십자실로스타졸서방캡슐200밀리그램,다나젠실로스타졸서방캡슐200mg,대웅실로스타졸서방캡슐200밀리그램,대원바이오텍실로스타졸서방캡슐200mg,로사졸씨알캡슐,로스탈서방캡슐,삼성실로스타졸서방캡슐200밀리그램,세레탈서방캡슐,셀로스타서방캡슐"
"133203ATR","실로스탄씨알정,실로켐씨알정,실로탄씨알정"
"133301ATB","국제시메티딘정,넬슨시메티딘정,뉴메티딘정,뉴씨메정,대우시메티딘정,동구시메티딘정200밀리그램,듀얼메트정,라이트시메티딘정,마가시딘정,메티딘정"
"133301BIJ","동광시메티딘주,에취투주,제일제약시메티딘주사액,타가메트주사,타그마주200밀리그람"
"133302ATB","대우시메티딘300밀리그람정,싸이메트정300밀리그람,하이메틴정300밀리그람"
"133303ATB","드림파마시메티딘정,안국시메티딘400밀리그람정,알보젠시메티딘정400mg,지엘시메티딘정400밀리그램,타가메트정,타가메트정400밀리그람,하스틴정,하이메틴정"
"133330BIJ","동광시메티딘주,에취투주,제일제약시메티딘주사액200mg,타가메트주사"
"133501ATB","부파론정,스파기론정,시메트라정,시메트롬정,시메피움정,아메론정,알기론정,알메트정,알피움정,알피트정"
"133502BIJ","브로퓸주사,알기론주사액,알피트주사"
"133530BIJ","브로퓸주사,시메트로주사,알기론주사액,알피트주사"
"133601ATB","프레파정,한림브렌딜정(말레인산시네파짓"
"133602BIJ","대웅말레인산시네파짓주,디네파주,세라파짓주,시네파진주,신네트주,프레파주,한림브렌딜주사(말레인산시네파짓"
"134101BIJ","대한시프로플록사신주,로푸신주(시프로플록사신,명문시프로플록사신주사,사이톱신주,시프록스주,시프맥신주,싸이신주사100밀리그람,씨록주사 ml,씨록주사ml,씨에프주"
"134102COS","로사신점안액(염산시프로플록사신,밀프록스점안액,비시프로점안액,씨에프점안액(시프로플록사신,씨펙스점안액,씨프러스점안액,씨프로신점안액(수출명:씨클점안액다플록스점안액,키포신점안액"
"134103ATB","경방시프로플록사신염산염수화물정,뉴록사신정,로프신정,록신정,마이팜염산시프로플록사신정250밀리그람,메가록신정,메가시플록정,미래시프로플록사신정,베아신정,보람시프로플록사신정"
"134104BIJ","대한시프로플록사신주,로푸신주(시프로플록사신,명문시프로플록사신주사,사이톱신주,삼성시프로플록사신주,시프로시나주,시프록사신주,시프록스주,싸이신주사100밀리그람200밀리그람400밀리그람,씨록주사 ml"
"134105ATB","베아신정,싸이신정,씨록정,씨록탄정,씨프록탄정,후록신정"
"134106BIJ","대한시프로플록사신주,로푸신주(시프로플록사신,사이톱신주,싸이신주사400밀리그람,씨에프주,씨프러스주,씨프로바이주사,유니시프로사신주사,중외시프로플록사신주,큐프론주(백"
"134107CLQ","셉토시프로점이액,시프레닛점이액"
"134132COS","로사신점안액,씨펙스점안액,씨프러스점안액"
"134133BIJ","대한시프로플록사신주,로푸신주(시프로플록사신,사이톱신주,시프로코스주,시프록사신주,시프록스주,시프리스주,시프맥신주,싸이신주사,씨록주사 ml"
"134134BIJ","뉴록사신주,대한시프로플록사신주,로푸신주(시프로플록사신,명문시프로플록사신주사,베아신주,사이톱신주,삼성시프로플록사신주,시프로주,시프로코스주,시프록사신주"
"134135BIJ","뉴록사신주,대한시프로플록사신주,로푸신주(시프로플록사신,명문시프로플록사신주사,베아신주,사이톱신주,삼성시프로플록사신주,시프로주,시프로코스주,시프록스주"
"134501BIJ","산도스시스플라틴주 mL,산도스시스플라틴주mL,시스파틴주사액,시스파틴주사액10밀리그람,씨스푸란주10밀리그람,유니스틴주10밀리그람,유니스틴주사액 ml,유니스틴주사액ml,중외시스플라틴10밀리그램주,푸라시스주"
"134502BIJ","산도스시스플라틴주 mL,산도스시스플라틴주mL,에베베시스플라틴주 mL,에베베시스플라틴주mL"
"134503BIJ","산도스시스플라틴주 mL,산도스시스플라틴주mL,시스파틴주사액,시스파틴주사액50밀리그람,씨스푸란주,유니스틴주50밀리그람,유니스틴주사액 mL,유니스틴주사액mL,중외시스플라틴50밀리그램주,푸라시스주"
"134530BIJ","산도스시스플라틴주 mL,산도스시스플라틴주mL,시스파틴주사액,씨스푸란주,유니스틴주사액 ml,유니스틴주사액ml,중외시스플라틴10밀리그램주"
"134532BIJ","산도스시스플라틴주 mL,산도스시스플라틴주mL"
"134533BIJ","산도스시스플라틴주 mL,산도스시스플라틴주mL,시스파틴주사액,씨스푸란주,중외시스플라틴50밀리그램주"
"134534BIJ","유니스틴주사액 mL,유니스틴주사액mL,플라토신주사"
"134602BIJ","네오콜린주250밀리그람,비씨시티콜린주사,스타토닐250밀리그람주"
"134603BIJ","데시콜린주500밀리그람,마이팜시티콜린주,바이티콜주(시티콜린,비씨시티콜린500밀리그람주사(시티콜린나트륨,스타코린주500밀리그람,신풍시티콜린주사액500밀리그람,아주시티콜린주액500밀리그람,알파콜린주,참시티콜린주(시티콜린,코러스시티콜린주(소듐시티콜린"
"134631BIJ","데시콜린주500밀리그람,비씨시티콜린주사(시티콜린나트륨,스타코린주500밀리그람,아주시티콜린주,알파콜린주,참시티콜린주(시티콜린,코러스시티콜린주(시티콜린나트륨"
"134901ATB","광동클래리트로마이신정250mg,뉴클래토정,대웅바이오클래리트로마이신정,동광클래리트로마이신정,래리스정,래리스정250밀리그람,래트로신정,레토스정,리마클로정,리스로마이신정"
"134902BIJ","클래리시드정주,클래리시드정주500밀리그람"
"134903ASY","광동클래리스로마이신건조시럽,대웅바이오클래리트로마이신건조시럽,레토스건조시럽,리마클로건조시럽,리스로마이신건조시럽,비알클래건조시럽,슈넬클래리트로마이신건조시럽,슈클래리건조시럽,씨라클건조시럽,씨클라린건조시럽"
"134904ATB","뉴클래토정,대웅바이오클래리트로마이신정,래리스정,래리스정500밀리그람,래트로신정,레타미정,리트신정,마비드정,삼성클래리트로마이신정500밀리그램,셀트리온클래리트로마이신정500밀리그램"
"134905ASY","광동클래리스로마이신건조시럽,비알클래건조시럽,슈클래리건조시럽,크래리스건조시럽,클라리스건조시럽250밀리그람,클라리움건조시럽,클래리시드건조시럽,클래신건조시럽,클리어마이신건조시럽,헤라신건조시럽250밀리그람"
"134931ASY","클래론건조시럽"
"134933ASY","비알클래건조시럽,클래씨드건조시럽"
"134934ASY","비알클래건조시럽,클래리시드건조시럽,클래씨드건조시럽"
"134935ASY","광동클래리트로마이신건조시럽 5mL,광동클래리트로마이신건조시럽5mL,뉴클래토건조시럽,대웅바이오클래리트로마이신건조시럽 5mL,대웅바이오클래리트로마이신건조시럽5mL,독립클래리돈건조시럽,동광클래리트로마이신건조시럽 5mL,동광클래리트로마이신건조시럽5mL,레타미건조시럽,레토스건조시럽"
"134936ASY","비알클래건조시럽,클래리시드건조시럽"
"134937ASY","광동클래리트로마이신건조시럽 5mL,광동클래리트로마이신건조시럽5mL,뉴클래토건조시럽,레타미건조시럽,비알클래건조시럽,슈클래리건조시럽,쎄클래신건조시럽,일성클래리트로마이신건조시럽 5mL,일성클래리트로마이신건조시럽5mL,제클리건조시럽"
"134939ASY","비알클래건조시럽,클라리움건조시럽,클래리시드건조시럽"
"134940ASY","클래리시드건조시럽"
"134942ASY","비알클래건조시럽,클래씨드건조시럽"
"135301ASY","소아용코판시럽,코오롱염산클렌부테롤시럽"
"135331ASY","소아용코판시럽,코오롱염산클렌부테롤시럽"
"135601BIJ","크레오신주 ml,크레오신주ml,훌그램주사(클린다마이신포스페이트"
"135630BIJ","크레오신주 ml,크레오신주ml,클리마이신주(클린다마이신포스페이트,클리스코주,훌그램주사"
"135631BIJ","클리마이신주(클린다마이신포스페이트,훌그램600밀리그램주사"
"135801CLQ","더모베이트액,더비솔액,도모호론액,베타베이트액,스테이벤액,코베이트액,크러벤액,크로베이트액(프로피온산클로베타솔,크로솔액,프로솔액"
"135802CCM","도모호론크림,베타베이트크림,크로베손크림,클로베타크림"
"135802CLT","클로벡스로션,프로솔로션"
"135802COM","더모베이트연고,도모호론연고,베르단트크림,베타베이트연고,크로베이트연고(프로피온산클로베타솔,클로베타연고,프로솔연고"
"135831CCM","도모호론크림,베타베이트크림"
"135831COM","더모베이트연고,베타베이트연고,크로베이트연고(클로베타솔프로피오네이트"
"135833CLQ","더비솔액,스테이벤액,코베이트액,크러벤액"
"135835CLQ","도모호론액,베타베이트액(클로베타솔프로피오네이트)[수출명:클로베덤액]"
"135837CLQ","더비솔액,듀오피엔액,제이클로벨액,케이타솔액,코베이트액,크로베이트액(클로베타솔프로피오네이트,크로솔액,프로솔액"
"135842COM","도모호론연고,베타베이트연고,케이타솔연고,크로베이트연고(프로피온산클로베타솔,클로베타연고,프로솔연고"
"135844CCM","도모호론크림,베타베이트크림,클로베타크림"
"135844COM","도모호론연고,프로솔연고"
"135901CCM","아미솔크림,유모베이트크림,유베나크림"
"135930CCM","아미솔크림,유모베이트크림"
"136201ATB","마이팜클로미펜정,영풍클로미펜시트르산염정"
"136302ACH","그로민캡슐,환인염산클로미프라민캡슐25밀리그램"
"136401ATB","리보트릴정,환인클로나제팜정0.5밀리그램"
"136601ATB","노리스정,디크로닉정,바로론정,바르젠정,바르젠정(클로닉신리시네이트,비올라정(클로닉신리지네이트,시로나정(클로닉신리신,아닐릭신정125밀리그람,코네트정,크노닌정125밀리그람"
"136603ATB","디크로닉정250밀리그람,크레닉정250밀리그람,크록신정250밀리그람(클로닉신리지네이트"
"136901ATB","건일클로피도그렐정,경보클로피도그렐정,그로리정,글로그렐정,글로피도그렐정,네오빅스정,뉴빅스정,뉴클로파인정,뉴클린정,뉴프렐정"
"137302ATB","리제정,크로밀정5밀리그람"
"137401CTB","래피탈질정(클로트리마졸,로마졸질정,오엔스질정,카네마졸100밀리그람질정,카네스텐질정,카로마스텐질정100밀리그람,카리마질정,카마졸질정,칸디스텐질정,칸디질정"
"137402CCM","로마졸크림,카네스텐크림,카로마스텐크림,카마졸크림,크리스탄크림(클로트리마졸,타리마졸크림,하네졸크림"
"137403CTB","래피탈질정,래피탈질정500밀리그람,카네스텐1질정"
"137404CMS","카네스텐1질정· 크림콤비팩,카네스텐1질정·크림콤비팩"
"137431CCM","로마졸크림,카네스텐크림"
"137432CCM","로마졸크림,카네스텐크림,카마졸크림"
"137433CCM","로마졸크림,카네스텐크림"
"137435CCM","로마졸크림,크리스탄크림(클로트리마졸,타리마졸크림"
"137501ATB","클로자릴정,클자핀정"
"137502ATB","클로자릴정,클자핀정"
"137602BIJ","액티나마이드주1000마이크로그람,코미드주사"
"137703ATB","구주인산코데인정,데코인정,명문인산코데인정,비씨인산코데인정,하나인산코데인정"
"137801ATB","콜키닌정,콜킨정"
"138101ACH","글리틴리드캡슐,녹십자콜린알포세레이트캡슐,메모엠리드캡슐,알포아티린리드캡슐,알포콜린리드캡슐,콜리아센리드캡슐,콜린스타리드캡슐,콜린케이리드캡슐"
"138101ACS","그라시아연질캡슐,그리아연질캡슐,그리아틴연질캡슐,글라틴연질캡슐,글로리아연질캡슐,글리레이트연질캡슐,글리마인연질캡슐,글리벤트연질캡슐,글리세이트연질캡슐,글리세틸연질캡슐"
"138101APD","그리아산제,리콜린산제,보령콜린알포세레이트산제"
"138101ATB","그라시아정,그리아정,그리아틴정,글리세이트정,글리세틸정,글리아나정,글리아린정,글리아민정,글리아젠정,글리아진정"
"138103ASY","그리아시럽,글리세틸시럽,글리아스시럽,글리아타민시럽,글리이틴시럽,뉴로콜린시럽,뉴티린시럽,리멘타시럽,메모코드시럽,메모티린시럽"
"138104ASY","글리커버시럽,글리틴시럽,뉴글리아시럽,실버세린시럽,알포민시럽,알포콜린시럽,유니콜린시럽,콜리네이트시럽,포스콜린시럽"
"138130BIJ","글리아타민주,글리아티린주사액,종근당글리아티린주"
"138201BIJ","씨알에이치주사,씨알에이치페링"
"138701ATB","벤자민정,시벤스정,시클펜정,싸이벤정,싸이프린정,클로벤정"
"138901COS","바쉬앤드롬염산싸이크로펜톨레이트점안액,싸이크로질점안액,오큐시클로점안액(시클로펜톨레이트염산염,펜톨레이어점안액"
"138933COS","바쉬앤드롬염산싸이크로펜톨레이트점안액,싸이크로질점안액"
"139005BIJ","알키록산주500밀리그람,엔독산주"
"139101ACH","시세로캅셀,싸인세린캅셀,크로세린캡슐,하원시클로세린캅셀"
"139202BIJ","사이폴주,산디문주사"
"139230BIJ","사이폴주,산디문주사"
"139503ACS","동화엘기톤연질캡슐,셀라인연질캅셀500밀리그람(엘시스틴,에이더마연질캡슐,엘토신연질캡슐(L 시스틴,엘토신연질캡슐(L시스틴,종근당엘시스틴연질캡슐500밀리그람,하원엘시스틴연질캅셀500밀리그람,휴온스엘시스틴연질캡슐"
"139601BIJ","싸이토사유주100밀리그람,우양팜시타라빈주사액100밀리그람,중외시타라빈바이알주사액,타빈주 ml,타빈주ml,파마리서치시타라빈주,호스피라시타라빈주"
"139602BIJ","산도스시타라빈주 mL,산도스시타라빈주mL,싸이토사유주사1그람,에베베시타라빈주 mL,에베베시타라빈주mL,중외시타라빈바이알주사액,폴딩시타라빈주 ml,폴딩시타라빈주ml"
"139605BIJ","산도스시타라빈주 mL,산도스시타라빈주mL,에베베시타라빈주 mL,에베베시타라빈주mL,중외시타라빈바이알주사액,폴딩시타라빈주 ml,폴딩시타라빈주ml"
"139630BIJ","중외시타라빈주,타빈주 ml,타빈주ml"
"139631BIJ","중외시타라빈바이알주사액100밀리그램,타빈주 ml,타빈주ml,호스피라시타라빈주 5ml,호스피라시타라빈주5ml,화이자시타라빈주 5ml,화이자시타라빈주5ml"
"139632BIJ","중외시타라빈바이알주사액,타빈주 밀리리터,타빈주밀리리터"
"139633BIJ","폴딩시타라빈주 ml,폴딩시타라빈주ml,화이자시타라빈주"
"139634BIJ","산도스시타라빈주 mL(시타라빈,산도스시타라빈주mL(시타라빈,중외시타라빈바이알주사액"
"139635BIJ","산도스시타라빈주 mL(시타라빈,산도스시타라빈주mL(시타라빈,중외시타라빈바이알주사액"
"139637BIJ","폴딩시타라빈주,화이자시타라빈주"
"139901BIJ","데티신주100밀리그람,디티아이주"
"139902BIJ","데티신주200밀리그람,디티아이주200밀리그람,디티아이주200밀리그람(다카르바진"
"140001BIJ","제나팍스주25밀리그람"
"140101BIJ","코스메겐주,한국유나이티드닥티노마이신주"
"140201BIJ","프라그민주,프라그민주 ml,프라그민주ml"
"140203BIJ","프라그민주 ml,프라그민주ml"
"140231BIJ","프라그민주 ml,프라그민주ml"
"140232BIJ","프라그민주 ml,프라그민주ml"
"140233BIJ","프라그민주 ml,프라그민주ml"
"140302ACH","다노실캡슐200밀리그람,영풍다나졸200mg캡슐"
"140403BIJ","단트롤렌주,단트리움아이브이주20mg"
"140501ATB","태극답손정100밀리그램,태준디디에스정100밀리그람"
"140601BIJ","다우노브라스티나주사,다우노신주,세루비딘주사"
"140701BIJ","데스훼랄주사500밀리그람,디비엘데페록사민메실레이트주,화이자데페록사민메실레이트주500mg"
"140801ATB","데라코트정(데프라자코르트)데라코트정,데코트정,데프라딘정,데프라코트정,데프코트정,데플라정,캘코트정6밀리그람,테라코트정,테코르트정,프라코트정"
"141401AGN","데니린세립,데모린세립,데스몬세립,데스프린세립"
"141401APD","데모레신산,데스모린오디프스산,데스모프오디프스산,엔유린오디프스산,오베아오디프스산,코데스모오디프스산"
"141401ATB","뉴리탄정,데모린정,데소닉정,데스린정,데스민정,디튜린정,레니신정,모나린정,미뉴린정,미니레신정"
"141401ATD","데소닉구강용해필름,데소닉스구강용해필름,듀레신구강용해필름"
"141403CLQ","미니린비액0.1밀리그람 밀리리터,미니린비액0.1밀리그람밀리리터"
"141404AGN","데니린세립,데모린세립,데소민세립,데스몬세립,데스프린세립"
"141404APD","데모레신산,데스모린오디프스산,데스모프오디프스산,엔유린오디프스산,오베아오디프스산,코데스모오디프스산"
"141404ATB","뉴리탄정,데모린정,데소닉정,데스린정,데스민정,디튜린정,레니신정,미뉴린정,미니레신정,미니린정"
"141404ATD","데소닉구강용해필름,데소닉스구강용해필름,듀레신구강용해필름"
"141405CSI","데스모프레시나메데나잘스프레이,데스핀나잘스프레이,미니린나잘스프레이"
"141431CLQ","미니린비액0.1밀리그람 밀리리터,미니린비액0.1밀리그람밀리리터"
"141501CCM","데소나크림,데소넬크림,데소니아크림,데소덤크림,데소엠크림,데스오웬크림,데스원크림(데소나이드,마일드원크림,아토맥스크림,제스윈크림"
"141501CLT","더모나이드로션,데소나로션,데소니아로션,데소엠로션,데소크린로션,데스오웬로오숀,데스원로션,동구더모로션(데소나이드,아토맥스로션,케어덤로션"
"141531CCM","나리스크림,데소나크림,데소니아크림,마일드원크림,아토맥스크림,케어덤크림"
"141534CLT","더모나이드로션,동구더모로션"
"141535CLT","데소크린로션,데스원로션"
"141536CCM","나리스크림,데소나크림,데스오웬크림,마일드원크림"
"141537CLT","나리스로션,데소나로션,데소니아로션,케어덤로션,토피덤로션"
"141538CCM","데소니아크림,데소덤크림"
"141540CLT","나리스로션,데소나로션,데소니움로션,데소크린로션,데스원로션,아토맥스로션,케어덤로션,토피덤로션"
"141543CLT","데스오웬로션,동구더모로션,토피덤로션"
"141601CLT","데라파손로션,데옥손로션,데타손로오숀,에스파손로션"
"141602CCM","데라파손겔,데메타손겔,데속시원겔,데옥손겔,메타파손겔,에스파손겔"
"141631CCM","데메타손겔,데속시원겔,데옥손겔,에스파손겔"
"141632CCM","메타파손겔,제이데속시겔"
"141633CLT","데라파손로션,데옥손로션,데타손로션,에스파손로션"
"141634CLT","데라파손로션,데타손로션"
"141634COM","데스타손연고,데타손연고"
"141635COM","데스타손연고,데타손연고"
"141636CCM","데속시원겔,데스타손겔"
"141901ATB","유한덱사메타손정,유한메디카덱사메타손정"
"141902COS","맥시덱스점안액,비덱사점안액"
"141903ATB","대우덱사메타손정0.75밀리그람,덱사소론정0.75밀리그람,덱사코티실정,부광덱사메타손정,삼남덱사메타손정,신일덱사메타손정,크라운덱사메타손정"
"141904ATB","덱사하이정,제이손정"
"141906CIM","오저덱스이식제,오저덱스이식제700마이크로그람"
"142101CCM","덱사덤크림,덱사톱크림"
"142201BIJ","대원덱사메타손주사액,덱사신주,덱사에스주,동광덱타손주,아나덱사주,아주덱사메타손디나트륨인산염주사액[수출명:덱사메디코주사액(덱사메타손디나트륨인산염)],유한디나트륨인산덱사메타손주사액,제일덱사메타손주사액,중외덱사메타손주,휴메딕스덱사메타손포스페이트이나트륨주사"
"142232BIJ","대원덱사메타손주사액,덱사메타주,덱사신주,덱사에스주,덱시롤주,동광덱타손주,아나덱사주,아주덱사메타손디나트륨인산염주사액[수출명:덱사메디코주사액(덱사메타손디나트륨인산염)],유니덱사주(덱사메타손포스페이트이나트륨,유한디나트륨인산덱사메타손주사액"
"142301ACS","데코라펜연질캡슐,덱스핀연질캡슐(덱시부프로펜,비오펜연질캡슐,삼성덱스펜연질캡슐,에스빌연질캡슐,이지엔6프로연질캡슐(덱시부프로펜,자이펜연질캡슐,펜타우드연질캅셀,펜타우드연질캡슐"
"142301ATB","그리펜 에스정,그리펜에스정,글로덱시정,닥스펜정,대웅바이오덱시부프로펜정300밀리그램,데코라펜정,데코펜정,덱브펜정,덱사펜정,덱스렌정"
"142302ATB","닥스펜정,데코라펜정,레보펜정,애니펜정150밀리그람"
"142303ATB","다산덱시부프로펜정,덱스론정,덱스리펜정,덱시날정,덱시디펜정,덱시딜정,덱시로그펜정,덱시록정,덱시론정,덱시부정"
"142304ASY","닥스펜시럽,덱스핀시럽,덱시노펜시럽,덱시부시럽,덱시부케이시럽,덱시브판시럽,덱시탑시럽,덱시푸루펜시럽,동화덱시부프로펜시럽,디부로펜시럽"
"142331ASY","덱스핀시럽,덱시탑시럽,레보펜시럽,맥시부펜시럽,보령펜시럽,애니펜시럽,애스펜시럽,엑스펜시럽,자이펜시럽,코키즈펜시럽"
"142332ASY","맥시부펜시럽,보령펜시럽,엑스펜시럽"
"142333ASY","맥시부펜시럽,보령펜시럽,엑스펜시럽,코키즈펜시럽"
"142334ASY","닥스펜시럽,덱스핀시럽,덱시노펜시럽,덱시디펜시럽,덱시딜시럽,덱시부시럽,덱시부케이시럽,덱시브판시럽,덱시탑시럽,덱시푸루펜시럽"
"142336ASY","이지쿨시럽,큐어펜시럽"
"142401BIJ","덱스테놀주,듀테놀주,엑스테놀주사액500밀리그람"
"142402COM","보드롤연고,비판텐연고"
"142430BIJ","덱스테놀주,듀테놀주"
"142501BIJ","카디옥산주,카디옥산주500밀리그람"
"142703BIJ","대한포도당주사액,제일포도당주사액,중외포도당주사액,휴온스포도당주사액"
"142706BIJ","대한포도당주사액,씨제이포도당주사액,유케이케미팜포도당주사액,이노엔포도당주사액,중외포도당주사액"
"142708BIJ","대한포도당주사액,비브라운포도당주사액,씨제이포도당주사액,유케이케미팜포도당주사액,이노엔포도당주사액,중외포도당주사액"
"142709BIJ","대한포도당주사액,씨제이포도당주사액,이노엔포도당주사액,중외포도당주사액"
"142710BIJ","대한포도당주사액,비브라운포도당주사액,씨제이포도당주사액,이노엔포도당주사액,중외포도당주사액"
"142711BIJ","대한포도당주사액,비브라운포도당주사액,씨제이포도당주사액,이노엔포도당주사액,중외포도당주사액"
"142712BIJ","대한포도당주사액,비브라운포도당주사액,씨제이포도당주사액,이노엔포도당주사액,중외포도당주사액"
"142713BIJ","대한포도당주사액,비브라운포도당주사액,씨제이포도당주사액,이노엔포도당주사액,중외포도당주사액"
"142715BIJ","대한포도당주사액,씨제이포도당주사액,중외포도당주사액"
"142717BIJ","대한포도당주사액,중외포도당주사액"
"142718BIJ","대한포도당주사액,씨제이포도당주사액,이노엔포도당주사액,중외포도당주사액"
"142719BIJ","대한포도당주,중외포도당주사액"
"142720BIJ","대한포도당주,씨제이포도당주사액,중외포도당주사액"
"142801ACH","디아센캡슐,명문아트로다캅셀25밀리그람,아세렌캡슐,아트렌캡슐,아트세린캅셀25밀리그람"
"142802ACH","다이세린캡슐,다이아세린캡슐,데사린캡슐,동구디아세레인캡슐50mg,디레인캡슐,디세나캡슐,디세렌엠캡슐,디세렌캡슐,디세린캡슐,디세아캡슐"
"142901BIJ","대원디아제팜주사액,메로드주사액,명인디아제팜주,삼진디아제팜주"
"142902ATB","대원디아제팜정2밀리그램,메로드정2밀리그람,명인디아제팜정2밀리그람,바리움정2밀리그람,삼진디아제팜정2밀리그람"
"142903ATB","메로드정5밀리그람,명인디아제팜정5밀리그람,바리움정5밀리그람,부광디아제팜정5밀리그람,삼진디아제팜정5밀리그람"
"142930BIJ","대원디아제팜주사액,메로드주사액,명인디아제팜주,삼진디아제팜주"
"143301CCM","볼타렌에멀겔,토라렌크림"
"143302CPL","디디엘첩부제(디클로페낙디에칠암모늄,디클로플렉스플라스타,디페나 엘 플라스타,디페나엘플라스타,디페인플라스타,류마스탑플라스타,류코트라플라스타,케이디펜플라스타,티젠플라스타"
"143330CCM","디페렌크림,볼타렌에멀겔"
"143331CCM","볼타렌에멀겔,토라렌크림"
"143402ATB","카타스정50밀리그람,카타후람정50밀리그람"
"143502BIJ","구주디클로페낙주사액,대한디클로페낙주,디코론주사액,디페인주사,라이낙주,레틸론주,로락틴주,로페낙주,메디카디클로페낙주,메파렌주75밀리그람"
"143503CCM","스팅겔,스포겔,에스펜겔"
"143504ATB","디낙스정,디페인정,신일디클로페낙나트륨정,카덱신정,토라렌정,하나디클로페낙나트륨정,하원디클로페낙정25밀리그람"
"143505COS","데크롤점안액,디크란점안액(디클로페낙나트륨,디페낙점안액,볼타렌점안액,비디틴점안액,아이펙신점안액,오페낙점안제,옵타낙점안액(디클로페낙나트륨,클낙점안액"
"143506ATB","디낙스정,신일디클로페낙나트륨정50밀리그람,하나디클로페낙나트륨정50밀리그람(수출명:볼맥스정"
"143532COS","디크란점안액(디클로페낙나트륨,디클로점안액,디클엠점안액,볼타렌점안액,아이펙신점안액,오페낙점안제,옵타낙점안액(디클로페낙나트륨,옵티페낙점안액,클낙점안액,클로페낙점안액"
"143533COS","디클로점안액,디페낙점안액,리페낙점안액,비디틴점안액,아이펙신점안액,옵티페낙점안액,클낙점안액,클로페낙점안액,휴디낙점안액,휴클로점안액"
"143534BIJ","신풍디클로페낙나트륨주"
"143535BIJ","구주디클로페낙주사액,글로페낙주,대한디클로페낙주,디코론주사액(디클로페낙나트륨,디클로아이주,디클펜주,디페릭주,디페인주사,라이낙주,레틸론주"
"143537CCM","스팅겔,스포겔"
"143601BIJ","글로베타주,뉴베타주,뉴보라렌주,뉴페낙주사,뉴페낙주사(디클로페낙베타 디메칠아미노에탄올,뉴페낙주사(디클로페낙베타디메칠아미노에탄올,다이크론주,디로낙주,디베타씨주,디크놀주사"
"143630BIJ","뉴베타주,디크놀주사"
"143631BIJ","글로베타주,뉴베타주,뉴보라렌주,뉴페낙주사,다이크론주,디로낙주,디베타씨주,디코낙에프주,디크놀주사,디클로라주"
"143901ACH","레노렌캅셀,후루다랜캅셀"
"144101ACH","동광디페메린캅셀,리메린캅셀"
"144102BIJ","대한루오스틸주,동광디페메린주,리메린주(염산디페메린,림메주,신일염산디페메린주사액"
"144401CCM","디크론크림,디프라크림,태썬크림"
"144430CCM","디프라크림,태썬크림"
"144431CCM","디크론크림,디프라크림,태썬크림,플라손크림"
"144432CCM","디크론크림,태썬크림,플라손크림"
"144433CCM","디라손크림,디크론크림,디프라크림,태썬크림,플라손크림"
"144434CCM","디크론크림,디프라크림,태썬크림,플라손크림"
"144501COM","네리소나연고,디푸코연고"
"144530COM","네리소나연고,디푸코연고"
"145001ATB","다베리움정"
"145002ATB","알미리드정5밀리그람"
"145301ATB","알안탁정(알디옥사,알티마정"
"145501ACS","가레오연질캡슐,갈로신연질캅셀250밀리그람"
"145601ATB","부광코멜리안정50밀리그람,카네프정"
"145703ACR","딜테란서방캡슐,푸로골서방캡슐,헤르벤서방캡슐"
"145706ATB","카디아젬정,헤르벤정"
"145707ATR","대원딜티아젬염산염서방정90mg,유영딜티아젬서방정90밀리그람,카르디벤서방정90밀리그람,하이퍼벤서방정,헤르벤서방정"
"146401ASS","다이톱현탁액,디옥타현탁액,슈멕톤현탁액(디옥타헤드랄스멕타이트,스멕타현탁액,스멕테이트현탁액,포타겔현탁액"
"146431ASS","다이톱현탁액,디옥타현탁액,슈멕톤현탁액(디옥타헤드랄스멕타이트,스멕타현탁액,스타빅현탁액,포타겔현탁액"
"146432ASS","다이톱현탁액,슈멕톤현탁액(디옥타헤드랄스멕타이트,스멕타현탁액,스타빅현탁액,포타겔현탁액"
"146501ASS","듀라겔현탁액,디마트현탁액,디안타현탁액(디오마그나이트,디오겔현탁액,디오나현탁액,디오마현탁액,위스트현탁액,위프리현탁액"
"146530ASS","듀라겔현탁액,디안타현탁액(디오마그나이트,디오겔현탁액,디오마현탁액"
"146602ACH","디소론캡슐,렉스민캡슐,마더스민캡슐,베노론캅셀<디오스민>,조아디오스민캡슐,케이스민캡슐,헤모스민캡슐"
"146603ATB","대웅바이오디오스민정600밀리그램,듀얼치싹정,디오맥스정,디오센정,마더스민정,메디오스정,베노론디정,치베인정,킴스민정,하이디오정"
"146801ATB","명인페니토인100밀리그람정,하나페니토인정,환인히단토인정"
"146801BIJ","삼진페니토인나트륨주사,페니톤주"
"146830BIJ","삼진페니토인나트륨주사100밀리그램,페니톤주"
"147401ATB","다이놀정,오스테움정"
"147701ATR","데파코트서방정,디발프로서방정"
"147702ATR","데파코트서방정,디발프로서방정"
"148001BIJ","대한디 만니톨주사액,대한디만니톨주사액,씨제이만니톨주사액,중외만니톨주사액"
"148002BIJ","대한디 만니톨주사액,대한디만니톨주사액,씨제이만니톨주사액,이노엔만니톨주사액,중외만니톨주"
"148003BIJ","대한디 만니톨주사액,대한디만니톨주사액"
"148004BIJ","대한디 만니톨주사액,대한디만니톨주사액,씨제이만니톨주사액,이노엔만니톨주사액,중외만니톨주사액"
"148005BIJ","대한디 만니톨주사액,대한디만니톨주사액,중외만니톨주사액"
"148006BIJ","대한디 만니톨주사액,대한디만니톨주사액,중외만니톨주"
"148007BIJ","대한디 만니톨주사액,대한디만니톨주사액,중외만니톨주"
"148008BIJ","대한디 만니톨주사액,대한디만니톨주사액"
"148009BIJ","대한디 만니톨주사액,대한디만니톨주사액,중외만니톨주사액"
"148101ATB","다비스정,도바스정,도베라정,도베마린정,도베민정,도베산정,도베스정,도베신정,도베실라정,도베실정"
"148103ATB","노베실산정,도베린정,도베셀정,도베스정,도베실정,도베엠정,도베우정,도베원스정,도베인정,도베칼정"
"148201BIJ","도부란주,도부민주(염산도부타민,도부민주사,명문도부타민염산염주사,토부렉스주,하나염산도부타민주사,휴온스도부타민염산염주사"
"148230BIJ","도부란주,명문도부타민염산염주사,오코민주,토부렉스주,하나도부타민염산염주사,휴온스도부타민염산염주사"
"148301BIJ","나노셀주,나녹셀엠주,나녹셀주,뉴탁셀에이주,도셀주,도소텔주,도탁셀주,동광도세탁셀주,디탁셀1 바이알주,디탁셀1바이알주"
"148302BIJ","나노셀주,나녹셀엠주,나녹셀주,뉴탁셀에이주,도셀주,도소텔주,도탁셀주,동광도세탁셀주,디탁셀1 바이알주,디탁셀1바이알주"
"148305BIJ","디탁셀1 바이알주,디탁셀1바이알주,디탁셀주,탁셀로주"
"148340BIJ","디탁셀1 바이알주,디탁셀1바이알주"
"148344BIJ","디탁셀1 바이알주,디탁셀1바이알주,모노탁셀주사액,베로탁셀1 바이알주,베로탁셀1바이알주,어코드도세탁셀주,탁소젠1 바이알주사,탁소젠1바이알주사,탁소텔1 바이알주,탁소텔1바이알주"
"148346BIJ","뉴탁셀에이주,도셀주,도탁셀주,디탁셀주,베로탁셀주,탁셀로주,탁소젠주사,탁소텔주,파캔서주"
"148348BIJ","디탁셀1 바이알주,디탁셀1바이알주,모노탁셀주사액,베로탁셀1 바이알주,베로탁셀1바이알주,어코드도세탁셀주,탁소젠1 바이알주사,탁소젠1바이알주사,탁소텔1 바이알주,탁소텔1바이알주"
"148350BIJ","뉴탁셀에이주,도셀주,도탁셀주,디탁셀주,베로탁셀주,탁셀로주,탁소젠주사,탁소텔주,파캔서주"
"148351BIJ","디탁셀주,탁셀로주"
"148401ALQ","그린큐액,페스돈액"
"148402ATB","대우돔페리돈정,돔페닐정(돔페리돈,돔펠정,마라돈정,마리돈정,모타리돈정,모티딘정(돔페리돈,무비돈정,부광돔페리돈정10밀리그램,삼아돔페리돈정"
"148403ASS","대원돔페리돈현탁액,하미돈현탁액"
"148432ASS","대원돔페리돈현탁액,하미돈현탁액"
"148501ATB","다리다정(말레인산돔페리돈,도페민정,도프리움정,돔세리정,돔탄티엠정,돔페리만정,돔페리움엠정,돔페린정,돔펠엠정,돔프린정"
"148601ATB","국제도네페질정,네오셉트정,네오페질정,넬슨도네페질정,녹십자도네페질정,뉴돈피질정,뉴로도네정,뉴로셉트정10밀리그람,뉴로케어정,뉴로페질정"
"148601ATD","네오셉트오디정,뉴로페질오디정,뉴셉트속붕정,뉴토인구강붕해필름,뉴페질구강붕해필름,도네디드속붕정,도네셉트속붕정,도네젠속붕정,도네질오디정,도네페질원속붕정"
"148602ATB","가미탈정,네오셉트정,네오페질정,넬슨도네페질정,녹십자도네페질정,뉴돈피질정,뉴로도네정,뉴로셉트정,뉴로케어정,뉴로킴정"
"148602ATD","네오셉트오디정,뉴로페질오디정,뉴셉트속붕정,뉴토인구강붕해필름,뉴페질구강붕해필름,도네디드속붕정,도네셉트속붕정,도네젠속붕정,도네질오디정,도네페질원속붕정"
"148603ATB","뉴토인정,도네일정,도네트정,도네펜정,도네필정,도페질정,디멘페질정,베아셉트정,브렌셉트정,실버셉트정"
"148604ATB","실버셉트정,하이페질정"
"148630ALQ","베아셉트액,신신도네페질액,제이더블유도네페질액,케이셉트액"
"148631ALQ","베아셉트액,신신도네페질액,제이더블유도네페질액,케이셉트액"
"148701BIJ","대우도파민주,도파신주사(염산도파민,도푸라민주,동국도파민염산염200밀리그램주사,동국염산도파민주사,명문이노판주,유도파주,트로핀주사200밀리그람,휴온스도파민주사액(도파민염산염)[수출명:DOPACEFINJ.]"
"148702BIJ","도파신주사,동국도파민염산염400밀리그램주사,동국염산도파민400밀리그람주사,트로핀주사400밀리그람"
"148703BIJ","트로핀주,휴온스염산도파민주사액"
"148731BIJ","대우도파민주,도파신주사(도파민염산염,도푸라민주,명문이노판주,유도파주,트로핀주사200밀리그람,휴온스도파민주사액(도파민염산염)[수출명:DOPACEFINJ.]"
"148801COS","도졸점안액,트루솝점안액"
"148830COS","트루솝점안액"
"148901ACH","삼일푸로치아덴캡슐,에스핀캅셀(염산도치에핀"
"149001BIJ","명문모프람주사,타프람주사"
"149101ATB","카도란정1밀리그람,카딜정,카르딜정1밀리그람,카르조신정,한불메실산독사조신정1밀리그람"
"149102ATB","독사신정,독시카민정,비씨메실산독사조신정2밀리그람,위더스독사조신메실산염정2밀리그램,제뉴원독사조신메실산염정2밀리그램,카데리나정2밀리그람,카도란정2밀리그람,카두라민정2밀리그람,카드린정2밀리그람,카딜정"
"149104ATR","독사존엑스엘서방정,카두라엑스엘서방정,카르딜엑스엘서방정4밀리그람,카비엑스엘서방정,프조신엑스엘서방정"
"149203ATB","고나스정,독세정,리치나잇정,명세핀정,사일레노정,사일원정,파마독세핀정"
"149204ATB","고나스정,독세정,리치나잇정,명세핀정,사일레노정,사일원정,슬리핀정,파마독세핀정"
"149301ACH","광동독시플루리딘캡슐,독시플루캡슐,디.에프캅셀,디독스캡슐,보령독시플루리딘캡슐100밀리그램,오라프리딘캅셀,후트론캡슐100밀리그람,훌루리딘캡슐"
"149302ACH","광동독시플루리딘캡슐200밀리그램,독시플루캡슐,디독스캡슐,디에프캡슐,보령독시플루리딘캡슐200밀리그램,튜머시드캡슐200밀리그람,후트론캡슐200밀리그람,훌루리딘캡슐"
"149401BIJ","독소루빈주사,에이디마이신주10밀리그람,에이디마이신주사액,에이디마이신주사액10밀리그람,에이디엠주,에이디엠주사액,일동아드리아마이신R.D.F.주사,일동아드리아마이신피.에프.에스.주사액10밀리그람,한국유나이티드염산독소루비신주"
"149402BIJ","독소루빈주사,에이디마이신주50밀리그람,에이디마이신주사액,에이디엠주,에이디엠주사액,일동아드리아마이신R.D.F.주사,일동아드리아마이신피에프에스주사액50밀리그람,한국유나이티드염산독소루비신주"
"149403BIJ","카스프리아주,케릭스주사"
"149404BIJ","산도스독소루비신주 mL,산도스독소루비신주mL,에베베독소루비신주 mL,에베베독소루비신주mL"
"149405BIJ","산도스독소루비신주 mL,산도스독소루비신주mL,에베베독소루비신주 mL,에베베독소루비신주mL"
"149430BIJ","독소루빈주사,독소신주사(독소루비신염산염,에이디마이신주사액,에이디엠주,에이디엠주사액,일동아드리아마이신알.디.에프.주사,일동아드리아마이신피.에프.에스.주사액,한국유나이티드염산독소루비신주"
"149432BIJ","독소루빈주사,독소신주사(독소루비신염산염,에이디마이신주사액,에이디엠주,에이디엠주사액,일동아드리아마이신알.디.에프.주사,일동아드리아마이신피.에프.에스.주사액,한국유나이티드염산독소루비신주50밀리그램"
"149433BIJ","독소신주사(독소루비신염산염,산도스독소루비신주 mL,산도스독소루비신주mL"
"149434BIJ","산도스독소루비신주 mL,산도스독소루비신주mL"
"149501ACH","독시라마이신캡슐,동구독시사이클린캅셀100밀리그람,신일모노독시엠캡슐,유니독시캅셀,트리씰린엔캅셀"
"149501ATB","더독시정,도크린정(독시사이클린,독시마이신엔정,독시메디정,독시사이정,독시엔디정,독시정,독시크네정,독시투정,바이넥스독시사이클린정100밀리그램"
"149701ACH","국제독시사이클린하이클레이트수화물캡슐100밀리그램,코러스독시사이클린캡슐(독시사이클린하이클레이트,하원독시사이클린캡슐(독시사이클린하이클레이트,휴온스독시사이클린하이클레이트캡슐"
"149702ACH","덴타클린캅셀,덴티스타캡슐"
"149801ATB","사라인정,스메르정,아졸정,유니솜정,자미슬정,자믹정,자비론정,잘덴정(호박산독실아민,포린피아정"
"149901ATB","리마인드정,페리시정,프마인정,히페리정"
"150001ASY","브로반시럽1,브로판플러스시럽,아스판시럽,아이코팡시럽,카타프로시럽,푸로스판시럽"
"150002ASY","대화헤데라시럽,델라시럽,리노스판시럽,브로판시럽,브론덱스시럽,브론스판시럽,브론큐시럽,브론키드시럽,비알헤데푸시럽,아이벡시럽"
"150007ATB","대원헤데라정,리노스판정,뮤코스판정,아이빅스정,헤데릭스정,헤데시드정,헤데코푸정,헤데판정,헤로스판정,헤브론에프정"
"150030ASY","아이스판 에프시럽,아이스판에프시럽"
"150032ASY","뉴코팡시럽,푸로스판시럽"
"150033ASY","뉴코팡시럽,아이비프로시럽,아이빅스시럽,지미아이시럽,푸로스판시럽,프로스트시럽,헤데릴시럽,휴로코푸시럽"
"150034ASY","리노스판시럽,브론스판시럽,브론큐시럽,아이스판시럽,코푸스티시럽,클락틴시럽,페셔날시럽,헤데릭스시럽,헤데신시럽,헤데코푸시럽"
"150038ASY","페셔날시럽,헤데론시럽"
"150043ASY","아이벡시럽,아이빅스시럽,헤데코푸시럽"
"150044ASY","뉴코팡시럽,브로반시럽[아이비엽에탄올건조엑스],브로판플러스시럽,아스판시럽,아이빅스시럽,아이코팡시럽,코푸솔플러스시럽,푸로스판시럽,프로스트시럽,헤브론에프시럽"
"150045ASY","대화헤데라시럽,리노스판시럽,브론덱스시럽,브론스판시럽,브론큐시럽,브론키드시럽,비알헤데푸시럽,아이벡시럽,아이브로시럽,아이비투시럽"
"150501ATB","듀파스톤정,중외듀파스톤정"
"150601ATB","건바스틴정,라이트에바스틴정,바스콜정,보령에바스텔정,스바에정,에바딘정,에바스정,에바스틸정,에바티스정,에바틴엠정"
"150702ACH","셀몬캅셀"
"150801COM","에코라연고,팡가졸연고(질산에코나졸"
"150830COM","에코라연고,팡가졸연고(질산에코나졸"
"150901BIJ","레드큐어주,블레이안주,에데트주사,칼킬레이트주"
"150930BIJ","레드큐어주,칼킬레이트주"
"151101BIJ","알보젠엘카토닌주,엘시토닌주,엘카닌주,엘카주,유영엘카토닌주"
"151102BIJ","엘시토닌주20S,엘카닌주,엘카주,유영엘카토닌주"
"151130BIJ","알보젠엘카토닌주10단위,엘시토닌주,엘카닌주,엘카주,유영엘카토닌주10단위"
"151131BIJ","엘시토닌주20S,엘카닌주,엘카주,유영엘카토닌주20단위"
"151601ATB","나라프릴정,나릴정,나프릴정,날프릴정,네프릴정,뉴프릴정,대우에날라프릴정(에날라프릴말레산염,대원에날라프릴정,데번프릴정10밀리그람(말레인산에날라프릴,동광에날라프릴정10mg"
"151603ATB","레나톤정5밀리그람(말레인산에날라프릴,레니프릴정,레니프릴정5밀리그람,에나프린정"
"151801CLQ","게로란액,컴파운드347액"
"151901BIJ","선라빈주,에노론주"
"152001ATB","비마르크정,푸리마크정"
"152101BIJ","크녹산주,크렉산주"
"152102BIJ","크녹산주,크렉산주"
"152103BIJ","크녹산주,크렉산주"
"152104BIJ","비엠에녹사파린주,에녹사파린주,크녹산주,크렉산주"
"152105BIJ","크녹산주,크렉산주"
"152130BIJ","크녹산주,크렉산주"
"152132BIJ","크녹산주,크렉산주"
"152133BIJ","비엠에녹사파린주,크녹산주,크렉산주"
"152134BIJ","크녹산주,크렉산주"
"152301ATB","글로에리손정,넬슨에페리손정,뉴페리손정,대우에페리손정,대웅바이오에페리손정,대원에페리손염산염정,동광에페리손정,동구에페리손정,동방에페리손정,동성에페리손정"
"152302ATR","글로에리손SR서방정,네렉손서방정,다나젠에페리손서방정,대우에페리손SR서방정,대웅바이오에페리손서방정,동구에페리손서방정,디페리손서방정,뮤렉스SR서방정,뮤렉신서방정,뮤리손SR서방정"
"152401BIJ","대원염산에페드린주사액(수출명:에린주사(에페드린염산염,제일에페드린염산염주사액"
"152430BIJ","대원염산에페드린주사액[수출명:에린주사(에페드린염산염)(ErineInj.)],제일에페드린염산염주사액"
"152501ATB","다에피정,더에피나정,동성에피나스틴정,메가에스틴정,삼성에피나스틴정,셀레지온정,신신에피나스틴염산염정10밀리그램,씨엘에피나스틴정,아레나스정,아레스텐정"
"152502ATB","동광에피나스틴정,삼성에피나스틴정,아르기정,아르레온정,아르엔정,아리온정,알러그린정,알러엑스정,알러지논정,알러텐정"
"152503COS","릴레스타트점안액"
"152530COS","릴레스타트점안액,알레지온점안액"
"152601BIJ","대한에피네프린주사액,제일에피네프린주사액"
"152630BIJ","대한에피네프린주사액,제일에피네프린주사액"
"152701BIJ","보령에피루비신염산염주,에피진주,일동파모루비신알디에프주사10밀리그람,일동파모루비신피.에프.에스주"
"152702BIJ","보령에피루비신염산염주,에피진주,일동파모루비신피.에프.에스주"
"152703BIJ","산도스에피루비신주 mL,산도스에피루비신주mL,에베베에피루비신주 mL,에베베에피루비신주mL"
"152704BIJ","산도스에피루비신주 mL,산도스에피루비신주mL,에베베에피루비신주 mL,에베베에피루비신주mL"
"152730BIJ","보령에피루비신염산염주,에피진주,일동파모루비신알.디.에프.주사,일동파모루비신피.에프.에스주"
"152731BIJ","보령에피루비신염산염주,에피진주,일동파모루비신피.에프.에스주"
"152732BIJ","산도스에피루비신주 mL,산도스에피루비신주mL"
"152733BIJ","산도스에피루비신주 mL,산도스에피루비신주mL"
"152904BIJ","노보세븐알티주"
"152905BIJ","노보세븐알티주"
"152906BIJ","노보세븐알티주"
"153101ACH","뉴에르도테캡슐,도스틴캡슐,동성에르도스테인캡슐,렘피드캡슐,르테인캡슐,뮤레스캡슐,뮤코메드캡슐,뮤코엘캡슐,뮤코원캡슐,브론펙트캡슐"
"153101ATB","동화엘텐정,에르스토정,에르펙토정,엘도랄정,엘도브론정,엘도씽정,엘도에스정,엘도테인정,엘도프로정,엘로틴정"
"153102ASY","엘도란트건조시럽,엘도스시럽"
"153130ASY","엘도란트건조시럽,엘도브론시럽,엘도스시럽,엘도씽시럽,엘도인시럽,엘스테인시럽,엘스텐시럽,잘도스시럽,지테인건조시럽"
"153502ASY","아이로손시럽,에리진에스시럽"
"153532ASY","에리진에스시럽"
"154001ACH","보령에릭캡슐,에리진캡슐"
"154401BIJ","에스블록주사,제일브레비블록주100밀리그람"
"154431BIJ","제일브레비블록주(에스몰롤염산염,제일브레비블록주2.5그람"
"154901ATB","에스트로펨정1밀리그람,프레다정"
"154902CCM","디비겔겔,에스트레바겔"
"154903ATB","에스트로펨정2밀리그람,프레다정"
"155003BIJ","에스트라디올 데포주,에스트라디올데포주"
"155202CSP","에스트리올 오부룸제나팜질좌제,에스트리올오부룸제나팜질좌제,오베스틴질좌제"
"155401ATB","프레마린정0.3밀리그람,프레미나정"
"155501ATB","에스젠정,오젠정"
"155502ATB","에스젠정1.25밀리그람,오젠정"
"155602ATB","마이암부톨제피정,명인염산에탐부톨정400밀리그람,코러스염산에탐부톨정400밀리그람,탐부톨정,튜톨정"
"155901ACS","자론티연질캡슐,자론틴캡슐,자론틸연질캅셀"
"156030BIJ","리피오돌울트라액,패티오돌주사"
"156602ACH","건일로딘캡슐,대우에토돌락캅셀,락치스캡슐(미결정에토돌락,로디오캡슐,슈넬에토돌락캡슐200밀리그람,에토딘캡슐,코러스에토돌락캡슐(수출명:KORULACCap.,파비스에토돌락캅셀(수출용,페노딘캡슐(에토돌락,하원에토돌락캅셀"
"156602ATB","건일로딘정,에토돌정"
"156603ATR","로딘엑스엘정,타로에토돌락서방정"
"156604ATR","건일로딘서방정,타로에토돌락서방정"
"157101BIJ","라스텟트주,아시드브이주,에토폴주,에포신주사,이연에토포시드주,이피에스주"
"157102ACH","라스텟트에스캡슐,라스텟트캅셀25밀리그람"
"157103BIJ","이연에토포시드주,이피에스주"
"157104BIJ","산도스에토포시드주 mL,산도스에토포시드주mL,에베베에토포시드주 mL,에베베에토포시드주mL"
"157105BIJ","산도스에토포시드주 mL,산도스에토포시드주mL,에베베에토포시드주 mL,에베베에토포시드주mL,이피에스주"
"157107BIJ","산도스에토포시드주 mL,산도스에토포시드주mL,에베베에토포시드주 mL,에베베에토포시드주mL"
"157108BIJ","산도스에토포시드주 mL,산도스에토포시드주mL,에베베에토포시드주 mL,에베베에토포시드주mL"
"157130BIJ","산도스에토포시드주 mL,산도스에토포시드주mL"
"157131BIJ","라스텟트주,아시드브이주,에토폴주,에포신주사,이연에토포시드주,이피에스주"
"157133BIJ","산도스에토포시드주 mL,산도스에토포시드주mL"
"157134BIJ","산도스에토포시드주 mL,산도스에토포시드주mL"
"157135BIJ","이연에토포시드주,이피에스주"
"157136BIJ","산도스에토포시드주 mL,산도스에토포시드주mL"
"157201ATB","국제팜시클로버정,대웅팜시클로비르정,대한팜시클로버정,동성팜시클로비르정,디스포진정,디스포진정250밀리그람,로팜시정,메가팜시버정,바이비어정,바이비어정250밀리그람"
"157202ATB","대웅팜시클로비르정750밀리그램,디스포진정750밀리그람,로시팜정750밀리그람,베아클로버정,보령팜시클로비르정750밀리그람,위더스팜시클로버정,파미버정,파미클정,파비어정,팜비르정"
"157202ATR","국제팜시클로버정750밀리그람,대원팜시클로버정750밀리그람,팜로버정750밀리그람,팜비탈정750밀리그람,팜시르정750밀리그람,팜시바정750밀리그람,팜큐어정,팜크로바정750밀리그람,팜클로정,팜클론정"
"157301ATB","베아파모정,휴텍스파모티딘정10밀리그람"
"157302ATB","가르딘정20밀리그람,가스파모정,가티딘정,경동파니틴정,넬슨파모티딘정,다나젠파모티딘정20밀리그램,다산파모티딘정,대원바이오텍파모티딘정20밀리그램,대화파모티딘정20밀리그람,동아가스터정"
"157302ATD","가스터디정,파모팡오디정"
"157302BIJ","가스터주사액,동아가스터주20밀리그람(바이알,마이팜파모티딘주사,모틴주(파모티딘)(수출명:명인모틴주(파모티딘)H2BLOCInj.,모틴주(파모티딘)[수출명:명인모틴주(파모티딘) H2BLOC Inj.(파모티딘)],모틴주(파모티딘)[수출명:명인모틴주(파모티딘)H2BLOCInj.(파모티딘)],베스티딘주"
"157303ATB","베스티딘정,파라리딘정(파모티딘,휴온스파모티딘정"
"157501ATR","건일펠로디핀정5밀리그람,디로딜정,디로핀지속정(펠로디핀,디크리핀서방정,디크리핀지속정,로디핀지속정,로딜정(펠로디핀,로퍼린지속정,무노디핀지속정,무노발정5밀리그람"
"157503ATR","디로핀지속정2.5밀리그람,디크리핀지속정2.5밀리그람,무노발정2.5밀리그람,스프렌딜지속정2.5밀리그람"
"157702ACR","글리펜서방캅셀,노리포서방캅셀250밀리그람"
"157703ACH","리필펜캡슐,페노피드캡슐"
"157704ATB","네오페노정,리피딜엔티정,페노웰정"
"157801ACH","페노프론캡슐,한올페노프로펜칼슘캡슐"
"157802ACH","페노프론300밀리그램캡슐,한올페노프로펜칼슘캡슐"
"157803ATB","페노프론600밀리그람정,한올페노프로펜칼슘정"
"157901ATB","베로텍정,코딜라트정,페노테정,페노텔정"
"158209CPC","듀로제식디트랜스패취 h,듀로제식디트랜스패취h,듀페닐패취 h,듀페닐패취h,마트리펜패취 h,마트리펜패취h,명문펜타닐패취 h,명문펜타닐패취h,펜타덤패취 h,펜타덤패취h"
"158210CPC","듀로제식디트랜스패취 h,듀로제식디트랜스패취h,듀페닐패취 h,듀페닐패취h,마트리펜패취 h,마트리펜패취h,명문펜타닐패취 h,명문펜타닐패취h,펜타덤패취 h,펜타덤패취h"
"158211CPC","듀로제식디트랜스패취 h,듀로제식디트랜스패취h,듀페닐패취 h,듀페닐패취h,마트리펜패취 h,마트리펜패취h,명문펜타닐패취 h,명문펜타닐패취h,펜타덤패취 h,펜타덤패취h"
"158212CPC","듀로제식디트랜스패취 h,듀로제식디트랜스패취h,마트리펜패취 h,마트리펜패취h,펜타듀르패취 h,펜타듀르패취h,펜타릭스패취 h,펜타릭스패취h,펜타맥스MAT패치 h,펜타맥스MAT패치h"
"158213CPC","듀로제식디트랜스패취 h,듀로제식디트랜스패취h,듀페닐패취 h,듀페닐패취h,마트리펜패취 h,마트리펜패취h,펜타덤패취 h,펜타덤패취h,펜타듀르패취 h,펜타듀르패취h"
"158216CPC","펜타릭스패취 h,펜타릭스패취h"
"158301BIJ","구주구연산펜타닐주사,대원펜타닐시트르산염주사액,대한펜타닐주사액,명문구연산펜타닐주사,비씨펜타닐시트르산염주사,하나구연산펜타닐주사,한림펜타닐주사,휴온스펜타닐주사액"
"158302BIJ","구주구연산펜타닐주사,대원구연산펜타닐주사액,대원펜타닐시트르산염주사액,대한펜타닐주사액,명문구연산펜타닐주사,비씨펜타닐시트르산염주사,하나구연산펜타닐주사,한림펜타닐주사"
"158303BIJ","구주구연산펜타닐주사,대원구연산펜타닐주사액,대원펜타닐시트르산염주사액,대한펜타닐주사액,명문구연산펜타닐주사,비씨펜타닐시트르산염주사,하나구연산펜타닐주사,한림펜타닐주사"
"158304BIJ","대한펜타닐주사액,명문구연산펜타닐주사,비씨펜타닐시트르산염주사,하나구연산펜타닐주사,한림펜타닐주사"
"158305ATL","나르코설하정200마이크로그램,앱스트랄설하정200마이크로그램"
"158311BIJ","대한펜타닐주사액,하나구연산펜타닐주사"
"158314ATL","펜타칸설하정 400마이크로그램,펜타칸설하정400마이크로그램"
"158316ATL","펜타칸설하정 800마이크로그램,펜타칸설하정800마이크로그램"
"158321ATL","나르코설하정100마이크로그램,앱스트랄설하정100마이크로그램"
"158322ATL","나르코설하정300마이크로그램,앱스트랄설하정300마이크로그램"
"158330BIJ","대한펜타닐주사액,명문구연산펜타닐주사,비씨펜타닐시트르산염주사,하나구연산펜타닐주사,한림펜타닐주사"
"158331BIJ","구주구연산펜타닐주사,구주펜타닐시트르산염주사,대원구연산펜타닐주사액,대원펜타닐시트르산염주사액,대한펜타닐주사액,명문구연산펜타닐주사,비씨펜타닐시트르산염주사,하나구연산펜타닐주사,한림펜타닐주사"
"158332BIJ","구주구연산펜타닐주사,구주펜타닐시트르산염주사,대원구연산펜타닐주사액,대원펜타닐시트르산염주사액,대한펜타닐주사액,명문구연산펜타닐주사,비씨펜타닐시트르산염주사,하나구연산펜타닐주사,한림펜타닐주사"
"158333BIJ","구주구연산펜타닐주사,구주펜타닐시트르산염주사,대원펜타닐시트르산염주사액,대한펜타닐주사액,명문구연산펜타닐주사,비씨펜타닐시트르산염주사,하나구연산펜타닐주사,한림펜타닐주사,휴온스펜타닐주사액"
"158334BIJ","비씨펜타닐시트르산염주사,하나구연산펜타닐주사"
"158336ATL","펜타칸설하정 533마이크로그램,펜타칸설하정533마이크로그램"
"158337ATL","펜타칸설하정 133마이크로그램,펜타칸설하정133마이크로그램"
"158338ATL","펜타칸설하정 267마이크로그램,펜타칸설하정267마이크로그램"
"158601ALQ","훼럼아이액,훼럼키드액,훼마틴키드액"
"158603ALQ","헤모콤액,훼럼메이트액,훼로맥스액,훼마톤액"
"158631ALQ","훼럼메이트액,훼로맥스액,훼마톤액"
"158633ALQ","훼럼아이액,훼럼키드액"
"158635ALQ","훼럼키드액,훼마틴키드액"
"158901BIJ","그라신프리필드시린지주,류코스팀주사액150마이크로그람,류코스팀주사액프리필드시린지,류코카인주150,제일그라신프리필드시린지주150마이크로그램"
"158902BIJ","그라신300프리필드시린지주,류코스팀주사액300마이크로그람,류코스팀주사액프리필드시린지,류코카인주300,제일그라신프리필드시린지주300"
"158903BIJ","그라신프리필드시린지주,류코스팀주사액75마이크로그람,류코스팀주사액프리필드시린지,제일그라신프리필드시린지주75마이크로그램"
"158930BIJ","그라신프리필드시린지주,류코스팀주사액75마이크로그램,제일그라신프리필드시린지주"
"158931BIJ","그라신프리필드시린지주,류코스팀주사액150마이크로그램,류코카인주150,제일그라신프리필드시린지주"
"158932BIJ","류코스팀주사액300마이크로그램,류코카인주300"
"158933BIJ","그라신300프리필드시린지주,제일그라신프리필드시린지주300"
"159001ATB","그로모정,나우스카정,뉴리드정,다림피나스테리드정5밀리그램,대웅바이오피나스테리드정5밀리그램,리모날정,마이피나정,마인페시아정,메가페시아정,명문피나스테리드정5밀리그램"
"159201ATB","라복센정,유로젠정,제일스파게린정,크린세이트정"
"159302ATB","탬보코정,풀카드정"
"159401ATB","메가로신정100밀리그람,플레로신정"
"159501BIJ","일동후루마린주사,일동후루마린주사0.5그람,후루세파주사"
"159902BIJ","디푸루칸정맥주사,원플루주,푸루나졸주,프루칸주"
"159903ACH","뉴코나졸캡슐,뉴플코졸캡슐,다나젠플루코나졸캡슐,다나칸캡슐,다이플루캅셀,다코나졸캡슐,대우플루코나졸캡슐,대원바이오텍플루코나졸캡슐,대화플루코나졸캡슐,데이칸캡슐"
"159905ACH","다나칸캡슐150밀리그람,다이플루캡슐150밀리그람,디로칸캡슐,디스플루캡슐,디코나졸캡슐,디푸란캡슐,디푸코졸캡슐,디프루졸캡슐,디플루졸캡슐,루나졸캡슐"
"159905ATB","네오코날정150밀리그람,다나젠플루코나졸정,대웅푸루나졸정,대원바이오텍플루코나졸정,디루칸정,디무로칸정,디카졸정,디코나졸정,디푸코졸정,디프나졸정"
"159931BIJ","디푸루칸정맥주사,원플루주,푸루나졸주,프루칸주,후루날주"
"160101BIJ","삼오플루다라빈주,플루다라주,호스피라플루다라빈주,화이자플루다라빈주"
"160201ATB","플로리네프정"
"160401BIJ","뉴제닐주,루제닐주사,명문플루마제닐주,아넥세이트주0.5밀리그람,안세다티브주,플루닐주사"
"160402BIJ","루제닐주사,안세다티브주,플루닐주사"
"160430BIJ","뉴제닐주,루마세이트주,루마세이트프리필드주,루제닐주사,명문플루마제닐주,안세다티브주,플루닐주사"
"160431BIJ","뉴제닐주,루마세이트주,루제닐주사,명문플루마제닐주,아넥세이트주0.5밀리그람,안세다티브주,유플라마주,플루닐주사"
"160432BIJ","뉴제닐주,루마세이트주,루마세이트프리필드주"
"160501ACH","나리펜캡슐(플루나리진염산염,나지나캡슐(염산플루나리진,싸리움캡슐,씨베리움캡슐,헤다크캡슐,헤펜캡슐"
"160601ATB","라제팜정,루나팜정"
"160801CCM","나이드크림,라이덱스크림,엑스엘 완겔,엑스엘완겔"
"160830CCM","엑스엘 완겔,엑스엘완겔"
"160832CCM","나이드크림,플루오시노크림(플루오시노니드)[수출명:FLUOCINOCREAM]"
"160835CCM","나이드크림,라이덱스크림,플루오시노크림(플루오시노니드)[수출명:FLUOCINOCREAM]"
"160836CCM","나이드크림,플루오시노크림(플루오시노니드)[수출명:FLUOCINOCREAM]"
"161101BIJ","노바티스플루오레세인주,후루오레사이트주사,후루오레사이트주사(플루오레세인나트륨"
"161201COS","디피메토론점안액,라이트플론티점안액,루메론점안액,리플루점안액,베아플론점안액,비토론점안액,아이메토론점안액,아이플루점안액,오큐메토론점안액(플루오로메토론,오토론점안액"
"161202COS","오큐메토론점안액(플루오로메토론,오토론점안액,옵티브이점안액,톨론점안액,플루메토론점안액,후메론점안액"
"161205COS","리플루점안액,톨론점안액(플루오로메톨론)(수출명:필톨론점안액 TOLONEYE eye drops,톨론점안액(플루오로메톨론)(수출명:필톨론점안액TOLONEYEeyedrops,플로손점안액,플루빈점안액"
"161209COS","참훌루오로메토론점안액,톨론점안액(플루오로메톨론)(수출명:필톨론점안액 TOLONEYE eye drops,톨론점안액(플루오로메톨론)(수출명:필톨론점안액TOLONEYEeyedrops,플로손점안액,플루빈점안액"
"161230COS","리플루점안액,톨론점안액(플루오로메톨론)(수출명:필톨론점안액 TOLONEYE eye drops,톨론점안액(플루오로메톨론)(수출명:필톨론점안액TOLONEYEeyedrops,플로손점안액,플루빈점안액,후메토론점안액"
"161231COS","후메론점안액,휴로플루오점안액"
"161232COS","산텐플루메토론0.02점안액,오큐메토론점안액(플루오로메톨론,오토론점안액,옵티브이점안액,플루메토론점안액,후메론점안액"
"161234COS","오토론점안액,옵티브이점안액"
"161237COS","디피메토론점안액,루메론점안액,메톨론점안액,베아플론점안액,산텐플루메토론0.1점안액,아이메토론점안액,아톨론점안액,오큐메토론점안액(플루오로메톨론,오토론점안액,옵타론점안액"
"161238COS","디피메토론점안액,라이트플론티점안액,루메론점안액,루체에프점안액,리플루점안액,메톨론점안액,비토론점안액,아이메토론점안액,아이플루점안액,아톨론점안액"
"161239COS","루메론점안액,풀아이론점안액"
"161240COS","유니메토론점안액,플루론점안액"
"161241COS","참훌루오로메토론점안액,플루빈점안액,휴로플루오점안액"
"161242COS","옵타벨라점안액,참훌루오로메토론점안액,톨론점안액(플루오로메톨론)(수출명:필톨론점안액 TOLONEYE eye drops,톨론점안액(플루오로메톨론)(수출명:필톨론점안액TOLONEYEeyedrops,플로손점안액,플루빈점안액,후메론점안액,후메토론점안액,휴로플루오점안액"
"161243COS","참훌루오로메토론점안액,톨론점안액(플루오로메톨론)(수출명:필톨론점안액 TOLONEYE eye drops,톨론점안액(플루오로메톨론)(수출명:필톨론점안액TOLONEYEeyedrops,플로손점안액,플루빈점안액,후메토론점안액"
"161244COS","옵티브이점안액,톨론점안액(플루오로메톨론)(수출명:필톨론점안액 TOLONEYE eye drops,톨론점안액(플루오로메톨론)(수출명:필톨론점안액TOLONEYEeyedrops,플로손점안액,플루빈점안액,후메론점안액,후메토론점안액,휴로플루오점안액"
"161245COS","후메론점안액,휴로플루오점안액"
"161330COS","플라렉스점안현탁액"
"161401BIJ","에프실주,유토랄주250밀리그람,중외5 에프유주,중외5에프유주"
"161402BIJ","에프실주500밀리그람,유토랄주,중외5 에프유주,중외5에프유주"
"161404BIJ","중외5 에프유주,중외5에프유주"
"161430BIJ","유토랄주250밀리그람,중외5 에프유주,중외5에프유주"
"161431BIJ","유토랄주,중외5 에프유주,중외5에프유주"
"161432BIJ","중외5 에프유주,중외5에프유주"
"161501ACH","노르작캡슐,디프렉신캡슐10밀리그람,디프세틴캡슐,로틴캡슐,리옥틴캡슐,셀렉틴캡슐,슬리세틴캡슐,영진플루옥세틴캡슐,웰피트캡슐,유니작캡슐"
"161502ACH","국제플루옥세틴캡슐,노르작캡슐,노브세틴캡슐,뉴로작캡슐(염산플루옥세틴,다나텍캡슐,대화염산플루옥세틴캡슐,디프렉신캡슐,디프렌캡슐,디프세틴캡슐,란크릭캡슐"
"161502ATD","푸로작확산정,푸록틴확산정,플루누린확산정"
"161902CPO","비펜카타플라스마(플루르비프로펜)(수출명(싱가폴 말레이지아 태국):아쿠스탑카타플라스마,비펜카타플라스마(플루르비프로펜)(수출명(싱가폴말레이지아태국):아쿠스탑카타플라스마"
"161904CPL","페노스탑플라스타,페노크린첩부제,플럭스플라스타"
"162001COS","바슈롬플루비프로펜나트륨점안액,오큐펜리퀴필름점안액"
"162101ATB","유렉신정,유렉신정250밀리그람"
"162201CCM","큐티베이트크림,플루티카크림"
"162205CSI","후릭소타이드디스커스100마이크로그램,후릭소타이드주니어에보할러50마이크로그램"
"162234CCM","큐티베이트크림,플루티카크림"
"162301CCM","나이트랄크림,뉴트랄크림,더모나졸크림,미세트랄크림,타미졸크림,타미트랄크림,트리마졸크림,트리졸크림,프리마솔크림,플레카크림"
"162330CCM","타미트랄크림,트리마졸크림,플레카크림,플루마졸크림,플루트랄크림"
"162331CCM","나이트랄크림,더모나졸크림,루마졸크림,타미트랄크림,트리마졸크림,프리마솔크림,플리트졸크림"
"162333CCM","더모나졸크림,루마졸크림,타미트랄크림,플리트졸크림"
"162336CCM","타미트랄크림,플루마졸크림,플리트졸크림"
"162337CCM","루마졸크림,타미트랄크림,트리마졸크림,플리트졸크림"
"162401ACH","레스콜캡슐,자이렙캡슐"
"162402ACH","레스콜캡슐,자이렙캡슐"
"162403ATR","레스콜엑스엘서방정,자이렙엑스엘서방정"
"162601ATB","마이팜엽산정,신일폴산정,폴린정,폴시드정,피엠지폴산정"
"162702BIJ","고날에프주,벰폴라프리필드펜"
"162706BIJ","고날 에프펜900IU주,고날에프펜900IU주"
"162707BIJ","고날 에프펜300IU주,고날에프펜300IU주"
"162708BIJ","고날 에프펜450IU주,고날에프펜450IU주"
"162730BIJ","고날 에프펜300IU주,고날에프펜300IU주,벰폴라프리필드펜"
"162731BIJ","고날 에프펜450IU주,고날에프펜450IU주"
"162732BIJ","고날 에프펜900IU주,고날에프펜900IU주"
"162734BIJ","고날 에프펜150IU주,고날에프펜150IU주,벰폴라프리필드펜"
"162735BIJ","벰폴라프리필드펜"
"162801BIJ","퓨레곤주"
"162802BIJ","퓨레곤용액주,퓨레곤주"
"162803BIJ","퓨레곤펜주"
"162804BIJ","퓨레곤펜주"
"162805BIJ","퓨레곤펜주"
"162830BIJ","퓨레곤용액주"
"163104ASY","르모텍건조시럽,삼아아토크건조시럽,소르텔건조시럽,아스토건조시럽,아토롤건조시럽,포메롤건조시럽,포모테롤건조시럽,포테랄건조시럽"
"163104ATB","삼아아토크정(포르모테롤푸마르산염수화물,포라몰정(푸마르산포르모테롤"
"163130ASY","비보존포르모테롤건조시럽,삼아아토크건조시럽,아모르건조시럽,아스토건조시럽,아스포롤건조시럽,아스폴건조시럽,아토롤건조시럽,안국포르모테롤건조시럽,테롤칸건조시럽,포메롤건조시럽"
"163131ASY","삼아아토크건조시럽,소르텔건조시럽,아스토건조시럽,아스폴건조시럽,아토롤건조시럽,포메롤건조시럽"
"163401APD","모누롤산,포스롤산"
"163430APD","마이포신산,모누롤산,포스포산"
"163501ATB","모노프릴정10밀리그람,포시릴정10밀리그람"
"163502ATB","모노프릴정20밀리그람,포시릴정20밀리그람"
"163601ATB","베니톨정,베니트라정,베인톨정,벤토아정,치벤정,치퀵정,프라민정,프라빈정,플라이드정,헤마톨정"
"163701BIJ","대한레브로즈,씨제이과당주사액,이노엔과당주사액,중외과당주사액"
"163801ATB","다이릭스정,라식스정,후릭스정"
"163830BIJ","라식스주사,유리라세미주"
"164102COS","비후시딕점안액,신속스점안액,후시탈믹점성점안액"
"164201ACH","가바랩캡슐,가바렉스캡슐,가바렙캡슐100밀리그람,가바로닌캡슐,가바론틴캡슐,가바스탄캡슐,가바스틸캡슐,가바원캡슐,가바인캡슐,가바케이캡슐"
"164202ACH","가뉴틴캡슐,가로틴캡슐,가바렉스캡슐,가바렙캡슐300밀리그람,가바로닌캡슐,가바론캡슐,가바론틴캡슐,가바스탄캡슐,가바스틴캡슐,가바스틸캡슐"
"164203ACH","가바틴캡슐400밀리그람,가바펜다캡슐,뉴로가펜캡슐,뉴론틴캡슐,동아가바펜틴캡슐,카나가바로틴캡슐,테바가바펜퀄캡슐,펜가틴캡슐400밀리그람,피엠에스가바펜틴캡슐400밀리그램"
"164204ATB","가바렉스정,가바렙정600밀리그람,가바액트정600밀리그람,가바틴정,네버펜틴정,네버펜틴정600밀리그람,뉴론틴정,동아가바펜틴정,메가펜틴정"
"164205ATB","가바렙정800밀리그람,가바틴정,가바페닌정,뉴렙톨정800밀리그람,뉴로닌정,뉴론틴정,동아가바펜틴정,유니론틴정,펜가틴정800밀리그람"
"164301BIJ","가벡실주사,가벡실주사100밀리그람(메실산가백세이트)수출명:프로비토주사100밀리그람,아그론주,호의주"
"164430APD","갈타제산"
"164431APD","갈타제산"
"164501BIJ","가렉신주,가로산주,가린주,가트린주,갈라드주,갈라민트주사,갈라시드주,갈라신주사,갈라티드주,갈락스주"
"164530BIJ","가렉신주,가린주,가트린주,갈라드주,갈라민트주사,갈라시드주,갈라신주사,갈라티드주,갈락스주,갈렉산주"
"164602BIJ","가비르정주,싸이메빈정주"
"164901BIJ","겜빈주,겜신주,디비엘젬시타빈염산염주,디비팜젬시타빈염산염주사,보령염산젬시타빈주1그람,산도스젬시타빈주,삼성젬시타빈염산염주,제로암주,제미타주,젬시노빈주"
"164902BIJ","겜빈주,겜신주,디비엘젬시타빈염산염주,디비팜젬시타빈염산염주사200밀리그람,산도스젬시타빈주,삼성젬시타빈염산염주,제로암주,제미타주,젬시노빈주,젬시빈주"
"164903BIJ","젬타빈주,호스피라젬시타빈액상주,화이자젬시타빈주"
"164930BIJ","겜빈주,겜신주,삼성젬시타빈염산염주1그램,제로암주,젬시빈주,젬시트주,젬시트주사액,젬시팜주,젬자액상주,젬자주"
"164931BIJ","겜빈주,겜신주,삼성젬시타빈염산염주200밀리그램,제로암주,젬시빈주,젬시트주,젬시트주사액,젬시팜주,젬자액상주,젬자주"
"164932BIJ","젬타빈주,호스피라젬시타빈액상주,화이자젬시타빈액상주,화이자젬시타빈주"
"165001ACH","브로질캡슐,제일로피드캡슐"
"165102CCM","신풍겐타마이신황산염크림,안국황산겐타마이신크림"
"165103BIJ","건일겐타마이신주사,겐타프로주사,경동황산겐타마이신주,국제겐타마이신주,동화황산겐타마이신주사액,신일겐타마이신황산염주사액,신풍겐타마이신주80밀리그람,알보젠겐타마이신황산염주,중외겐타마이신황산염주"
"165104COS","오큐겐타점안액,참황산겐타마이신점안액"
"165133COS","오큐겐타점안액,참황산겐타마이신점안액"
"165136BIJ","겐타프로주사,국제겐타마이신주,신일겐타마이신황산염주사액,신풍겐타마이신주80밀리그램,알보젠겐타마이신황산염주,중외겐타마이신황산염주"
"165137CCM","신풍겐타마이신황산염크림,안국겐타마이신황산염크림"
"165301ACS","지뉴스에프연질캡슐120밀리그람,징코본연질캡슐,키로민연질캡슐120밀리그람"
"165301ATB","깅코라민정,깅코탄정,라이트징코정,써큐렉스정,젤로톤정120밀리그람,진맥톤정,진코란정,진코멕신정,진코바정(은행엽엑스)(수출명:GalobarTab.,진큐크린정"
"165302BIJ","지타코주,징스주,타나민주(은행엽엑스)(수출명:고려민주(은행엽엑스)유카민주,트나민주,트나민주(은행엽엑스"
"165303ACS","바로킨연질캡슐,에바민연질캡슐,은엑손연질캡슐,진코멕신연질캡슐"
"165303ATB","그라톤정,기네프정,기넥스타정,기넥신에프정,긴코센정,깅코라민정,깅코탄정,동인당은행엽엑스정,동화은행엽엑스정,바넥신정"
"165305ATB","기네프정,기넥신에프정,깅고맥스정,깅코라민정,대웅징코샷정,동화행심정,라이트징코정,바넥신정,바소필정,세보칸정"
"165330BIJ","진코넥주(은행엽엑스,타나민주(은행엽엑스)(수출명:고려민주(은행엽엑스) 유카민주,타나민주(은행엽엑스)(수출명:고려민주(은행엽엑스)유카민주,트나민주"
"165402ATB","다오닐정,당비놀정,유글루콘정"
"165602ATB","그리자이드정(글리클라짓)[캄보디아수출명:멜리크론정(Mellicron)],그리크라정(글리클라짓)(수출명:글리제정,글라지드정,글루코트정,글리클정,노디아렉스정,다이클라정,디베린정,디아미크롱정,디아민정"
"165603ATR","디베린엠알정30밀리그람,디아미크롱서방정"
"165701ATB","게리드정,그리메피드정,그리멜정,글라디엠정1밀리그람,글리드정1밀리그람,글리메피젠정1밀리그람,글리멜정,글리미드정1밀리그람,글리올정1밀리그람,글리틴정"
"165702ATB","건메피드정,건일글리메피리드정2밀리그람,게리드정,게리피드정,그루리스정,그리드정,그리마린정,그리메피드정,그리멜정,그리피드정"
"165703ATB","그리멜정,글리멜정,디아릴정"
"165704ATB","건메피드정,게리드정,게리피드정,그루리스정,그리메피드정,그리멜정,그리피드정,글라디엠정4밀리그람,글라이핀정,글로피드정"
"166201ACH","골사민캡슐(결정황산글루코사민,글루진캡슐(결정황산글루코사민,글루코민캅셀,류마리스캅셀(결정황산글루코사민,오스테민캅셀,코스민캅셀,콜사민캡슐(결정황산글루코사민,큐로민캡슐(결정황산글루코사민)(수출명:비라민(BIRAMIN)아주비라민"
"166202ACH","루사민캡슐,류마리스,바이넥스글루코사민(결정황산글루코사민,알파글루코사민캡슐500밀리그람"
"166502BIJ","타치온주사,타치온주사(바이알"
"167001BIJ","동국글리코피롤레이트0.2밀리그람주사,명문모비눌주사,삼천당글리코피롤레이트주0.2밀리그람,이연글리코피로레이트주,코비놀주사(글리코피롤레이트,타비눌주사"
"167030BIJ","명문모비눌주사,삼천당글리코피롤레이트주0.2밀리그람,이연글리코피롤레이트주,코비놀주사(글리코피롤레이트,타비눌주사"
"167101BIJ","렐레팍트LH RH,렐레팍트LHRH"
"167130BIJ","렐레팍트LH RH,렐레팍트LHRH,렐리체크주사"
"167301ATB","카니트론정,카이트릴정,카이트릴정1밀리그람"
"167301BIJ","그라트릴주,카니트론주,카비그라니세트론주,카이세론주,카이트릴주"
"167303BIJ","그라트론주,그라트릴주,카니트론주,카비그라니세트론주,카이세론주,카이트릴주"
"167330BIJ","그라트릴주,카니트론주,카비그라니세트론주,카이세론주,카이트릴주"
"167331BIJ","그라트릴주,카니트론주,카비그라니세트론주,카이세론주,카이트릴주"
"167801CCM","하놀드크림,할로신크림"
"167902BIJ","명인할로페리돌주사,페리돌주"
"167903ATB","명인할로페리돌정1.5밀리그람,페리돌정"
"167904ATB","명인할로페리돌정,태극할로페리돌정10밀리그람,파마할로페리돌정10밀리그람,페리돌정"
"167905ATB","명인할로페리돌정20밀리그람,태극할로페리돌정20밀리그람,페리돌정"
"167906ATB","명인할로페리돌정3밀리그램,페리돌정"
"167908ATB","명인할로페리돌정5밀리그램,파마할로페리돌정5밀리그람,페리돌정"
"167930BIJ","명인할로페리돌주사,페리돌주"
"168601BIJ","비엠헤파린나트륨주사,중외헤파린나트륨주사액,파인주사"
"168602BIJ","녹십자헤파린나트륨주사액,비엠헤파린나트륨주사,신풍헤파린나트륨주,중외헤파린주,파인주사,한림헤파린나트륨주"
"168630BIJ","비엠헤파린나트륨주사20000단위,중외헤파린나트륨주사액1000아이유,케이헤파린주,파인주사1 mL,파인주사1mL"
"168631BIJ","녹십자헤파린나트륨주사액,비엠헤파린나트륨주사25000단위,신풍헤파린나트륨주25000단위,중외헤파린주,케이헤파린주,파인주사5 mL,파인주사5mL,한림헤파린나트륨주"
"168632BIJ","중외헤파린나트륨주사액1000아이유,파인주사1 mL,파인주사1mL"
"168636BIJ","휴리온스주 mL,휴리온스주mL"
"168637BIJ","휴리온스주 mL,휴리온스주mL"
"168638BIJ","휴리온스주 mL,휴리온스주mL"
"169130COS","오큐호마핀점안액(호마트로핀브롬화수소산염,한림호마핀점안액"
"169301BIJ","테타불린에스앤주(항파상풍사람면역글로불린,테타불린에스앤주프리필드시린지,하이퍼테트주(항파상풍사람면역글로불린"
"169404BIJ","아이브이에프씨주(태반성성선자극호르몬,코리오몬주,프레그닐주"
"169503BIJ","그린모노주,모노클레이트 피,모노클레이트피"
"169504BIJ","모노클레이트 피,모노클레이트피"
"169702BIJ","그린에이트주,에트비주"
"169703BIJ","그린에이트에스디주,그린에이트주(건조농축사람혈액응고제VIII인자(건조열처리))[수출명:휴먼블러드코애귤레이션훽터에이트(안티 헤모필릭훽터에이트) 팩토셀에이트 그린에이트주 펙터에이트250유아이 펙터에이트500유아이],그린에이트주(건조농축사람혈액응고제VIII인자(건조열처리))[수출명:휴먼블러드코애귤레이션훽터에이트(안티헤모필릭훽터에이트)팩토셀에이트그린에이트주펙터에이트250유아이펙터에이트500유아이]"
"169801BIJ","녹십자 파이브리노겐주,녹십자파이브리노겐주"
"169901BIJ","리브감마에스앤주[말토즈첨가사람면역글로불린],리브감마주,아이비 글로불린에스주,아이비글로불린에스엔주[말토즈 첨가 사람 면역글로불린],아이비글로불린에스엔주[말토즈첨가사람면역글로불린],아이비글로불린에스주"
"169902BIJ","리브감마에스앤주[말토즈첨가사람면역글로불린],리브감마주,아이비 글로불린에스주,아이비글로불린에스엔주[말토즈 첨가 사람 면역글로불린],아이비글로불린에스엔주[말토즈첨가사람면역글로불린],아이비글로불린에스주"
"169903BIJ","리브감마에스앤주[말토즈첨가사람면역글로불린],리브감마주,베노감마주"
"169904BIJ","리브감마에스앤주[말토즈첨가사람면역글로불린],리브감마주,아이비 글로불린에스주,아이비글로불린에스엔주[말토즈 첨가 사람 면역글로불린],아이비글로불린에스엔주[말토즈첨가사람면역글로불린],아이비글로불린에스주"
"169930BIJ","리브감마에스앤주[말토즈첨가사람면역글로불린],리브감마주,아이비 글로불린에스주[말토즈첨가사람면역글로불린][수출명:바바이오텍 아이비글로불린(인젝터블솔루션) 글로부셀 휴먼인트라비너스이뮤노글로불린아이피 이피 감마벤 아이비 글로불린 에스 주 아이비아이쥐 에스 (이뮤노글로불리나 쥐 휴마나) 아이비넥스 5000 노글로빈 감마렌],아이비글로불린에스엔주[말토즈 첨가 사람 면역글로불린],아이비글로불린에스엔주[말토즈첨가사람면역글로불린],아이비글로불린에스주[말토즈첨가사람면역글로불린][수출명:바바이오텍아이비글로불린(인젝터블솔루션)글로부셀휴먼인트라비너스이뮤노글로불린아이피이피감마벤아이비글로불린에스주아이비아이쥐에스(이뮤노글로불리나쥐휴마나)아이비넥스5000노글로빈감마렌]"
"169931BIJ","리브감마에스앤주[말토즈첨가사람면역글로불린],리브감마주,아이비 글로불린에스주[말토즈첨가사람면역글로불린][수출명:바바이오텍 아이비글로불린(인젝터블솔루션) 글로부셀 휴먼인트라비너스이뮤노글로불린아이피 이피 감마벤 아이비 글로불린 에스 주 아이비아이쥐 에스 (이뮤노글로불리나 쥐 휴마나) 아이비넥스 5000 노글로빈 감마렌],아이비글로불린에스엔주[말토즈 첨가 사람 면역글로불린],아이비글로불린에스엔주[말토즈첨가사람면역글로불린],아이비글로불린에스주[말토즈첨가사람면역글로불린][수출명:바바이오텍아이비글로불린(인젝터블솔루션)글로부셀휴먼인트라비너스이뮤노글로불린아이피이피감마벤아이비글로불린에스주아이비아이쥐에스(이뮤노글로불리나쥐휴마나)아이비넥스5000노글로빈감마렌]"
"169932BIJ","리브감마에스앤주[말토즈첨가사람면역글로불린],리브감마주,아이비 글로불린에스주[말토즈첨가사람면역글로불린][수출명:바바이오텍 아이비글로불린(인젝터블솔루션) 글로부셀 휴먼인트라비너스이뮤노글로불린아이피 이피 감마벤 아이비 글로불린 에스 주 아이비아이쥐 에스 (이뮤노글로불리나 쥐 휴마나) 아이비넥스 5000 노글로빈 감마렌],아이비글로불린에스엔주[말토즈 첨가 사람 면역글로불린],아이비글로불린에스엔주[말토즈첨가사람면역글로불린],아이비글로불린에스주[말토즈첨가사람면역글로불린][수출명:바바이오텍아이비글로불린(인젝터블솔루션)글로부셀휴먼인트라비너스이뮤노글로불린아이피이피감마벤아이비글로불린에스주아이비아이쥐에스(이뮤노글로불리나쥐휴마나)아이비넥스5000노글로빈감마렌]"
"169933BIJ","리브감마에스앤주[말토즈첨가사람면역글로불린],리브감마주"
"169935BIJ","리브감마에스앤주,아이비글로불린에스엔주"
"169938BIJ","리브감마에스앤주,아이비글로불린에스엔주"
"170101BIJ","노보린알주,노보린엔주,비오휼린주,비오휼린주엔피에취,인슈라타드HM주 밀리리터,인슈라타드HM주밀리리터,휴물린알주,휴물린엔주(휴먼인슐린(유전자재조합)이소판"
"170102BIJ","노보렛알주 밀리리터,노보렛알주밀리리터,노보렛엔주 밀리리터,노보렛엔주밀리리터,인슈라타드이노렛 밀리리터,인슈라타드이노렛밀리리터,휴물린 엔 퀵펜주 밀리리터,휴물린엔퀵펜주밀리리터"
"170103BIJ","비오휼린주,비오휼린주엔피에취"
"170130BIJ","휴물린 엔 퀵펜주 밀리리터,휴물린엔퀵펜주밀리리터"
"170131BIJ","인슈라타드HM주 밀리리터,인슈라타드HM주밀리리터,휴물린알주,휴물린엔주(휴먼인슐린(유전자재조합)이소판"
"170401BIJ","믹스타드30HM주 밀리리터,믹스타드30HM주밀리리터,휴물린70 30,휴물린7030"
"170402BIJ","믹스타드30이노렛 밀리리터,믹스타드30이노렛밀리리터,휴물린 70 30 퀵펜주 밀리리터,휴물린7030퀵펜주밀리리터"
"170430BIJ","휴물린 70 30 퀵펜주 밀리리터,휴물린7030퀵펜주밀리리터"
"170431BIJ","믹스타드30HM주 밀리리터,믹스타드30HM주밀리리터,휴물린70 30,휴물린7030"
"170502BIJ","노보렛20 80주 밀리리터,노보렛2080주밀리리터"
"170801ATB","다이크로짇정,디크로다이드정"
"170901ATB","광동히드로코르티손정,국제코르티손정,대원히드로코르티손정,드로손정,래피손정,로티손정,서울히드로코르티손정,예나팜히드로코르티손10mg정,일양코티코정,제이알히드로코르티손정"
"170901CCM","엠엘이에이치씨크림,하이로손크림"
"170901CLT","더마크린에취씨로오숀,더모케어로오션,락티케어에취씨로션,락티케어에취씨로오숀,마이케어로션,스무스케어로션,케어스킨로션,코디케어로션,하티손로션,히로손로션"
"170902CLT","더모케어로오숀,락티케어에취씨로션,락티케어에취씨로오숀,마이케어로션,스무스케어로션,케어스킨로션,코디케어로션,코로나로션,코르티카로션,큐케어로션"
"170932CCM","엠엘이에이치씨크림,하이로손크림"
"170937CLT","더마픽스로션,스무스케어로션,코디케어로션,하티손로션"
"170938CLT","더마픽스로션,더모케어로오션,마이케어로션,스무스케어로션,제이코티손로션,히로손로션"
"170939CLT","더마크린에취씨로션,락티케어에취씨로션,마이케어로션,에이치케어로션,케어스킨로션,하티손로션"
"170941CLT","더마픽스로션,마이케어로션,순앤로션,스무스케어로션,케어스킨로션,코디케어로션,코르티카로션,큐르티손로션,큐케어로션,하이드로션"
"170942CLT","더마크린에취씨로션,더모케어로오션"
"170944CLT","더모케어로오숀,제이코티손로션,코디케어로션,코티손로션,큐케어로션,하이드로션,하이로손로션"
"170945CLT","더마큐어로션,더마픽스로션,락티케어에취씨로션,순앤로션,스무스케어로션,케어스킨로션,큐르티손로션,큐케어로션,하이드로션,하이케어로션"
"170946CLT","더모케어로오숀,코디케어로션,코티손로션,하이드로션,하이로손로션"
"170949CLT","하티손로션,히드론케어로션"
"170950CLT","더마큐어로션,하이로손로션"
"171101CCM","반델크림,푸란콜크림"
"171101CLT","톨로이드로오숀,푸란콜로션,하이드로숀"
"171130CCM","반델크림,푸란콜크림"
"171133CLT","푸란콜로션,하이드로션"
"171201BIJ","솔루코테프주,솔루코테프주100밀리그람,코티소루주,코티캡주(히드로코르티손숙시네이트나트륨) 수출명:cortisol100mg,코티캡주(히드로코르티손숙시네이트나트륨)수출명:cortisol100mg,코티캡주100밀리그람(호박산히드로코르티손나트륨).수출명:cortisol"
"171202BIJ","솔루코테프주250밀리그람,코티캡주,코티캡주250밀리그람"
"171301CCM","코티손크림,하이드코트크림,하이티손크림"
"171402AGN","마이팜제약히드로탈싣과립,삼남히드로탈시트과립,싸이탈과립500밀리그람,아루시드과립,영풍히드로탈시드과립"
"171431AGN","삼남히드로탈시트과립,싸이탈과립500밀리그람"
"171502BIJ","라노빈주사액(히드록소코발라민,하이록소주,히드로민주"
"171530BIJ","비코라민주,타루펜주"
"171531BIJ","라노빈주사액(히드록소코발라민,하이록소주,히드로민주"
"171602ATB","말라클로정,크로칸정,크로킨정"
"171701ATB","듀록정,루마킨정,아루킨정100밀리그람,아시퀸정,옥시크로린정,유마정100밀리그람,클로퀸정,할록신정"
"171702ATB","듀록정,듀록정200밀리그라,아루킨정,아시퀸정200밀리그람,옥시퀸정,옥시크로린정,옥시크로린정200밀리그람,유마정200밀리그람,클로퀸정,할록신정"
"171703ATB","듀록정,아루킨정400밀리그람,아시퀸정400밀리그람,옥시크로린정,클로퀸정"
"171705ATB","듀록정,옥시크로린정"
"171901CLQ","하이셀멸균액,한국노바티스메토셀멸균액"
"172001ACH","하이드리아캅셀,하이드린캡슐,히드란캡슐"
"172101ATB","아디팜정,유시락스정"
"172130ASY","두드리진시럽,유시락스시럽,이치리진시럽"
"172301ATB","부스코판당의정,유니스판정(브롬화부틸스코폴라민)수출명:Union Hyoscin N Butylbromidetab,유니스판정(브롬화부틸스코폴라민)수출명:UnionHyoscinNButylbromidetab,히스판정(부틸스코폴라민브롬화물)(수출명:디스코판정DISPANTab.광명부틸스코폴라민브롬화물정"
"172302BIJ","부스코판주사액,프리판주,히스판주(부틸스코폴라민브롬화물"
"172330BIJ","부스코판주사액,프리판주,히스판주(부틸스코폴라민브롬화물"
"172601ATB","노이로민정,야르신정"
"172701ACR","딜라스트캡슐,케타스캅셀10밀리그람"
"172802ACH","다펜캡슐,이브로펜캡슐"
"172802ACS","리도펜연질캡슐,이지엔6애니연질캡슐"
"172802ATB","넬슨이부프로펜정,대원이부프로펜정,대화이부프로펜정,로제펜정200밀리그람,부루펜정,스로펜정(이부프로펜) 수출명:Korus Ibuprofen Tab.,스로펜정(이부프로펜)수출명:KorusIbuprofenTab.,신일이부프로펜정200밀리그람,알리펜정,엔이펜정"
"172804ASY","대웅이부펜시럽(이부프로펜,또또시럽,바비펜시럽(이부프로펜,부로폰시럽,비알이부펜시럽,신일이부프로펜시럽,어린이부루펜시럽,어린이알리펜시럽(이부프로펜,어린이파렌시럽,엑시프렌시럽"
"172806ATB","나르펜정(이부프로펜,넬슨이부프로펜정,다이야펜정,대화이부프로펜정400밀리그람,동광이부프로펜정400밀리그람,로제펜정400밀리그람,리오루펜정400밀리그람,리펜정,부로폰정400밀리그람,부루펜정"
"172807ATB","로그펜정600밀리그람,루피엔정600밀리그람,모니틴정,부루펜정600밀리그람,알로판600mg정,오스틴이부프로펜정,이바펜600밀리그람정,이부페논정,큐부,풀로펜정600밀리그람"
"172811ASY","네오펜시럽,뉴이브펜시럽,이브듀오시럽"
"172832ASY","이부서스펜시럽(이부프로펜,이브판시럽"
"172834ASY","어린이부루펜시럽,캐롤시럽"
"172835ASY","대웅이부펜시럽(이부프로펜,바비펜시럽,어린이알리펜시럽(이부프로펜,이부서스펜시럽(이부프로펜"
"172836ASY","바비펜시럽,비알이부펜시럽,어린이알리펜시럽(이부프로펜,어린이파렌시럽,이부날시럽,이부서스펜시럽,이브판시럽,캐롤시럽"
"172837ASY","또또시럽,어린이부루펜시럽,어린이알리펜시럽(이부프로펜,엑시프렌시럽,이부날시럽,이부서스펜시럽,이브판시럽,캐롤시럽,타타날시럽,피코펜시럽"
"172838ASY","네오펜시럽,뉴이브펜시럽,이브듀오시럽"
"172901ATB","부록삼정,이브러스정"
"173002BIJ","이다랄렘주,이다루주,이다루주5밀리그람,자베도스주,자베도스주5밀리그람,자베루신주사,자벨주사"
"173301BIJ","살베션주1000밀리그람,이속산주1그람,홀록산주1000밀리그람"
"173401ATB","뉴젠이미다프릴정,다미프릴정,데이프릴정,동아타나트릴정,미프릴정,아프릴정,애드릴정,이미넬정,이미트릴정,이미프릴정"
"173402ATB","뉴젠이미다프릴정,다프릴정,동아타나트릴정,동화염산이미다프릴정,마이프릴정,아프릴정,애드릴정,이나트릴정,이다프릴정,이미트릴정"
"173502ATB","세르젠정,셀레젠정"
"173601BIJ","세레자임주,애브서틴주"
"173602BIJ","세레자임주,애브서틴주,젠자임세레자임주"
"173701ATB","명인이미프라민염산염정,영풍이미프라민정,환인이미프라민염산염정25밀리그램"
"173901BIJ","파토불린SDF주(Anti D(Rho)면역글로부린,파토불린SDF주(AntiD(Rho)면역글로부린"
"174103BIJ","녹십자 수두사람면역글로불린주,녹십자수두사람면역글로불린주,에스케이수두사람면역글로불린주"
"174130BIJ","녹십자 수두사람면역글로불린주,녹십자수두사람면역글로불린주"
"174401ATR","나트릭스서방정,후루덱스서방정"
"174402ATB","다피드정,후루덱스정"
"174403ATB","나트릭스정,다피드정,인다팜정"
"174701ATB","메스트린정,아나트린정,이부스트린정,인도스트린정,인부스정"
"175001ATB","쎄리노신정,이노푸릭스정,푸리노신정"
"175002ASY","이노푸릭스시럽,콕사바시럽,푸리노신시럽"
"175030ASY","이노푸릭스시럽,이녹시시럽,콕사바시럽,팜젠이노시플렉스시럽,푸리노신시럽,푸리놀시럽,푸리스토시럽"
"175302BIJ","휴마로그카트리지주 mL,휴마로그카트리지주mL,휴마로그퀵펜주 밀리리터,휴마로그퀵펜주밀리리터"
"175304BIJ","휴마로그믹스25카트리지주 mL,휴마로그믹스25카트리지주mL,휴마로그믹스25퀵펜주 밀리리터,휴마로그믹스25퀵펜주밀리리터"
"175330BIJ","룸제브퀵펜주 밀리리터,룸제브퀵펜주밀리리터,휴마로그에이치디퀵펜주 밀리리터,휴마로그에이치디퀵펜주밀리리터,휴마로그카트리지주 mL,휴마로그카트리지주mL,휴마로그퀵펜주 밀리리터,휴마로그퀵펜주밀리리터"
"175331BIJ","휴마로그주 밀리리터,휴마로그주밀리리터"
"175332BIJ","휴마로그믹스25카트리지주 mL,휴마로그믹스25카트리지주mL,휴마로그믹스25퀵펜주 밀리리터,휴마로그믹스25퀵펜주밀리리터"
"175333BIJ","휴마로그믹스 50 카트리지주 밀리리터,휴마로그믹스50카트리지주밀리리터,휴마로그믹스50퀵펜주 밀리리터,휴마로그믹스50퀵펜주밀리리터"
"175502BIJ","그린알파주300만아이유,동아인터페론알파 2주300만IU,동아인터페론알파2주300만IU,로페론 에이프리필드주300만단위,로페론에이프리필드주300만단위,인터맥스알파주300만IU"
"175504BIJ","그린알파주600만아이유,인터맥스알파주600만IU"
"175530BIJ","로페론 에이프리필드주300만단위 0.5mL,로페론에이프리필드주300만단위0.5mL"
"175701BIJ","레비도즈프리필드펜22마이크로그램,레비프프리필드주사22마이크로그람"
"175702BIJ","레비도즈프리필드펜44마이크로그램,레비프프리필드주사44마이크로그람"
"175703BIJ","아보넥스주,아보넥스펜주"
"175730BIJ","레비도즈프리필드펜22마이크로그램,레비프프리필드주사22마이크로그램"
"175731BIJ","아보넥스주,아보넥스펜주"
"175732BIJ","레비도즈프리필드펜44마이크로그램,레비프프리필드주사44마이크로그램"
"175901BIJ","인터맥스감마주200만아이유"
"176101BIJ","듀오레이주사,비지센스주270,비지파크주270밀리그람"
"176102BIJ","듀오레이주사,비지센스주320,비지파크주320밀리그람"
"176132BIJ","듀오레이주사,비지센스주270,비지파크주270밀리그람"
"176133BIJ","듀오레이주사,비지센스주320,비지파크주320밀리그람"
"176134BIJ","듀오레이주사,비지센스주270,비지파크주270밀리그람"
"176135BIJ","듀오레이주사,비지센스주320,비지파크주320밀리그람"
"176136BIJ","비지센스주270,비지파크주270밀리그람"
"176137BIJ","비지센스주320,비지파크주320밀리그람"
"176138BIJ","비지센스주270,비지파크주270밀리그람"
"176139BIJ","비지센스주320,비지파크주320밀리그람"
"176140BIJ","비지센스주270,비지파크주270밀리그람"
"176141BIJ","비지센스주320,비지파크주320밀리그람"
"176302BIJ","아이오브릭스주,옴니파큐300주"
"176303BIJ","보노렉스300주,아스헥솔주300,아이오브릭스주300,에버레이300주,옴니파큐300주,옴니퓨어300주,옴니헥솔주300,헥소슈어300주"
"176304BIJ","보노렉스350주,아이오브릭스주350,에버레이350주,옴니파큐350주,옴니퓨어350주,옴니헥솔주350,헥소슈어350주"
"176305BIJ","보노렉스240주,아이오브릭스주240"
"176330BIJ","보노렉스240주,아이오브릭스주240"
"176331BIJ","보노렉스300주,아이오브릭스주300,에버레이300주,옴니파큐300주"
"176333BIJ","에버레이300주,옴니파큐300주"
"176334BIJ","보노렉스240주,아이오브릭스주240"
"176335BIJ","메디레이300주,보노렉스300주,아스헥솔주300,아이오브릭스주300,에버레이300주,유니헥솔주300,파메헥솔주300,헥소슈어300주"
"176336BIJ","메디레이350주,보노렉스350주,아스헥솔주350,아이오브릭스주350,에버레이350주,유니헥솔주350"
"176337BIJ","아스헥솔주300,아이오브릭스주300,에버레이300주,옴니파큐300주,헥소슈어300주"
"176338BIJ","보노렉스240주,아이오브릭스주240,옴니파큐240주"
"176339BIJ","에버레이350주,헥소슈어350주"
"176340BIJ","레이헥솔주300,메디레이300주,메디팁이오헥솔300주,보노렉스300주,아스헥솔주300,아이맥스이오헥솔300주,아이오브릭스주300,에버레이300주,옴니파큐300주,옴니퓨어300주"
"176341BIJ","레이헥솔주350,메디레이350주,메디팁이오헥솔350주,보노렉스350주,아스헥솔주350,아이맥스이오헥솔350주,아이오브릭스주350,에버레이350주,옴니파큐350주,옴니퓨어350주"
"176342BIJ","레이헥솔주300,메디레이300주,메디팁이오헥솔300주,보노렉스300주,아스헥솔주300,아이맥스이오헥솔300주,아이오브릭스주300,아이헥솔300주,에버레이300주,옴니파큐300주"
"176343BIJ","레이헥솔주350,메디레이350주,메디팁이오헥솔350주,보노렉스350주,아스헥솔주350,아이맥스이오헥솔350주,아이오브릭스주350,아이헥솔350주,에버레이350주,옴니파큐350주"
"176344BIJ","보노렉스300주,아스헥솔주300,아이오브릭스주300,에버레이300주,유니헥솔주300,헥소슈어300주"
"176345BIJ","레이헥솔주300,메디레이300주,보노렉스300주,아스헥솔주300,아이맥스이오헥솔300주,아이오브릭스주300,에버레이300주,옴니파큐300주,옴니퓨어300주,옴니헥솔주300"
"176346BIJ","보노렉스350주,아스헥솔주350,아이오브릭스주350,에버레이350주,옴니헥솔주350,유니헥솔주350,파메헥솔주350,헥소슈어350주"
"176348BIJ","레이헥솔주350,메디레이350주,보노렉스350주,아스헥솔주350,아이맥스이오헥솔350주,아이오브릭스주350,아이헥솔350주,에버레이350주,옴니파큐350주,옴니퓨어350주"
"176349BIJ","아스헥솔주350,아이맥스이오헥솔350주,아이오브릭스주350,에버레이350주"
"176350BIJ","레이헥솔주300,메디레이300주,보노렉스300주,아스헥솔주300,아이맥스이오헥솔300주,아이오브릭스주300,에버레이300주,옴니파큐300주,옴니퓨어300주,옴니헥솔주300"
"176351BIJ","레이헥솔주350,메디레이350주,보노렉스350주,아스헥솔주350,아이맥스이오헥솔350주,아이오브릭스주350,아이헥솔350주,에버레이350주,옴니파큐350주,옴니퓨어350주"
"176352BIJ","보노렉스300주,에버레이300주,옴니파큐300주"
"176353BIJ","보노렉스350주,에버레이350주"
"176355BIJ","아스헥솔주300,아이맥스이오헥솔300주,에버레이300주"
"176356BIJ","보노렉스300주,아이오브릭스주300"
"176357BIJ","보노렉스300주,에버레이300주"
"176358BIJ","보노렉스300주,아스헥솔주300,아이오브릭스주300,에버레이300주,유니헥솔주300,퍼슨헥솔주300"
"176359BIJ","보노렉스350주,아이오브릭스주350,헥소슈어350주"
"176361BIJ","보노렉스350주,에버레이350주"
"176362BIJ","보노렉스350주,아스헥솔주350,아이오브릭스주350,에버레이350주,유니헥솔주350,파메헥솔주350,퍼슨헥솔주350"
"176364BIJ","보노렉스300주,아이맥스이오헥솔300주,에버레이300주,옴니파큐300주"
"176374BIJ","아이맥스이오헥솔350주,에버레이350주,옴니파큐350주,헥소슈어350주"
"176385BIJ","메디레이300주,아이오브릭스주300"
"176401BIJ","이오메론300주사액,일성이오메론300주사액"
"176402BIJ","이오메론350주사액,일성이오메론350주사액"
"176403BIJ","이오메론400주사액,일성이오메론400주사액"
"176502BIJ","레디센스주300,레이팜300주사액,스캔룩스300주사액,이오파미로300주사액,이오파미지타300주사액,이오팜300주사액,일성이오파미로300주사액,파미레이300주사액"
"176503BIJ","레디센스주370,레이팜370주사액,스캔룩스370주사액,이오파미로370주사액,이오파미지타370주사액,이오팜370주사액,일성이오파미로370주사액,파미레이370주사액"
"176505BIJ","레이팜250주사액,파미레이250주사액"
"176530BIJ","이오파미로300주사액,파미레이300주사액"
"176531BIJ","레디센스주300,레이팜300주사액,이오파미로300주사액,이오팜300주사액,파미레이300주사액"
"176532BIJ","레디센스주370,레이팜370주사액,이오파미로370주사액,파미레이370주사액"
"176533BIJ","레디센스주300,파미레이300주사액"
"176534BIJ","레이팜250주사액,파미레이250주사액"
"176535BIJ","레디센스주300,레이팜300주사액,스캔룩스300주사액,이오파미로300주사액,이오파미지타300주사액,이오팜300주사액,파미레이300주사액"
"176536BIJ","레디센스주370,레이팜370주사액,스캔룩스370주사액,이오파미로370주사액,이오파미지타370주사액,파미레이370주사액"
"176537BIJ","스캔룩스300주사액,이오파미로300주사액,이오파미지타300주사액,이오팜300주사액,파미레이300주사액"
"176538BIJ","레이팜250주사액,파미레이250주사액"
"176539BIJ","스캔룩스370주사액,이오파미로370주사액,이오파미지타370주사액"
"176540BIJ","레디센스주300,레이팜300주사액,스캔룩스300주사액,이오파미로300주사액,이오파미지타300주사액,이오팜300주사액,파미레이300주사액"
"176541BIJ","레디센스주370,레이팜370주사액,스캔룩스370주사액,이오파미로370주사액,이오파미지타370주사액,파미레이370주사액"
"176542BIJ","레이팜250주사액,파미레이250주사액"
"176543BIJ","스캔룩스300주사액,이오파미로300주사액,이오팜300주사액,파미레이300주사액"
"176544BIJ","레디센스주300,레이팜300주사액,스캔룩스300주사액,이오파미로300주사액,이오파미지타300주사액,이오팜300주사액,파미레이300주사액"
"176545BIJ","스캔룩스370주사액,이오파미로370주사액,파미레이370주사액"
"176546BIJ","레디센스주370,레이팜370주사액,보노라인370주,스캔룩스370주사액,이오파미로370주사액,이오파미지타370주사액,파미레이370주사액"
"176547BIJ","스캔룩스300주사액,이오파미로300주사액,이오파미지타300주사액,파미레이300주사액"
"176548BIJ","스캔룩스370주사액,이오파미로370주사액,이오파미지타370주사액,파미레이370주사액"
"176549BIJ","레이팜250주사액,파미레이250주사액"
"176550BIJ","레디센스주300,레이팜300주사액,스캔룩스300주사액,이오파미로300주사액,이오파미지타300주사액,이오팜300주사액,파미레이300주사액"
"176551BIJ","레디센스주370,레이팜370주사액,스캔룩스370주사액,이오파미로370주사액,이오파미지타370주사액,파미레이370주사액"
"176553BIJ","이오파미로300주사액,파미레이300주사액"
"176554BIJ","스캔룩스300주사액,파미레이300주사액"
"176555BIJ","레이팜370주사액,스캔룩스370주사액,파미레이370주사액"
"176701BIJ","네오베스트300주,네오비스트300주,보노베스300주,울트라비스트300주사,울트라콘300주사,이오센스300주,프로슈어300주"
"176702BIJ","네오베스트370주,네오비스트370주,보노베스370주,울트라비스트370주사,울트라콘370주사,이오센스370주,프로슈어370주"
"176730BIJ","네오베스트300주,이오센스300주"
"176731BIJ","네오베스트370주,네오비스트370주,울트라비스트370주사,울트라비스트듀370주사,울트라콘370주사,프로슈어370주"
"176732BIJ","네오베스트300주,네오비스트300주,울트라비스트300주사,울트라비스트듀300주사,이오센스300주,프로슈어300주"
"176733BIJ","네오베스트370주,네오비스트370주,울트라비스트370주사,울트라비스트듀370주사,프로슈어370주"
"176736BIJ","네오베스트300주,네오비스트300주,울트라비스트300주사,울트라비스트듀300주사,울트라콘300주사,이오센스300주,프로슈어300주"
"176737BIJ","네오베스트370주,네오비스트370주,울트라비스트370주사,울트라비스트370주프리필드카트리지,울트라비스트듀370주사,울트라콘370주사,프로슈어370주"
"176738BIJ","네오베스트300주,네오비스트300주,울트라비스트300주사,울트라비스트300주프리필드카트리지,울트라비스트듀300주사,울트라콘300주사,이오센스300주,프로슈어300주"
"176742BIJ","네오베스트370주,네오비스트370주"
"176745BIJ","네오베스트300주,네오비스트300주,울트라비스트300주사,울트라비스트듀300주사,울트라콘300주사,이오센스300주,프로슈어300주"
"176746BIJ","네오베스트370주,네오비스트370주,울트라비스트370주사,울트라비스트듀370주사,울트라콘370주사,프로슈어370주"
"176747BIJ","울트라비스트300주사,이오센스300주,프로슈어300주"
"176748BIJ","울트라비스트370주사,프로슈어370주"
"176902BIJ","아이버센스320주,옵티레이320울트라젝트주사,옵티레이320주사,옵티슈어320주,토모레이320주사"
"176903BIJ","아이버센스350주,옵티레이350주사,옵티슈어350주,토모레이350주사"
"176930BIJ","아이버센스320주,옵티레이320주사,옵티슈어320주,이오솔주320"
"176931BIJ","아이버센스350주,옵티레이350주사,이오솔주350"
"176933BIJ","옵티레이320울트라젝트주사,옵티레이320주사,이오솔주320,토모레이320주사"
"176934BIJ","옵티레이350주사,옵티슈어350주,이오솔주350,토모레이350주사"
"176936BIJ","아이버센스320주,옵티레이320울트라젝트주사,옵티레이320주사,옵티슈어320주,이오솔주320,토모레이320주사"
"176937BIJ","아이버센스350주,옵티레이350주사,옵티슈어350주,이오솔주350,토모레이350주사"
"176938BIJ","옵티레이320울트라젝트주사,토모레이320주사"
"176939BIJ","아이버센스320주,옵티슈어320주,토모레이320주사"
"176940BIJ","옵티슈어350주,토모레이350주사"
"176941BIJ","아이버센스350주,옵티슈어350주,토모레이350주사"
"176942BIJ","아이버센스320주,옵티레이320주사,옵티슈어320주,이오솔주320,토모레이320주사"
"176943BIJ","아이버센스350주,옵티레이350주사,옵티슈어350주,이오솔주350,토모레이350주사"
"176944BIJ","아이버센스320주,옵티레이320주사,옵티슈어320주,이오솔주320,토모레이320주사"
"176945BIJ","아이버센스350주,옵티레이350주사,옵티슈어350주,이오솔주350,토모레이350주사"
"176947BIJ","이오솔주320,토모레이320주사"
"176956BIJ","이오솔주320,토모레이320주사"
"176960BIJ","이오솔주350,토모레이350주사"
"176969BIJ","이오솔주350,토모레이350주사"
"177101CLQ","아트로벤트흡입액유디비"
"177103CLQ","아벤트로흡입액,아트로벤트흡입액유디비"
"177131CLQ","아벤트로흡입액,아트로벤트흡입액유디비"
"177301ATB","바이벨정,베사탄정150밀리그람,산도스이베사탄정150밀리그램,셀프로벨정,아이살탄정,아이자탄정,아푸르탄정,아프로벨정150밀리그람,알비탄정,애니사탄정"
"177303ATB","베사탄정300밀리그람,산도스이베사탄정300밀리그램,아이살탄정,아푸르탄정,아프로벨정 300밀리그람,아프로벨정300밀리그람,이노엔아벨탄정,이르베탄정,이베라정,이베브이정"
"177401BIJ","건일염산이리노테칸주,동성염산이리노테칸주,디비엘이리노테칸주,보령염산이리노테칸주,산도스이리노테칸주,이노칸주,이노테칸주,이리노텔주,이리테신주,이리테칸주"
"177402BIJ","건일염산이리노테칸주,동성염산이리노테칸주,디비엘이리노테칸주,보령염산이리노테칸주,산도스이리노테칸주,이노칸주,이노테칸주,이리노텔주,이리테신주,이리테칸주"
"177403BIJ","보령염산이리노테칸주,이노칸주,이노테칸주,이리테신주,이리테칸주,캠테칸주,크래칸주"
"177404BIJ","보령염산이리노테칸주,이노칸주,이노테칸주,이리테칸주,캠테칸주,크래칸주"
"177430BIJ","디비엘이리노테칸주,보령이리노테칸염산염주,이노테칸주,이리노텔주,이리테신주,이리테칸주,캄토프주,캠테칸주,캠푸토주,크래칸주"
"177431BIJ","디비엘이리노테칸주,보령이리노테칸염산염주,이노테칸주,이리노주,이리노텔주,이리테신주,이리테칸주,캄토프주,캠테칸주,캠푸토주"
"177433BIJ","이리테신주,이리테칸주,캠테칸주,크래칸주"
"177434BIJ","이노칸주,이노테칸주"
"177435BIJ","이리테칸주,캠테칸주,크래칸주"
"177436BIJ","보령염산이리노테칸주,이노칸주"
"177601ALQ","헤모칸액,헤모큐액"
"177701BIJ","마이세파주,유세팜주,유한이세파마이신주사,이미파신주,이세파주,이세팜주,이세프주사(황산이세파마이신,이파로신주,이파마이신주(바이알"
"177702BIJ","마이세파주,이파로신주"
"177730BIJ","유한이세파마이신주사,이세프주사(이세파마이신황산염,이파로신주"
"177731BIJ","마이세파주,이파로신주"
"177902CCM","이소나졸크림,트라보겐크림"
"177931CCM","이소나졸크림,트라보겐크림"
"177932CCM","이소나졸크림,트라보겐크림"
"178001CLQ","아이프란액,에어레인액,중외포란액,테렐액,포란액"
"178030CLQ","아이프란액,에어레인액,테렐액"
"178031CLQ","에어레인액,테렐액,포란액"
"178101ATB","유한짓정,코러스이소니코틴산히드라짓정100밀리그람"
"178401ATB","마이팜이소미드정,카소딜정"
"178401BIJ","솔비드주사,앤지비드주,이소켓주사,이연질산이소소르비드주,카소딜주사,하나이소딜주사"
"178403ACR","앤지비드서방캡슐,이소켓서방캡슐,이소켓서방캡슐120밀리그람,이연질산이소소르비드서방캅셀120밀리그람,카소딜서방캅셀120밀리그람"
"178404BIJ","이소켓주사,카소딜주사"
"178406ACR","부광이소맥지속성캡슐,앤지비드서방캡슐"
"178407ACR","이연질산이소소르비드서방캅셀40밀리그람,카소딜서방캅셀40밀리그람"
"178407ATR","앤지비드서방정,이소켓서방정,이소켓서방정40밀리그람"
"178430BIJ","이소켓주사,카소딜주사,하나이소딜주사"
"178431BIJ","이소켓주사"
"178432CSI","이소켓스프레이"
"178501ATB","모노솔정20밀리그람,에란탄정20밀리그람,엘로톤정,이소니트정20밀리그람,이소비드정,이스모정,카소정"
"178502ATB","모노솔정40밀리그람,엘로톤정40밀리그람"
"178503ACR","에란탄서방캡슐,엘로톤서방캅셀50밀리그람,이소빈서방캡슐"
"178504ATR","에란탄지속정60밀리그람,에란탄지속정60밀리그램,엘탄서방정,이소트릴지속정60밀리그람,임듈지속정60밀리그램"
"178506ATR","엘탄서방정,이소트릴지속정30밀리그람"
"178701ACS","뉴티논연질캡슐,니메겐연질캡슐,레씨범연질캡슐,레아큐연질캡슐,로스탄연질캅셀,로아큐탄캡슐10밀리그람,로아크연질캡슐,로이탄연질캡슐,로큐탄연질캡슐,마이큐탄연질캡슐"
"178902ACR","다이나디핀서방캡슐,다이나써크서방캡슐"
"179001ATB","가나릴정,가나메드정,가나젠정,가나칸정,가나텍정,가나프리드정,가니토정,가메리톤정,가스트론정,가토젠정"
"179101ACH","더이트라캡슐,라이포실캡슐,마이트라캡슐,메가트라캡슐,보라졸캡슐(이트라코나졸,스파졸캡슐,스포넥스캡슐,스포라녹스캡슐,스포라졸캡슐,스포코나졸캡슐"
"179101ATB","글로트라정,나코졸정,뉴트라코졸정,대원이트라코나졸정,대화이트라코나졸정,더이트라정,디트라정,리드녹스정,무기스정,바이트라정"
"179104ATB","뉴트라졸정,스트라정,스포라원정,이나졸정,이코나졸정,티나덤정"
"179302ATE","뉴본정,소멕스정,영풍칼리크레인정"
"179303ATE","뉴본정,디노겐정,메레인정,베아나제정,소멕스정,알피칼리정,영풍칼리크레인정,오스카린정,유칼린정,카나제정"
"179401BIJ","동아카나마이신황산염주,유한카나마이신황산염주"
"179501BIJ","케이란주 밀리리터,케이란주밀리리터,케토민주10밀리그람 밀리리터,케토민주10밀리그람밀리리터"
"179502BIJ","모토린주사,휴온스케타민염산염주사"
"179503BIJ","케토민주10밀리그람 밀리리터,케토민주10밀리그람밀리리터,휴온스케타민염산염주사"
"179504BIJ","휴온스케타민염산염주사 밀리리터,휴온스케타민염산염주사밀리리터"
"179530BIJ","한올케타민염산염주,휴온스케타민염산염주사"
"179531BIJ","케토민주10밀리그람 밀리리터,케토민주10밀리그람밀리리터"
"179532BIJ","휴온스케타민염산염주사 밀리리터,휴온스케타민염산염주사밀리리터"
"179533BIJ","휴온스케타민염산염주사"
"179601ATB","근화케토코나졸정,대원케토코나졸정(수출명:코나졸정(케토코나졸)케토진정,동광케토코나졸정,마이팜케토코나졸정,스마졸정,스파이크정,안타나졸정,카스졸정"
"179602CCM","니조랄크림,니토졸크림(케토코나졸,스파이크크림(케토코나졸,안타나졸크림,오스틴케토코나졸크림,케스나졸크림,케이콘크림,케토셀크림,코모졸크림(케토코나졸,태극케토코나졸크림"
"179602CLQ","나졸액,니조랄액,니토졸액(케토코나졸,덴드로프플러스쿨액,비가졸액,비스액,스파이크액"
"179631CCM","스파이크크림(케토코나졸,안타나졸크림,케이콘크림,코모졸크림(케토코나졸"
"179632CCM","니조랄크림,니토졸크림(케토코나졸,스파이크크림(케토코나졸,안타나졸크림,코모졸크림(케토코나졸"
"179633CCM","니토졸크림(케토코나졸,케스나졸크림,태극케토코나졸크림"
"179634CCM","케이콘크림,태극케토코나졸크림"
"179635CCM","니토졸크림(케토코나졸,태극케토코나졸크림"
"179636CCM","스파이크크림(케토코나졸,코모졸크림(케토코나졸,태극케토코나졸크림"
"179701BIJ","부광케토프로펜주,삼천당케토프로펜주100밀리그람,토푸렌주사액100밀리그람,한국유나이트케토프로펜주,휴온스케토프로펜주(수출명:KEFENInj.Rhumatoinj."
"179702CCM","겔로펜겔,겟투겔,뉴펜겔,루마겔(케토프로펜,메디스겔,신일케토프로펜겔,에스겔,오디스겔,오라펜겔,케노펜겔(케토프로펜"
"179731BIJ","부광케토프로펜주100밀리그램,삼천당케토프로펜주100밀리그람"
"179733CCM","겔로펜겔,겟투겔,뉴펜겔,루마겔,신일케토프로펜겔,에스겔,오디스겔,조아스트롱조인트겔,케노펜겔,케바논겔"
"179735CCM","겟투겔,루마겔,오라펜겔,조아스트롱조인트겔,케바논겔,케토파인겔"
"179802CCM","케바녹스겔,케토프로겔"
"179831CCM","케바녹스겔,케토프로겔"
"179901CPL","맨담케토플라스타,캐피디플라스타,케넨서플라스타(케토프로펜,케노펜플라스타,케바논첩부제(케토프로펜,케스트라첩부제,케시드플라스타디에스,케토크린플라스타,케토톱플라스타(케토프로펜,케토톱플라스타(케토프로펜)(인도수출명:케토패취 대만수출명:관건(關建) 베트남수출명:태평양케토프로펜 나이지리아수출용:Zilix Plasters"
"179901CPO","엠팬카타플라스마,제일케이카타플라스마,케토크린카타플라스마,탑스카타플라스마"
"179903CPL","루마알엑스플라스타,카트펜원플라스타,케넨서엘플라스타,케논엘플라스타(케토프로펜)[수출명:케논 엘(Kenon L) 케토덤 엘(Ketoderm L) 케노덤(Kenoderm) 페노덤(Fenoderm) 케이트란스(Ketrans) 케토플라스트 엘(Ketoplast L)],케논엘플라스타(케토프로펜)[수출명:케논엘(KenonL)케토덤엘(KetodermL)케노덤(Kenoderm)페노덤(Fenoderm)케이트란스(Ketrans)케토플라스트엘(KetoplastL)],케토톱엘플라스타,케펜텍 엘플라스타,케펜텍엘플라스타,하루펜 엘플라스타,하루펜엘플라스타"
"179904CPO","캡팬프러스카타플라스마,케토놀카타플라스마,케토플러스카타플라스마"
"179906CPL","카트펜원플라스타(케토프로펜) 13.6X9.8cm2,카트펜원플라스타(케토프로펜)13.6X9.8cm2"
"180001ATB","케딜락정,케토라신정,케트로정,켄토락정,타가신정,타라신정"
"180002BIJ","삼성케토롤락트로메타민주,케로라주,케로민주사,케토라신주사,케토락주(케토롤락트롤메타민,케토란주(케토롤락트로메타민,케토신주사(케토롤락트로메타민,케톨민주,케트로민주,타라신주"
"180003COS","비토락점안액,아큐라점안액,케틀러점안액,키톨락점안액"
"180032COS","아큐라점안액,키톨락점안액"
"180033BIJ","삼성케토롤락트로메타민주,유니온케토롤락주,카비케토롤락주,케라신주,케로라주,케로민주사,케롤락주,케롤주,케토락주(케토롤락트롤메타민,케토란주"
"180101ATB","나잘렌정,넥스팜푸마르산케토티펜정,라티스정,마르펜정,마티겐정,메디카푸마르산케토티펜정,삼성푸마르산케토티펜정,삼아케토티펜정,서울푸마르산케토티펜정,알러민정"
"180102ASY","나잘렌시럽,대원케토티펜시럽,브롱티펜시럽,삼아케토티펜시럽,아스티펜시럽,에디펜시럽,영풍케토티펜시럽,이텐시럽,자디텐시럽,케토텐시럽"
"180103COS","리디펜점안액,비토펜점안액(푸마르산케토티펜,씨알렌점안액,아이티펜점안액,아티펜점안액(푸마르산케토티펜,알러콘점안액,알러펜점안액,에디펜점안액,유니텐점안액,자디텐점안액"
"180104COS","에이티펜점안액,엠토텐점안액,유니텐에프점안액,유니텐점안액,케토프틸미니점안액,포티텐엠점안액"
"180105COS","알러콘미니점안액,자디텐옵타에스디유점안액"
"180110COS","유니텐점안액,케토핀프리점안액"
"180130COS","알러콘미니점안액,자디텐옵타에스디유점안액"
"180132COS","유니텐점안액,케토프틸미니점안액"
"180137COS","씨알렌점안액,아티펜점안액,알러콘점안액,알러펜점안액,에디펜점안액,유니텐점안액,유니티펜점안액,자디텐점안액,제이티펜점안액,케토투점안액"
"180138COS","리디펜점안액,비토펜점안액,아이티펜점안액,아티펜점안액,에디펜점안액,오코티펜점안액,유니티펜점안액,제이티펜점안액,케토린점안액,케토엠점안액"
"180142ASY","나잘렌시럽,대원케토티펜시럽,라디텐시럽,브롱티펜시럽,삼아케토티펜시럽,아스티펜시럽,에디펜시럽,영풍케토티펜시럽,이텐시럽,케토텐시럽"
"180143ASY","나잘렌시럽,에디펜시럽"
"180145COS","유니텐점안액,케토핀프리점안액"
"180146COS","유니텐점안액,케토핀프리점안액"
"180147COS","유니텐점안액,케토핀프리점안액(케토티펜푸마르산염"
"180201BIJ","라베신주사,베타신주사"
"180202BIJ","라베신주사20밀리그람,베타신주사"
"180230BIJ","라베신주사20밀리그람,베타신주사"
"180231BIJ","라베신주사,베타신주사"
"180301ATB","박사르정,박사르정2밀리그람"
"180302ATB","나시디피정,라니디엠정,라사르정,라시핀정,라핀정,락스핀정,레하트정,바시핀정,바쎌르정,박사르정"
"180303ATB","라니디엠정,박사르정"
"180501ACH","락토필캡슐,베리락토캅셀,벤투락토캡슐,비오락토캡슐,아시토바캡슐,안티바시캅셀,안티비오캡슐,앤디락에스캡슐"
"180501AGN","안티비오과립300밀리그람,토바롤과립"
"180502AGN","동화락테올과립,락스티날과립,락시틴과립,락토민과립,락토큐과립,락토페디과립,베리락토과립,비오메딕스과립,센티올과립,에시플과립"
"180503AGN","아시토바과립,안티비오과립75밀리그람,휴오비과립(락토바실루스아시도필루스균)(수출명:HUOBIgranule"
"180530AGN","안티비오과립75밀리그람(락토바실루스아시도필루스"
"180601ACH","동화락테올캅셀,두오플캅셀(락토바실루스아시도필루스틴달화동결건조물,라그톨캅셀,락스티날캡슐,락시틴캡슐(락토바실루스아시도필루스틴달화동결건조물,락토딜캅셀,락토루스캡슐,락토민캡슐,락토바캡슐(락토바실루스아시도필루스균틴딜화동결건조물,락토비스캡슐"
"180602ATB","동화락테올정,락토민정,락토실정,락토큐정,락티날정"
"180801ASY","듀파락 이지시럽,듀파락시럽,듀파락이지시럽,라투루스시럽,모니락시럽,모니락에스시럽,알보락수스 에스시럽,알보락수스시럽,알보락수스에스시럽,장쾌락시럽"
"180830ASY","듀락칸시럽,듀락칸이지시럽,듀파락시럽,라이트듀파시럽,락투즈시럽,레보락시럽,비엘락툴이지시럽,알보락수스 에스시럽,알보락수스시럽,알보락수스에스시럽"
"180832ASY","장쾌락시럽,한미락툴로오스농축액시럽"
"180833ASY","듀락칸시럽,듀락칸이지시럽,라투루스시럽,락투즈시럽,레보락시럽,모니락시럽,모니락에스시럽,크린락시럽,크린락이지시럽,헤파락시럽"
"180834ASY","락투즈시럽,레보락시럽"
"180835ASY","락투즈시럽,레보락시럽"
"180901ATB","녹십자라미부딘정,대웅라미부딘정,동구라미부딘정100밀리그램,라미딘정,라미티스정,라미픽스정,라픽스정,리벅스정,자부딘정,제라부딘정"
"181001ATB","라멥틸정,라모스탈정,라모진정100밀리그람,라모티진정,라미아트정,라믹탈정,라비시틴정100밀리그람,라트리진정,리모탈정100밀리그람,테바라모트리진츄어블정"
"181002ATB","라멥틸정,라모진정,라모티진정,라미아트정,라믹탈정,라비시틴정,테바라모트리진츄어블정,테바라모트리진츄어블정25밀리그램"
"181003ATB","라멥틸정,라모스탈정,라모진정,라모티진정,라미아트정,라믹탈정,라비시틴정,테바라모트리진츄어블정,테바라모트리진츄어블정50밀리그램"
"181202BIJ","소마툴린오토젤60밀리그람주사(프리필드"
"181203BIJ","소마툴린오토젤90밀리그람주사(프리필드"
"181204BIJ","소마툴린오토젤120밀리그람주사(프리필드,소마툴린오토젤120밀리그램주사(프리필드"
"181301ACE","뉴란소캡슐,다프라캡슐(란소프라졸과립)수출명:SLANZOLECapsule,라스졸캡슐,란가톤캡슐,란사톤캡슐,란소드캡슐,란소로졸캡슐,란소멜캡슐,란소졸캡슐,란소큐캡슐"
"181301ACH","라소놀캡슐,란소프캡슐,란프톤캡슐,바이넥스란소프라졸캡슐,일양란소프라졸캡슐,일양바이오란소프라졸캡슐,한올란소프라졸캡슐"
"181301ATB","란가톤정,란세틴정,란프라정,란프라정(란소프라졸,안국란소프라졸정,청계란소프라졸정"
"181301ATD","란스톤엘에프디티정,란스톤엘에프디티정30밀리그람,모노리툼플라스정"
"181301ATE","네오나졸정,라노졸정,라노프라정,라소텍정(란소프라졸,라프졸정,란세트정,란섹정,란셉트정,란소롤정,란소텍정"
"181302ACE","뉴란소캡슐,라스졸캡슐,란가톤캡슐,란사톤캡슐,란소드캡슐,란소로졸캡슐,란소멜캡슐,란소졸캡슐,란소큐캡슐,란스탑캡슐"
"181302ATD","란스톤엘에프디티정,란스톤엘에프디티정15밀리그람,모노리툼플라스정"
"181302ATE","라노졸정,란소졸정15밀리그람,란소큐정"
"181403BIJ","에르위나제주"
"181501COS","라노탄점안액,라타노점안액(라타노프로스트,라타로점안액,라타스트점안액,란텔점안액,로마탄점안액,오스탄점안액,옵티라탄점안액,옵티잘탄점안액,잘라탄점안액 ml"
"181502COS","라타노프리점안액,라타스트점안액,모노프로스트점안액,잘라탄점안액 ml,잘라탄점안액ml,잘로스트S점안액"
"181531COS","라노탄점안액,라타노점안액(라타노프로스트,라타로점안액,라타스타점안액,라타스트점안액,라타아인점안액,로마탄점안액,오스탄점안액,옵티잘탄점안액,잘라탄점안액 ml"
"181532COS","라노탄점안액,라타로점안액,잘로스트점안액(라타노프로스트"
"181601ATB","요딘정,요레친정100"
"181801BIJ","뉴트로진주100마이크로그램(레노그라스팀,중외뉴트로진주100마이크로그람(레노그라스팀"
"181802BIJ","뉴트로진주250마이크로그램(레노그라스팀,중외뉴트로진주250마이크로그람(레노그라스팀"
"181803BIJ","뉴트로진주50마이크로그램(레노그라스팀,중외뉴트로진주50마이크로그람(레노그라스팀"
"182001ATB","국제레카니디핀정,라니딥정,라니딥정10밀리그람,래드로핀정10밀리그람,레니디핀정,레니딥정,레니원정,레니카르정10밀리그람,레니핀정,레도핀정"
"182201ATB","레나라정,레트로보정,레트론정,브레트라정,에스마라정,테바레트로졸정2.5밀리그램,트로젯정,파누엘정,파멜라정,페라트라정"
"182501ATB","나이린정(폴리네이트칼슘,레스큐보린정"
"182502BIJ","디비엘류코보린주,디비팜폴리네이트칼슘주사액100밀리그람,산도스폴리네이트칼슘주사 밀리리터,산도스폴리네이트칼슘주사밀리리터,에베베폴리네이트칼슘주사 밀리리터,에베베폴리네이트칼슘주사밀리리터,페르본주사,페르본주사100밀리그람,화이자로이코보린주 mL,화이자로이코보린주mL"
"182503ATB","로빈정,페르본정"
"182504BIJ","나이린주사15밀리그람,디비엘류코보린주,레스큐보린주사15밀리그람,로빈주사15밀리그람,페르본주사15밀리그람"
"182505BIJ","산도스폴리네이트칼슘주사 밀리리터,산도스폴리네이트칼슘주사밀리리터,에베베폴리네이트칼슘주사 밀리리터,에베베폴리네이트칼슘주사밀리리터,페르본주사,페르본주사30밀리그람"
"182506BIJ","디비엘류코보린주사액3밀리그람,페르본주사"
"182507BIJ","나이린주 mL,나이린주mL,디비엘류코보린주,레스큐보린주사,레스큐보린주사50밀리그람,산도스폴리네이트칼슘주사 밀리리터,산도스폴리네이트칼슘주사밀리리터,에베베폴리네이트칼슘주사 밀리리터,에베베폴리네이트칼슘주사밀리리터,페르본주사"
"182508BIJ","레스큐보린주사,페르본주사"
"182509BIJ","나이린주 mL,나이린주mL,디비엘류코보린주,레스큐보린주사,페르본주사"
"182510BIJ","레스큐보린주사,페르본주사"
"182511BIJ","나이린주 mL,나이린주mL"
"182531BIJ","로빈주사15밀리그람,페르본주사15밀리그람"
"182532BIJ","나이린주사15밀리그람,디비엘류코보린주,화이자류코보린주"
"182534BIJ","나이린주 mL,나이린주mL,디비엘류코보린주,페르본주사,페르본주사50밀리그람,화이자류코보린주"
"182535BIJ","디비엘류코보린주,페르본주사,페르본주사100밀리그람,화이자류코보린주"
"182537BIJ","나이린주 mL,나이린주mL,디비엘류코보린주,페르본주사,화이자류코보린주"
"182538BIJ","나이린주 mL,나이린주mL"
"182602BIJ","로렐린데포주사,루크린데포주,루크린데포주3.75밀리그람,루크린데포피디에스주,루프린디피에스주,루프린주,루피어데포주"
"182604BIJ","루크린데포주,루크린데포피디에스주,루프린디피에스주"
"182608BIJ","엘리가드주"
"182609BIJ","로이린데포주사,산도스류프로렐린데포주사"
"182630BIJ","로렐린주사액,루크린주"
"182801COS","베타간점안액"
"182930CSI","리보스틴네잘스프레이,종근당레보카바스틴염산염점비액"
"183101ASY","네오투스시럽,드로피진시럽,레드로프시럽,레드로핀시럽,레드보르시럽,레바킨시럽,레보도핀시럽,레보라진시럽,레보진시럽,레보코푸시럽"
"183102ACH","레보진캡슐,레보텍캡슐,리프로진캡슐,엘프로진캡슐"
"183102ATB","건일레보드로프로피진정,광동레보드로프로피진정,글로피진정,네오투스정,독립레보드로프로피진정,드로니즈정,드로코푸정,드로프정,드로피진정,드리코프정"
"183103ATR","네오투스서방정,드로피진씨알서방정,라파진씨알서방정,레드보르씨알서방정,레보케어CR서방정,레보투스씨알서방정,레보트로서방정,레보틱스CR서방정,레보펙트씨알서방정,레브로신씨알서방정"
"183131ASY","드로피진시럽,레바킨시럽,레보라진시럽,레보투스시럽,레브로콜시럽"
"183134ASY","드로피진시럽,레드로프시럽,레드로핀시럽,레드보르시럽"
"183135ASY","건일레보드로프로피진시럽,네오투스시럽,드로니즈시럽,드로피진시럽,라파진시럽,레도론시럽,레드로프시럽,레드로핀시럽,레드보르시럽,레리큐시럽"
"183201ATB","글로비트정,네보락신정,네오비트정,노팍신정,대웅레보플록사신정,동구레보플록사신수화물정100mg,동성레보플록사신정,라이록사신정,레나신정,레노보정"
"183202ATB","네오비트정,뉴레플로사신정,동구레보플록사신수화물정250mg,라이트레보플록사신정,레바록스정,레보건정,레보로신정,레보르신정,레보바이정,레보박터정"
"183202BIJ","레보록신주,레보카신주,레보펙신주,레복스주,레브록신주,레포신주,렉타신주,씨제이레보플록사신주,엘폭사신주,제이더블유레보플록사신주"
"183203ATB","네보락신정,뉴레플로사신정,동구레보플록사신수화물정500mg,라이트레보플록사신정,레보건정,레보나정,레보로신정,레보바이정,레보박터정,레보스타정"
"183203BIJ","레보록신주,레보카신주,레보펙신주,레보프록신주,레복스주,레브록신주,레포신주,레플록스주,렉타신주,삼성레보플록사신주"
"183204COS","그라벨라점안액,대웅레보플록사신점안액,라이트레보점안액,레보스타점안액,레보아인점안액,레보카신점안액,레보크라점안액,레보클점안액,레보킹점안액,레보트라점안액"
"183205ATB","레보카신정,레보플러스정"
"183205BIJ","레보카신주,레보펙신주,레포신주,씨제이레보플록사신주,엘폭사신주,제이더블유레보플록사신주,크라비트주,프로신주"
"183230COS","그라벨라점안액,대웅레보플록사신점안액,레보스타점안액,레보카신점안액,레보크라점안액,레보클점안액,레보킹점안액,레보텔라점안액,레보투점안액,레보트라점안액"
"183231COS","라이트레보점안액,레나신점안액,레보스타점안액,레보아인점안액,레보아점안액,레보카신점안액,레보크라점안액,레보킹점안액,레보트라점안액,레보틴점안액(레보플록사신수화물"
"183233BIJ","레보록신주,레보리스주,레보카신주,레보펙신주,레보플록신주,레복스주,레브록신주,레펙신주,레포신주,렉타신주"
"183234BIJ","레보록신주,레보리스주,레보카신주,레보펙신주,레보프록신주,레보플록신주,레보플주,레복스주,레브록신주,레펙신주"
"183235BIJ","레보리스주,레보카신주,레보펙신주,레복스주,레펙신주,레포신주,레폭사신주,렉타신주,삼성레보플록사신주,엘폭사신주"
"183236BIJ","레포신주,레폭사신주,유영레보플록사신주,하이록신주"
"183241COS","레보카신점안액,렉타신점안액"
"183242COS","레보카신점안액,레보플레쉬점안액,렉타신점안액"
"183243COS","레보스타점안액,레보아점안액,레보카신점안액,레보클점안액,레보킹점안액,레보틴점안액,레보플레쉬에프점안액,레복사신점안액,렉타신점안액,오큐레보점안액"
"183244COS","라이트레보점안액,레보카신점안액,레보크라점안액,레보킹점안액,레보트라점안액,레보틴점안액,레보프란점안액,레보플로점안액,레보하이점안액"
"183245COS","레보카신점안액,레보틴점안액,레보플레쉬에프점안액"
"183401CIM","미레나20마이크로그람 일,미레나20마이크로그람일"
"183501ATB","건피드정,경보레보설피리드정,고려레보설피리드정,구주레보설피리드정,네오시드정(레보설피리드,네오파정,뉴레보정,뉴피리드정,도마틸정(레보설피리드,동광레보설피리드정"
"183601ATB","씬지로이드정,씬지록신정100마이크로그램,엘지로이드정"
"183602ATB","씬지로이드정,씬지록신정75마이크로그램"
"183604ATB","씬지로이드정,씬지록신정150마이크로그램"
"183607ATB","씬지로이드정,씬지록신정25마이크로그램"
"183608ATB","씬지로이드정,씬지록신정50마이크로그램"
"183610ATB","씬지로이드정,씬지록신정112마이크로그램"
"183801CSI","베라카인스프레이,실론닙사스프레이,싸이로카인스프레이,엔젤카인스프레이,제트케이나스프레이액,태준리도카인스프레이액"
"183802CPL","아네스타플라스타(리도카인 수출명:아네스타(Anesta Anestha) 센소카인(Sensocaine SensOKaine) 리도 케이엔(Lido KN) 리도렉스,아네스타플라스타(리도카인수출명:아네스타(AnestaAnestha)센소카인(SensocaineSensOKaine)리도케이엔(LidoKN)리도렉스,유패치플라스타"
"183805CCM","리도카겔,조겔어덜트진지발겔"
"183806CPL","리도플라스트플라스타(리도카인) 10X14cm2,리도플라스트플라스타(리도카인)10X14cm2"
"183806CPO","뉴도탑카타플라스마,리도에이플러스카타플라스마,리도케어카타플라스마,리도탑카타플라스마,신신리도페인카타플라스마,카인탑카타플라스마"
"183902CCM","성광리도카인젤리,알리코염산리도카인젤리,엔젤카인젤리,카티젤겔,한국파마염산리도카인젤리"
"183902CLQ","레카신액,태준리도카인비스코스액,해피카인액"
"183903BIJ","대한리도카인염산염수화물주,휴온스리도카인염산염수화물주"
"183906BIJ","대한리도카인염산염수화물주,제일리도카인주사액,휴온스리도카인염산염수화물주사"
"183907BIJ","유영염산리도카인주,코러스염산리도카인주"
"183930BIJ","삼진리도카인염산염수화물주사[수출명: Lincain Injection],삼진리도카인염산염수화물주사[수출명:LincainInjection]"
"183932BIJ","유영염산리도카인주,코러스염산리도카인주"
"183933BIJ","대한리도카인염산염수화물주,휴온스리도카인염산염수화물주"
"183934CLQ","태준리도카인비스코스액,해피카인액"
"183935BIJ","대한리도카인염산염수화물주,제일리도카인주사액,휴온스리도카인염산염수화물주"
"183937CLQ","레카신액,태준리도카인비스코스액"
"183938CLQ","리도카글액,해피카인액"
"183939BIJ","대한리도카인염산염수화물주,휴온스리도카인염산염수화물주"
"184101ATB","국제리마프로스트정,뉴리마정,동광리마프로스트정,동성리마프로스트알파덱스정,동아오팔몬정,라파론정,리마그린정,리마글란정,리마노스정,리마덱스정"
"184203ACH","동구염산린코마이신캅셀500밀리그람,린코신캡슐,코러스린코마이신캅셀(염산린코마이신"
"184204BIJ","린코마인주,코마신주(염산린코마이신"
"184206BIJ","국제린코마이신염산염수화물주,근화염산린코마이신주600밀리그람,동광염산린코마이신주,동화염산린코마이신주사액600밀리그람,린코마인주,세종린코마이신주(염산린코마이신,신풍린코마이신주사(염산린코마이신,유유린코신주300밀리그람 밀리리터,유유린코신주300밀리그람밀리리터,일동린코마이신주사액"
"184230BIJ","린코마인주,유유린코신주300밀리그람 밀리리터,유유린코신주300밀리그람밀리리터"
"184231BIJ","국제린코마이신염산염수화물앰플주600밀리그램,국제린코마이신염산염수화물주600mg,동광염산린코마이신주,린코마인주,신풍린코마이신주사(린코마이신염산염수화물,유유린코신주300밀리그람 밀리리터,유유린코신주300밀리그람밀리리터,휴메딕스린코마이신염산염주사600mg,휴온스린코마이신염산염주사"
"184301CCM","감마린크림,파마린덴크림"
"184301CLQ","감마린액,라이딕액,신신린단액"
"184332CLQ","감마린액,신신린단액"
"184501ATB","나노프릴정(리시노프릴수화물,현대제스트릴정"
"184701ATB","리단정,명인탄산리튬정,환인탄산리튬정"
"184902CLQ","로메프론안과이과용액"
"184903ATB","레고켐염산로메플록사신정,로맥사신정,로메텍정,로프로신정,이텍스염산로메플록사신정,일양바이오염산로메플록사신정,제뉴원로메플록사신염산염정,코러스염산로메플록사신정,한림염산로메플록사신정"
"185001ATB","렌타정,태평양이리트렌정"
"185102ACH","로파미드캡슐(로페라미드염산염,로파인캡슐,로페라킴캡슐,로프민캡슐,삼남로페라마이드캡슐,지엘로페라미드염산염캡슐,휴온스로페라미드염산염캡슐"
"185302ASY","로라비드건조시럽100밀리그람"
"185330ASY","로라비드건조시럽100밀리그람"
"185401ATB","구주로라타딘정10밀리그람,국제로라타딘정,나타딘정,넬슨로라타딘정,노라틴정(로라타딘,노타민정,대우로라타딘정,로다인정,로라닐정(수출명:라타딜정,로라디온정"
"185402ASY","네이절시럽,뉴로딘시럽,새로딘시럽,클라리틴시럽,히스타딘시럽"
"185430ASY","뉴로딘시럽,새로딘시럽"
"185501ATB","로라반정,스리반정,아티반정1밀리그람"
"185504ATB","로라반정,스리반정,아티반정0.5밀리그람"
"185701ATB","건일로사르탄칼륨정,국제로잘탄정50밀리그람,뉴로사탄정,뉴로살정,뉴로탄정,뉴코사르정,다림로사르탄칼륨정50밀리그램,대한로사르탄칼륨정,대화로자탄정,로더스정"
"185702ATB","뉴로사탄정,뉴로탄정,다림로사르탄칼륨정100밀리그램,로더스정,로사르정,로사르젠정100밀리그람,로사벨정,로사벳정,로사카탄정,로사탄아이정"
"185801ATB","도바스틴정,동광로바스타틴정,동성로바스타틴정,로바로드정,로바스트정,로바스틴정,로바신정,로바이틴정,로바정,로바콜정"
"186101ATB","경보록소프로펜나트륨수화물정,광동록소프로펜나트륨수화물정,녹사펜정,뉴록소로나정,대웅바이오록소프로펜정,동광록소프로펜정,동화록소닌정,라이트록소정,락소펜엠정,러키펜정"
"186301BIJ","뉴팩탄,서팩텐,큐로서프주"
"186304BIJ","뉴팩탄,서팩텐"
"186901CCM","마펙크림,메페드크림,유니팜설파마이론크림"
"186932CCM","메페드크림,설파론크림"
"186933CCM","마펙크림,메페드크림"
"186934CCM","설파론크림,썰마크림"
"187402ATB","마그넬정,마그밀정,마노밀정,마로겔정500밀리그람,미루바정,신일엠정"
"187501ATB","대화산화마그네슘정,마그밀에스정,삼천당산화마그네슘정250밀리그람,팜젠산화마그네슘정"
"187601BIJ","대한황산마그네슘주사액,마구내신주사액,마시주사,미네탑주사액,제일제약황산마그네슘주사액"
"187602BIJ","대한황산마그네슘주사액,마구내신주사액,마시주사,미네탑주사액,제일제약황산마그네슘주사액"
"187630BIJ","대한황산마그네슘주사액,마구내신주사액<황산마그네슘수화물>,마시주사"
"187631BIJ","대한황산마그네슘주사액,마구내신주사액,마시주사,제일제약황산마그네슘주사액"
"187702ATB","칸진정200밀리그람,칸택스정,헤파틸정"
"188202ATB","메베린정,메베틴정135밀리그람,멜버린135밀리그람정,중외듀스파타린정"
"188602ACH","노이라민캡슐500마이크로그램,뉴로메틴캅셀500마이크로그람(메코발라민,메코민캡슐,엠코발500마이크로그램캡슐"
"188602ATB","메치코발정,파마메코발라민정"
"188802BIJ","셀비온엠디피주,아머스캔메드로네이트II주,캐리엠디피"
"188904ATB","프로베라정,프로젠정2.5밀리그람"
"188906ATB","프로베라정,프로젠정5밀리그람"
"189001ACH","메폰산연질캡슐,크라운메페남산캅셀,폰스텔캡슐(메페남산)수출명:메페나믹에시드캡슐 군납명: 메페나믹산캡슐,폰스텔캡슐(메페남산)수출명:메페나믹에시드캡슐군납명:메페나믹산캡슐,폰탈캡슐"
"189003ATB","오스틴메페남산정,유한폰탈정500밀리그람,코러스메페남산정500밀리그람,폰스텔정"
"189101ATB","라리암정,라리암정250밀리그람"
"189301ASS","네옥시아현탁액,대원초산메게스트롤현탁액,메게록스현탁액,메게롤현탁액,메게스타현탁액,메게시아현탁액,메게이스내복현탁액,메게트현탁액,메제트롤현탁액,메피스톨현탁액"
"189301ATB","메가프렉스정40밀리그람,메게시아정"
"189302ATB","메가프렉스정160밀리그람,메게시아정"
"189303ASS","애피트롤이에스내복현탁액"
"189304ASS","대원메게스트롤이에스현탁액,메게이스에프내복현탁액"
"189330ASS","네옥시아현탁액,대원메게스트롤아세테이트현탁액,메게롤현탁액,메게시아현탁액,메게이스내복현탁액,메게트현탁액,메게프로현탁액,메제트롤현탁액,애피트롤내복현탁액,제이트롤현탁액"
"189331ASS","네옥시아현탁액,대원메게스트롤아세테이트현탁액,메게롤현탁액,메게시아현탁액,메게이스내복현탁액,메게프로현탁액,메제트롤현탁액,비씨메게스트롤현탁액,애피트롤내복현탁액,제이트롤현탁액"
"189335ASS","대원메게스트롤아세테이트현탁액,메게롤현탁액,메게이스내복현탁액"
"189601BIJ","네스비론주,마로비벤주,마로투스주(멜릴로투스엑스,메리로주사"
"189602ACH","마로리제캅셀,마로비벤캡슐,멜빈캅셀"
"189701ACH","광동멜록시캄캡슐7.5밀리그램,넬슨멜록시캄캡슐,뉴록시캄캡슐,뉴멜락시캄캡슐,뉴멜록시캡슐,뉴빅캡슐,뉴시캄캡슐,대웅바이오멜록시캄캡슐7.5밀리그램,록시칼캡슐,록시캄캡슐"
"189702ACH","뉴시캄캡슐,대웅바이오멜록시캄캡슐15밀리그램,류멜캡슐,메로빅캡슐,메로콕스캡슐,메록스캄캡슐,메록심캡슐,메시캄캡슐,멜락스캡슐,멜로덱스캡슐"
"189901ATB","알케란정"
"189902BIJ","메그발주,멜스팔주,알케란주"
"190001ALQ","뉴로비스액,뉴만틴액,에빅사액"
"190001ATB","건일염산메만틴정,글리빅사정,뉴로만틴정,뉴로케이정,뉴만틴정,뉴빅사정,동구메만틴염산염정10밀리그램,동화메만틴정,디만틴정,디멘사정"
"190003ATD","펠로오디정,환인메만틴오디정"
"190004ATB","디만틴정,알만틴정,알빅스정,에이디메드정,펠로정,피엠에스메만틴정,환인메만틴정"
"190004ATD","펠로오디정,환인메만틴오디정"
"190005ATB","글리빅사정,뉴로만틴정,동화메만틴정,디만틴정,로만틴정,마빅스정,메만타맥스정,메멘틴정,메모틴정,메빅사정"
"190006ATD","펠로오디정,환인메만틴오디정"
"190201BIJ","메리오날주,아이브이에프엠주,아이브이에프엠주(메노트로핀"
"190202BIJ","메노곤주,메리오날주,아이브이에프엠주(메노트로핀"
"190401BIJ","메반주,메브카인주,엠카인주,하나염산메피바카인주"
"190402BIJ","스칸도네스트주,이소카인주"
"190430BIJ","스칸도네스트주,이소카인주"
"190431BIJ","메반주,엠카인주,하나염산메피바카인주"
"190501ASY","멕타진시럽,소아용프리마란시럽"
"190502ATB","아니스틴정,프리마란정"
"190601ATB","푸리네톤정(메르캅토푸린수화물,퓨리네톨정"
"190702BIJ","네오펨주,뉴로페넴주,뉴로펨주,대웅메로페넴주,대웅바이오메로페넴주,동광메로페넴주,라이트메로페넴주,맥널티메로페넴주,메로신주,메로엠주"
"190703BIJ","네오펨주,뉴로페넴주,뉴로펨주,대웅바이오메로페넴주,동광메로페넴주,라이트메로페넴주,맥널티메로페넴주,메로신주,메로엠주,메로파주"
"190801ATB","다림메살라진정,동광메살라진정,메라진정,살로팔크정"
"190803CSP","살로팔크500좌약,아사콜좌약500밀리그람"
"190807CLQ","살로팔크관장액,아사콜관장액4그람"
"190810CEN","살로팔크포말"
"190832CLQ","메사콜관장액,아사콜관장액4그람"
"190903BIJ","유로메스주,유로미텍산주"
"191501ATB","구루메포민정,글루코다운정,글루코파지정,글루코파지정250밀리그람,글루파정,다이미트정,다이아벡스정,다이아폴민정"
"191502ATB","구루메포민정,그루타민정,그리코민정,그린페지정,글라비스정,글루메트정,글루세라정,글루코닐정,글루코다운정,글루코젠정"
"191502ATR","그리코민서방정,글라비스서방정500밀리그람,글로포민서방정,글루세라서방정,글루엠서방정,글루코닐엑스알정,글루코파지엑스알서방정,글루코프리서방정,글루파민서방정,글루파엑스알서방정"
"191503ATB","글루파정,영일염산메트포르민정850밀리그램,유한메트포르민염산염정850밀리그램,테바메트포르민정"
"191504ATB","글라비스정,글루코다운정,글루코파지정,글루파정1,다이아벡스정,다이아폴민정,유한메트포르민염산염정1000밀리그램,테바메트포르민정"
"191504ATR","글루코파지엑스알1000밀리그램서방정,글루코프리서방정,글루파엑스알서방정,다이아벡스엑스알서방정,다이아벡스엑스알정,다이아폴민엑스알서방정,유한메트포르민서방정"
"191505ATR","글루코프리서방정,다이아폴민엑스알서방정,유한메트포르민서방정"
"191701ATB","메조민정(메타졸아미드"
"191801ATB","메티졸정,부광메티마졸정,한국유나이트메티마졸정"
"191803ATB","메티졸정,부광메티마졸정2.5밀리그램"
"192001ATB","경동메토카르바몰정250밀리그람,다플리정,메다몰정,메바몰정,메카250mg정,메카바정,메카바펜정,메토나정,메토정,메토카몰정"
"192002BIJ","대우메토카르바몰주,드림파마메토카르바몰주사,마토크주,메토카주사,메트몰주,명문메토카르바몰1그람주사,유니온메토카르바몰주,카르몰주 mL,카르몰주mL,휴온스메토카르바몰주사액"
"192003ATB","메르칸정(메토카르바몰,카르몰정,한올메토카르바몰정"
"192003BIJ","람주사,마이팜메토카르바몰주사,마토크주,메박신주,메토카주사,메트몰주,미오렉신주,비씨메토카르바몰주사,삼천당메토카르바몰주,센트랄메토카르바몰주사500밀리그람"
"192004ATB","명문메토카르바몰정,미토카정,비씨메토카르바몰정,제이알메토카르바몰정,카르몰정750밀리그람,파마메토카르바몰정"
"192030BIJ","넬슨메토카르바몰주,람주사,마토크주,메디카메토카르바몰주,메박신주,메카민주,메칸주,메토카주사,메트롤주,메트몰주"
"192031BIJ","대우메토카르바몰주,메트몰주,명문메토카르바몰1그람주사,오토캄주,휴온스메토카르바몰주사액"
"192101ATB","엠.티.엑스정,엠텍세이트정,유한메토트렉세이트정,한국바이오켐메토트렉세이트정,한국유나이티드메토트렉세이트정"
"192102BIJ","디비엘메토트렉세이트주,에베베메토트렉세이트주 mL,에베베메토트렉세이트주mL,엠텍세이트피에프주사,화이자메토트렉세이트주 mL,화이자메토트렉세이트주mL"
"192103BIJ","디비엘메토트렉세이트주 ml,디비엘메토트렉세이트주ml,디비엘메토트렉세이트주사액25밀리그람 밀리리터,디비엘메토트렉세이트주사액25밀리그람밀리리터,산도스메토트렉세이트주 mL,산도스메토트렉세이트주mL,에베베메토트렉세이트주 mL,에베베메토트렉세이트주mL,엠텍세이트피에프주사,엠티엑스주"
"192104BIJ","네오메토주(메토트렉세이트,디비엘메토트렉세이트주 ml,디비엘메토트렉세이트주ml,산도스메토트렉세이트주 mL,산도스메토트렉세이트주mL,에베베메토트렉세이트주 mL,에베베메토트렉세이트주mL,엠텍세이트피에프주사,엠티엑스주,유니트렉세이트주 ml(메토트렉세이트"
"192105BIJ","디비엘메토트렉세이트주,산도스메토트렉세이트주 mL,산도스메토트렉세이트주mL,에베베메토트렉세이트주 mL,에베베메토트렉세이트주mL,엠텍세이트피에프주사"
"192107BIJ","메토젝트주 mL,메토젝트주 ml,메토젝트주mL,메토젝트주ml"
"192108BIJ","메토젝트주 mL,메토젝트주 ml,메토젝트주mL,메토젝트주ml"
"192109BIJ","메토젝트주 mL,메토젝트주 ml,메토젝트주mL,메토젝트주ml"
"192110BIJ","메토젝트주 mL,메토젝트주 ml,메토젝트주mL,메토젝트주ml"
"192111BIJ","메토젝트주 ml,메토젝트주ml"
"192132BIJ","메토젝트주 mL,메토젝트주mL"
"192134BIJ","메토젝트주 mL,메토젝트주mL"
"192136BIJ","메토젝트주 mL,메토젝트주mL"
"192138BIJ","산도스메토트렉세이트주 mL,산도스메토트렉세이트주mL"
"192139BIJ","디비엘메토트렉세이트주 ml,디비엘메토트렉세이트주ml,엠텍세이트피에프주사,엠티엑스주,유니트렉세이트주 ml(메토트렉세이트,유니트렉세이트주ml(메토트렉세이트,유한메토트렉세이트주사액25밀리그람 밀리리터,유한메토트렉세이트주사액25밀리그람밀리리터,화이자메토트렉세이트주 mL,화이자메토트렉세이트주mL"
"192140BIJ","산도스메토트렉세이트주 mL,산도스메토트렉세이트주mL"
"192141BIJ","디비엘메토트렉세이트주 ml,디비엘메토트렉세이트주ml,엠텍세이트피에프주사,엠티엑스주,유한메토트렉세이트주사액25밀리그람 밀리리터,유한메토트렉세이트주사액25밀리그람밀리리터,화이자메토트렉세이트주 mL,화이자메토트렉세이트주mL"
"192142BIJ","디비엘메토트렉세이트주1g,엠텍세이트피에프주사,화이자메토트렉세이트주1g"
"192143BIJ","디비엘메토트렉세이트주,산도스메토트렉세이트주 mL,산도스메토트렉세이트주mL,엠텍세이트피에프주사,화이자메토트렉세이트주5g"
"192144BIJ","메토젝트주 mL,메토젝트주mL"
"192401ATB","무코신일정,무코치올에스정200밀리그람,뮤코존정,뮤코텐정,사이버정"
"193001BIJ","에르빈주사액,유니덜진주,제일제약메틸에르고노빈주"
"193030BIJ","에르빈주사액,제일제약메틸에르고노빈주"
"193101ACH","국제세팔렉신캡슐,메섹신캡슐,세파메칠캡슐(메틸올세팔렉신리시네이트)[수출명:CMP CEPHAMETHYL,세파메칠캡슐(메틸올세팔렉신리시네이트)[수출명:CMPCEPHAMETHYL"
"193101ATB","메섹신정,세파메칠정"
"193201ACR","메디키넷리타드캡슐,메타데이트CD서방캡슐,비스펜틴조절방출캡슐"
"193201ATB","메칠펜정,페니드정,페로스핀정"
"193202ATB","페니드정,페로스핀정"
"193205ACR","메디키넷리타드캡슐,메타데이트CD서방캡슐"
"193207ACR","메디키넷리타드캡슐,메타데이트CD서방캡슐,비스펜틴조절방출캡슐"
"193302ATB","니소론엠정,다솔론정,독립메틸프레드니솔론정,디솔린정,롯데메칠프레드니솔론정,매프론정,메가메솔론정,메니론정,메니솔론정,메니솔론정4밀리그람"
"193304ATB","소메론정2밀리그람,피디정"
"193401CCM","아더반크림,아드반탄크림,아디코트크림,아세론크림,에드반스크림,제이솔론크림"
"193401CLT","반탄로션,토피솔밀크로션"
"193401COM","솔론엠연고,아드반탄연고,아프레디연고,에이솔론연고,에크반연고,프레반탄연고,프레지민연고,프로제마연고"
"193432CCM","아더반크림,아드반탄크림,아디코트크림"
"193432COM","아드반탄연고,프레반탄연고,프로제마연고"
"193433CCM","아드반탄크림,제이솔론크림"
"193501BIJ","데포메드롤주 ml,데포메드롤주ml"
"193502BIJ","데포메드롤주 ml,데포메드롤주ml,메티솔주40밀리그람"
"193530BIJ","데포메드롤주 ml,데포메드롤주ml,메티솔주40밀리그람"
"193531BIJ","데포메드롤주 ml,데포메드롤주ml"
"193601BIJ","메디소루주,메치솔주,메티손주125밀리그람,메프솔론주사,살론주125밀리그람,솔루메드롤주,솔루메드롤주125밀리그람,프레디솔125밀리그람주사,프레디솔125밀리그램주사,프리메드롤주"
"193603BIJ","디솔린주,메치솔론주,메프렌주40밀리그람(메칠프레드니솔론나트륨호박산염"
"193604BIJ","메치솔주(메칠프레드니솔론나트륨호박산염)수출명:M Prenol,메치솔주(메칠프레드니솔론나트륨호박산염)수출명:MPrenol,메치솔주(메틸프레드니솔론숙시네이트나트륨,메티손주500밀리그람,메프솔론주사500밀리그람,살론주500밀리그람,솔루메드롤주,솔루메드롤주500밀리그람,프레디솔500밀리그람주사,프레디솔500밀리그램주사"
"193701ATB","맥페란정,멕소롱정,신일메토클로프라미드정"
"193702BIJ","맥페란주사액,멕쿨주,한화메토클로프라미드주사"
"193730BIJ","가스트로메토주,맥페란주사액,멕쿨주"
"194104BIJ","메트리날주,박스터메트로니다졸주사,씨제이메트로니다졸주,트로날주,트리젤주(메트로니다졸,후라질주(메트로니다졸"
"194130CCM","로멕스겔,메니마겔,메로겔(메트로니다졸,트로겔"
"194131BIJ","메트리날주,박스터메트로니다졸주사500mg,이노엔메트로니다졸주0.5그램,트리젤주,후라니졸주,후라질주(메트로니다졸"
"194132CCM","로멕스겔,메로겔(메트로니다졸"
"194701ACS","사이크린연질캡슐,사이폴 엔연질캡슐,사이폴엔연질캡슐,산디문뉴오랄연질캡슐"
"194701ALQ","사이폴 엔내복액(사이클로스포린,사이폴엔내복액(사이클로스포린,산디문뉴오랄내복액"
"194702ACS","사이크린연질캡슐,사이폴 엔연질캡슐,사이폴엔연질캡슐,산디문뉴오랄연질캡슐"
"194703ACS","사이크린연질캡슐,사이폴 엔연질캡슐,사이폴엔연질캡슐"
"194730ALQ","사이폴 엔내복액(사이클로스포린,사이폴엔내복액(사이클로스포린,산디문뉴오랄내복액"
"194801CDS","아비텐압축형,헬리텐압축형"
"194901ACH","노피드캡슐,로판딜캡슐,로피롤캅셀,리도스캡슐,리페돌캡슐,마이페노캡슐,비스론캡슐,페노렌캡슐,페노베이트캡슐,페노피딜캡슐"
"194930ATB","글리펜슈프림정,동구페노피브레이트정160밀리그램,로오딜슈프라정,리페돌정,리피딜슈프라정,리피멧정,리피페노정,우리들페노피브레이트정160밀리그램,티지프리정,팜젠페노피브레이트정160밀리그램"
"195001ACS","에스티마연질캡슐100밀리그람,유트로게스탄연질캅셀,유트로게스탄연질캡슐"
"195101BIJ","노보라신주,동국황산미크로노마이신120밀리그람주사,마로신주120밀리그람,미록신120밀리그람주,사가신주120밀리그람,아주미크로노마이신황산염주사,유니온황산미크로노마이신주사,유한황산미크로노마이신주사액120밀리그람,큐레신주120밀리그람,크바신주"
"195103BIJ","노보라신주,마로신주60밀리그람,미록신60밀리그람주,사가신주,아주미크로노마이신황산염주사,알파황산미크로노마이신주60밀리그람,유니온황산미크로노마이신주사,유영미크로노마이신주60밀리그람,유한황산미크로노마이신주사액60밀리그람,큐레신주60밀리그람"
"195201BIJ","도미컴주15밀리그람,미다컴주15밀리그람,바스캄주15밀리그람,부광미다졸람주사15밀리그람"
"195202BIJ","도미컴주5밀리그람,미다컴주5밀리그람,미졸람주 ml,미졸람주ml,바스캄주,부광미다졸람주사"
"195203BIJ","미졸람주 ml,미졸람주ml"
"195204BIJ","바스캄주,부광미다졸람주사"
"195230BIJ","바스캄주,부광미다졸람주사"
"195231BIJ","미다컴주5밀리그람,미졸람주 ml,미졸람주ml,바스캄주,부광미다졸람주사"
"195232BIJ","미다컴주15밀리그람,바스캄주15밀리그람,부광미다졸람주사 3밀리리터,부광미다졸람주사3밀리리터"
"195501ASY","유유미오카마이신건조시럽,카미신건조시럽(초산미데카마이신"
"195501ATB","유유미오카마이신정,이연미데카마이신정,카미신정"
"195532ASY","유유미오카마이신건조시럽,카미신건조시럽(초산미데카마이신"
"196201ATB","레메론정,멀타핀정,미르젠탁정,미르탁스정,밀타정,영진멀타자핀정,파마멀타자핀정,피엠에스미르타자핀정15밀리그램"
"196201ATD","레메론솔탭정,레메론솔탭정15밀리그람,레믹실오디티정,명문미르타오디정,미르젠탁오디정,미르탁스오디티정,밀타오디정,테바미르타자핀오디티정,테바미르타자핀오디티정15밀리그램"
"196202ATB","레메론정,멀타핀정,미르젠탁정,미르탁스정,밀타정,영진멀타자핀정,파마멀타자핀정"
"196202ATD","레메론솔탭정,레메론솔탭정30밀리그람,레믹실오디티정,명문미르타오디정,미르젠탁오디정,미르탁스오디티정,밀타오디정,테바미르타자핀오디티정,테바미르타자핀오디티정30밀리그램"
"196204ATB","멀타핀정,미르젠탁정,밀타정,영진멀타자핀정,파마멀타자핀정"
"196204ATD","미르젠탁오디정,밀타오디정"
"196301ATB","가스토텍정100마이크로그램,근화미소프로스톨정,동인당미소프로스톨정,미셀정100마이크로그램,미소톨정,알소벤정100마이크로그람"
"196302ATB","가스텍정(미소프로스톨,가스토텍정,미셀정,미소플러스정,신텍정,싸이스톨정,싸이토텍정200마이크로그람,씨로텍정,알소벤정,지스톨정"
"196401BIJ","미토마이신씨교와10밀리그람주,한국유나이티드미토마이신씨주10밀리그람"
"196402BIJ","미토마이신씨교와주,한국유나이티드미토마이신씨주"
"196501BIJ","미트론주,산트론주"
"196602ATB","뉴퓨린정50밀리그람,브레디닌정50밀리그람"
"197001ATB","몰시톤정,몰시톤정2밀리그람"
"197002ATB","몰시톤정,몰시톤정4밀리그람"
"197201BIJ","구주염산모르핀주,명문모르핀염산염수화물주사,비씨모르핀염산염주사,염몰핀주사,제일모르핀염산염주사액"
"197202BIJ","구주염산모르핀주,염몰핀주사,제일모르핀염산염주사액"
"197230BIJ","염몰핀주사,제일모르핀염산염주사액"
"197231BIJ","명문모르핀염산염수화물주사,비씨모르핀염산염주사,염몰핀주사,제일모르핀염산염주사액"
"197301ATR","엠에스알서방정10밀리그람,엠피에스서방정10밀리그람,파마엠에스10서방정"
"197301BIJ","비씨모르핀황산염수화물주사,스토몰주사1밀리그람 밀리리터,스토몰주사1밀리그람밀리리터"
"197302ATR","엠에스알서방정,엠피에스서방정30밀리그람,파마엠에스30서방정"
"197302BIJ","비씨모르핀황산염수화물주사,황몰핀주사 mL,황몰핀주사mL"
"197303BIJ","스토몰주사20밀리그람,하이몰주사20밀리그람,한림모르핀황산염수화물주사20밀리그람"
"197304BIJ","대원모르핀황산염주사액 mL,대원모르핀황산염주사액mL,대원황산모르핀주사1밀리그람 밀리리터,대원황산모르핀주사1밀리그람밀리리터,비씨모르핀황산염수화물주사,스토몰주사1밀리그람 밀리리터,스토몰주사1밀리그람밀리리터,한림모르핀황산염수화물주사,황몰핀주사1밀리그람 밀리리터,황몰핀주사1밀리그람밀리리터"
"197305ATB","에스몰핀정,황몰핀정"
"197305BIJ","비씨모르핀황산염수화물주사,황몰핀주사 mL,황몰핀주사mL"
"197306BIJ","대원황산모르핀주사1밀리그람 밀리리터,대원황산모르핀주사1밀리그람밀리리터,비씨모르핀황산염수화물주사,한림모르핀황산염수화물주사"
"197311BIJ","황몰핀주사 mL,황몰핀주사mL"
"197330BIJ","대원황산모르핀주사1밀리그람 밀리리터,대원황산모르핀주사1밀리그람밀리리터,비씨모르핀황산염수화물주사,비씨모르핀황산염수화물주사 mL,비씨모르핀황산염수화물주사mL,한림모르핀황산염수화물주사,황몰핀주사1밀리그람 밀리리터,황몰핀주사1밀리그람밀리리터"
"197331BIJ","구주황산모르핀주사 ml,구주황산모르핀주사ml,비씨모르핀황산염수화물주사10mg,황몰핀주사 mL,황몰핀주사mL"
"197332BIJ","대원모르핀황산염주사액 mL,대원모르핀황산염주사액mL,대원황산모르핀주사1밀리그람 밀리리터,대원황산모르핀주사1밀리그람밀리리터,비씨모르핀황산염수화물주사,비씨모르핀황산염수화물주사 mL,비씨모르핀황산염수화물주사mL,스토몰주사1밀리그람 밀리리터,스토몰주사1밀리그람밀리리터,한림모르핀황산염수화물주사"
"197334BIJ","구주황산모르핀주사 ml,구주황산모르핀주사ml,비씨모르핀황산염수화물주사 ml,비씨모르핀황산염수화물주사ml,황몰핀주사 mL,황몰핀주사mL"
"197335BIJ","구주황산모르핀주사 ml,구주황산모르핀주사ml,스토몰주사20밀리그람,하이몰주사20밀리그람"
"197336BIJ","구주황산모르핀주사 ml,구주황산모르핀주사ml,비씨모르핀황산염수화물주사 ml,비씨모르핀황산염수화물주사ml,황몰핀주사 mL,황몰핀주사mL"
"197337BIJ","비씨모르핀황산염수화물주사 ml,비씨모르핀황산염수화물주사ml,황몰핀주사 mL,황몰핀주사mL"
"197339BIJ","스토몰주사1밀리그람 밀리리터,스토몰주사1밀리그람밀리리터"
"197340BIJ","구주황산모르핀주사 ml,구주황산모르핀주사ml,비씨모르핀황산염수화물주사"
"197601COM","무피로반연고,박테로신연고(무피로신,박트란연고,박트로반연고,벤타손연고,슈넬무피로신연고,안티로반연고,에스로반연고,일화무피로신연고,청계무피로신연고"
"197630COM","뮤로신연고,박테로신연고(무피로신,박트로반연고,베아로반연고"
"197631COM","무피로반연고,뮤로신연고,박테로신연고(무피로신,박트로반연고,베아로반연고,스타로반연고,에스로반연고,에이프로젠무피로신연고"
"197632COM","닥터로반연고,무피신연고,뮤로신연고,박테로신연고(무피로신,박트란연고,벤타손연고,에스로반연고,에이로반연고,에이프로젠무피로신연고"
"197633COM","무피로반연고,박트란연고,박트로반연고,베아로반연고,벤타손연고,에스로반연고,엠피신연고"
"197634COM","박테로신연고(무피로신,슈넬무피로신연고"
"197635COM","뮤로신연고,알파로반연고"
"197801ACH","마이렙트캡슐,마이코놀캡슐,마이코셉트캡슐,산도스미코페놀레이트캡슐250밀리그람,셀레트캡슐,셀셉트캡슐,유니셉트캡슐,이뮤셉트캡슐,트랜셉트캡슐"
"197804ASS","마이렙트현탁용분말,셀셉트현탁용분말"
"197830ASS","마이렙트현탁용분말,셀셉트현탁용분말"
"197901ACS","게리브론연질캡슐,제브론연질캡슐"
"197902ACE","게리브론300장용성연질캡슐,미노톨연질캡슐,미오톨연질캡슐"
"197902ACS","게로미르톨포르테연질캅셀,미르바연질캡슐,미르본300mg연질캡슐"
"198001BIJ","아테파주,인솔치오테파주,테파디나주,티오스팔피주"
"198003BIJ","아테파주,테파디나주,티오스팔피주"
"198102ATB","나메린정,나메톤정,나베톤정(나부메톤,나벤탁정,나부에이정,나부젠정,나부톤정(나부메톤,나부펜정(나부메톤,낙톤정,라벡스정"
"198201COS","나박점안액"
"198230COS","나박점안액"
"198231COS","나박점안액"
"198601ACH","나로민캡슐,나베론캅셀,나푸로닐캡슐,나푸롤캡슐,나푸릴캅셀,나프란캡슐,나프로딜캡슐,나프론캡슐,나프민캡슐,나플리캡슐"
"198601ATB","나드릴정,나큐렌정,나푸롤정,나프닐정,나프로닌정,나프로정,나프론정,나프리정,나프민에이정,나프타정"
"198701CCM","나프졸크림,일동엑소데릴크림"
"198732CCM","나프날크림,나프졸크림"
"198901BIJ","날페인주사10밀리그람,대원염산날부핀주사액10밀리그람(수출명:나핀주사액(염산날부핀,하나염산날부핀주10밀리그람"
"198930BIJ","날페인주사,대원염산날부핀주사액10밀리그람(수출명:나핀주사액(염산날부핀,하나염산날부핀주10밀리그람"
"199101BIJ","나론주2밀리그람,나손주,날손주,동국염산나록손2밀리그람주사,부광염산나록손주2.0밀리그람,비씨염산나록손2밀리그람주사,삼진날록손염산염주사,이연염산나록손주,휴온스나록손염산염주사액"
"199102BIJ","날손주사0.4밀리그람,비씨염산나록손주사,삼진날록손염산염주사,이연염산나록손주,휴온스염산나록손주사"
"199130BIJ","삼진날록손염산염주사,이연날록손염산염주"
"199131BIJ","나손주,날손주,부광날록손염산염주2.0밀리그램,비씨날록손염산염주사2밀리그램,삼진날록손염산염주사2밀리그램,이연날록손염산염주"
"199201ATB","날트렉신정,레비아정,트락손정(날트렉손염산염,파마날트렉손정,환인날트렉손정"
"199202ATB","날트라정,미스림정,아이렉손정,트락손정,환인날트렉손정"
"199404ATB","낙센에프정,신플랙스정"
"199501ATB","구주나프록센나트륨정,나로펜정,나록스정,나폴론정,나프노펜정,나프록소정,나프록스정,나프록신정,나프롱정,나프센정"
"199501BIJ","바벨주,하니파주"
"200501BIJ","네오스주,대한메칠황산네오스티그민주사액,제일제약네오스티그민메틸황산염주"
"200530BIJ","대한네오스티그민메틸황산염주사액,제일제약네오스티그민메틸황산염주"
"200701BIJ","건일네틸마이신주100밀리그람,광동황산네틸마이신주,국제황산네틸마이신주100밀리그람,네소미신100밀리그램주,네오신주사100밀리그람,네티라신주(네틸마이신황산염,네티신주100밀리그람,네틴주100밀리그람,네틸리신주,네틸린주사액"
"200702BIJ","건일네틸마이신주150밀리그람,광동황산네틸마이신주150밀리그람,국제황산네틸마이신주150밀리그람,네미론주150밀리그람,네소미신150밀리그램주,네오신주사150밀리그람,네티라신주,네티신주150밀리그람,네틴주150밀리그람,네틸리신주150밀리그람"
"200703BIJ","건일네틸마이신주50밀리그람,아코신주"
"200730BIJ","건일네틸마이신주,아코신주"
"200731BIJ","건일네틸마이신주,광동황산네틸마이신주100밀리그램,국제네틸마이신황산염주100밀리그램,네소미신100밀리그램주,네오신주사,네티신주,네틴주100밀리그람,네틸린주사액,대화네틸마이신주,동광네틸마이신주100mg"
"200732BIJ","건일네틸마이신주,광동황산네틸마이신주150밀리그람,국제네틸마이신황산염주150밀리그램,네소미신150밀리그램주,네티라신주,네티신주,네틴주150밀리그람,네틸리신주150밀리그람,동광네틸마이신주150밀리그람,명문네틸마이신황산염주사액150밀리그람"
"200733BIJ","네미론주150밀리그람,네오신주사,네틸신주150밀리그람,위더네신주,유니네틸주사,유영네틸마이신주,하이네틸주사"
"200901ATB","구엔정,니엔정,니카라딘정,니카렌정,니카론정,니카메정,니카메타정100밀리그람,니카신정100밀리그람,니카엔정,니카이트정"
"200902ATB","니카신정50밀리그람,디엔정50밀리그람,씨엔정50밀리그람"
"201001BIJ","니칼핀주사액,동구니카르디핀염산염주,동아페르디핀주사액,비니카핀주"
"201002BIJ","비니카핀주,휴온스니카르디핀주"
"201030BIJ","니칼핀주사액,동구니카르디핀염산염주,동아페르디핀주사액,비니카핀주"
"201031BIJ","비니카핀주,휴온스니카르디핀주"
"201201ATB","네오골린정,넥스콜린정,뉴로고린정,니르온정,니세골린정,니세린정,니세엠정,니세온정,대웅니세르골린정,동화니세르골린정"
"201203ATB","경동니세르골린정30밀리그램,네오골린정,넥스콜린정,뉴로고린정,니고린정,니르온정,니세골린정,니세로니정,니세로정,니세론정"
"201204ATB","나이세트정5밀리그람,니골린정,리세린정5밀리그람,사미온정,세르곤정"
"201301ATB","니코란정,바딜정,시그마트정,하원니코란딜정"
"201302BIJ","시그마트주,시그마트주48밀리그람"
"201401ATB","영일니페디핀정,하원니페디핀정"
"201405ATR","니페드솔정30밀리그람,니페딕스지속정,니페라트지속정,알리코니페디핀서방정"
"201409ATR","니페론씨알40서방정,니페론씨알서방정"
"201501ACH","니록사캅셀,니푸로캡슐,레피즈캡슐,샤젠캅셀,에세푸릴캡슐,엔터폴캅셀,자이드캡슐"
"201502ASS","씨에스에이현탁액,에세푸릴현탁액"
"201801ATB","니막스정(니메슬리드,니메리드정,니메솔정,니메펜정,리메시드정(니메술리드,리바이드정(니메술리드)(수출용,마나슬루정,메록신정,메수리드정,메술란정(니메술리드"
"201901ATB","니모톱정30밀리그람,보령니모디핀정,삼진니모디핀정,세레보날정,이연니모디핀정"
"201902BIJ","니모톱정주,보령니모디핀주10밀리그람,삼진니모디핀주10밀리그람,아주니모디핀주사,이연니모디핀주"
"201930BIJ","삼진니모디핀주10밀리그람,이연니모디핀주"
"202401ATB","니트렌정10밀리그람,바이프레스정10밀리그람"
"202402ATB","니트렌정20밀리그람,레디핀정20밀리그람,바이프레스정20밀리그람"
"202501BIJ","니트로링구알주사,니트로주사,니트세린주사(묽은니트로글리세린,페링가니트주사"
"202504CPC","앤지덤패취0.2밀리그람 시간,앤지덤패취0.2밀리그람시간"
"202505BIJ","니트로링구알주사,페링가니트주사"
"202602ATL","명문니트로글리세린0.6밀리그램설하정,하나니트로글리세린0.6밀리그람설하정"
"202632BIJ","니트로링구알주사,니트로주사,니트세린주사(묽은니트로글리세린,페링가니트주사"
"202633BIJ","니트로링구알주사,페링가니트주사"
"202634CPC","앤지덤패취0.2밀리그람 시간,앤지덤패취0.2밀리그람시간"
"202701ACH","나이시드캡슐,나지틴캡슐,네이자틴캡슐,넥스캡슐,뉴자틴캡슐,뉴잔틴캡슐,뉴티딘캡슐,니자그린캡슐,니자드캡슐,니자딘엠캡슐"
"202701ATB","니자그린정,니자로틴정,니자브이정,니자액스정,니자큐정,니자티드정,니자틸정,셀자틴정,에스피씨니자정,위자티딘정"
"202704ATB","나자탄정,넬슨니자티딘정,니자드정,니자론정,니자티드정,니타딘정,빅시딘정,아자딘정,악틴정75밀리그람,액사티딘정"
"203101BIJ","노르아드레나린,노르핀주,큐프린주"
"203103BIJ","노르아드레나린,노르에피린주사,노르핀주,레보페드바이알주,레보페드주,큐프린주"
"203104BIJ","노르핀주,큐프린주"
"203131BIJ","노르아드레나린,노르에피린주사,노르핀주,레보페드바이알주,레보페드주,큐프린주"
"203132BIJ","노르아드레나린,노르핀주,큐프린주"
"203133BIJ","노르핀주,큐프린주"
"203302ACH","노로칸캡슐(노르플록사신,보람노르플록사신캡슐,유레카신캡슐200밀리그람,종근당박시달캅셀200밀리그람,크라운노르플록사신캅셀200밀리그람,파마노르플록사신캡슐200밀리그람"
"203303ATB","뉴사달정400밀리그람,보람노르플록사신정,휴온스노르플록사신정(수출명:UNINOXTab.NORBEKTablet."
"203701BIJ","산도스타틴주사 밀리리터,산도스타틴주사밀리리터,옥트스타틴주"
"203730BIJ","산도스타틴주사 밀리리터,산도스타틴주사밀리리터,옥트스타틴주"
"203801ATB","뉴젠팜옥티늄정,마티란정,메노틴정,메녹틸정,모디피정,몰틱정,뮤리엘정,베로틸정,베로틸정20밀리그람,브로목틸정"
"203802ATB","마티란정,메녹틸정,메로늄정,메틸로정,브로목틸정,브목스정,삼성옥틸로늄정,신일옥틸로늄브롬화물정40밀리그램,에스녹틸정,오녹틴정"
"203901ATB","구주오플록사신정,네가박트정,넬슨오플록사신정,뉴젠팜오플록사신정100밀리그램,다비드정,대원오플록사신정,동광오플록사신정,동화오플록사신정,록사신엠정,리록신정"
"203903COO","베아오플안연고,에펙신안연고,오큐프록스안연고(오플록사신,퀴노비드안연고,태준타리비드안연고"
"203903COS","건일오플록사신점안액,라타신점안액,리오플록점안액,베아오플점안액,비오플록점안액,아이프로점안액,아플록스점안액,에펙신점안액(오플록사신,오로비트점안액,오로신점안액"
"203904ATB","구주오플록사신정200밀리그람,넬슨오플록사신정200밀리그람(수출명:OXLACEFTab)(수출명:OFLOXACEFTab.)(수출명:OFLOMORETab,오푸신정(오플록사신,오프론정200밀리그람(오플록사신)(수출용,제일타리비드정200밀리그람,지엘오플록사신정200밀리그램,코러스오플록사신정,텔비트정200밀리그람(오플록사신,푸가신정,프록산정200밀리그람"
"203906CLQ","에펙신이용액(오플록사신,오프로신이용액,퀴노비드이용액,타리비드이용액"
"203908COS","오로신점안액,옥타신점안액(오플록사신"
"203930COS","오로신점안액,옥타신점안액(오플록사신"
"203934COO","에펙신안연고,오큐프록스안연고(오플록사신,오페란안연고,퀴노비드안연고,타리비드안연고,태준타리비드안연고"
"203935COO","베아오플안연고,오비드안연고,오큐프록스안연고(오플록사신,오페란안연고,오푸스안연고,오푸아인안연고,퀴노비드안연고"
"203936CLQ","비오플록이용액,에펙신이용액,오프로신이용액,오플로이용액,퀴노비드이용액,타리비드이용액"
"203936COS","라타신점안액,베아오플점안액,아플록스점안액,아플록신점안액,에펙신점안액,오로신점안액,오큐프록스점안액,오트라점안액,오페란점안액(오플록사신,오푸란점안액"
"203937COS","라이트오플점안액,루체오점안액,리오플록점안액,비오플록점안액,아이프로점안액,아플록스점안액,아플록신점안액,오라록신점안액,오로비트점안액,오록사신점안액"
"203939COS","오트라점안액,오페란점안액(오플록사신"
"204001ATB","뉴로자핀정,베아프렉사정,산도스올란자핀정10밀리그램,셀란자핀정,싸이렉사정,에이프렉사정,영진올란자핀정10밀리그램,오자펙스정,오자핀정,올라핀정"
"204001ATD","뉴로자핀오디정,올란자오디정,자이프렉사자이디스확산정,자이피스오디정"
"204001BIJ","자이프렉사주,자이프렉사주10밀리그람"
"204002ATB","뉴로자핀정,베아프렉사정,산도스올란자핀정5밀리그램,셀란자핀정,싸이렉사정,에이프렉사정,영진올란자핀정5밀리그램,오자펙스정,오자핀정,올라핀정"
"204002ATD","올란자오디정,자이프렉사자이디스확산정,자이피스오디정"
"204004ATB","뉴로자핀정,베아프렉사정,산도스올란자핀정2.5밀리그램,셀란자핀정,에이프렉사정,오자펙스정,올라핀정,올란프레서정,올자핀정,자이레핀정"
"204401ACE","뉴섹캡슐,대한뉴팜오엠프라졸캡슐,라메졸캡슐,레고켐오메프라졸캡슐,메프라졸캡슐,메프졸캡슐,바로메졸캡슐,바이넥스오메프라졸캡슐,베스프라졸캡슐,셀트리온오메프라졸캡슐"
"204401ATE","리절트정(오메프라졸,베스프라졸정,오메드정,오엠피정,원엠프정,제메프라정20밀리그람"
"204501BIJ","로르딘주,로섹점적용주사,로섹주사,오메큐주사"
"204601ATD","온세란정,조프란자이디스정"
"204602BIJ","세트론주,조프란주"
"204603ATB","산도스온단세트론정8밀리그람,온세트론정,조프란자이디스정,조프란정,하나온단세트론정"
"204603ATD","온단트정,온세란정,조프란자이디스정"
"204604BIJ","오트론주(염산온단세트론이수화물,온단주,온단트주,온세란주,온세트론주,온세트론주(바이알,조프란주,하나온단세트론주사,화이자온단세트론주 mL,화이자온단세트론주mL"
"204605BIJ","대웅온단세트론주,보미트란주8밀리그람,산도스온단세트론주,오트론주(염산온단세트론이수화물,온단주,온단트주,온세란주,온세트론주,온세트론주(바이알,온프란주(염산온단세트론"
"204630BIJ","삼성온단세트론주,세트론주,오트론주(온단세트론염산염수화물,온단트주,온세란주,온세트론주,온세트론주(바이알,조프란주,하나온단세트론주사"
"204631BIJ","삼성온단세트론주,세트론주,오트론주(온단세트론염산염수화물,온단트주,온세란주,온세트론주,온세트론주(바이알,온트론주 밀리리터(바이알,온트론주밀리리터(바이알,온프란주(온단세트론염산염수화물"
"204903BIJ","중외오니다졸주,토미졸주"
"204930BIJ","중외오니다졸주,토미졸주"
"205001APD","파라멜산"
"205002ACM","파라멜액,헤파겔액,헤파멜즈겔"
"205002APD","파라멜산,헤파멜즈산"
"205030APD","헤파멜즈산"
"205202BIJ","오페락신주,올페신주"
"205203ATR","오페나딘서방정,오페릴50서방정,테리락스엑스엘서방정"
"205230BIJ","오페락신주,올페신주"
"205301ATB","닉신정10밀리그람,스락신정10밀리그람"
"205302BIJ","스락신주,오티드주"
"205303ATB","닉신정,스락신정,스코드린정,영풍오르페나드린염산염정25밀리그램,오라신정25밀리그람,오페락신정,오페린정,올페드린정"
"205602ATB","씨트본정,오소본정,오스론정,유로칼정,케어본정,프로박스에프정"
"205801BIJ","넥사틴주5밀리그람 밀리리터,넥사틴주5밀리그람밀리리터,뉴젠옥살리플라틴주,디비엘옥살리플라틴주,디비팜옥살리플라틴주사,리오플라틴주,리프라틴주,리프라틴주 밀리리터,리프라틴주밀리리터,바로사틴주"
"205802BIJ","넥사틴주5밀리그람 밀리리터,넥사틴주5밀리그람밀리리터,디비엘옥살리플라틴주,디비팜옥살리플라틴주사,리프라틴주 밀리리터,리프라틴주100밀리그람,리프라틴주밀리리터,벨록사주,산도스옥살리플라틴주,에베베옥살리플라틴주"
"205803BIJ","넥사틴주5밀리그람 밀리리터,넥사틴주5밀리그람밀리리터,리프라틴주 밀리리터,리프라틴주밀리리터,벨록사주150밀리그람,오엑스피주 ml,오엑스피주 밀리리터,오엑스피주ml,오엑스피주밀리리터,옥살리틴주 밀리리터"
"205804BIJ","벨록사주200밀리그람,오엑스피주 ml,오엑스피주ml"
"205805BIJ","오엑스피주 ml,오엑스피주ml"
"205830BIJ","넥사틴주5밀리그람 밀리리터,넥사틴주5밀리그람밀리리터,디비엘옥살리플라틴주50mg,리프라틴주,리프라틴주 밀리리터,리프라틴주밀리리터,벨록사액상주 mL,벨록사액상주mL,벨록사주50밀리그람,엘록사틴주 밀리리터"
"205832BIJ","오엑스피주 밀리리터,오엑스피주밀리리터,테바옥살리플라틴주사제,호스피라옥살리플라틴액상주,화이자옥살리플라틴액상주"
"205833BIJ","오엑스피주 ml,오엑스피주ml"
"205834BIJ","넥사틴주5밀리그람 밀리리터,넥사틴주5밀리그람밀리리터,디비엘옥살리플라틴주100mg,리프라틴주 밀리리터,리프라틴주100밀리그람,리프라틴주밀리리터,벨록사액상주 mL,벨록사액상주mL,벨록사주,엘록사틴주 밀리리터"
"206101ATB","알파옥사프로진정,옥진정,옥프라정"
"206201ATB","옥사타딘정,옥사틴정,틴세트정30밀리그람"
"206301ATB","옥사제핀정,옥스핀정,유니렙시정,트리렙탈필름코팅정,트립탈정"
"206302ATB","옥사제핀정,트리렙탈필름코팅정,트립탈정"
"206303ATB","옥사제핀정,트리렙탈필름코팅정,트립탈정"
"206503ATB","네오메드정,네오탐정,뉴라세탐정,뉴로메드정,뉴로피아정,뉴로핀정,뉴옥시탐정,메모린정,보령옥시라세탐정,브렌셀정"
"206504ATB","뉴로메드정400밀리그람,보령옥시라세탐정400밀리그람"
"206602ASY","카록스시럽,페브론시럽"
"207001ATB","동화디트로판정,오부틴정"
"207001ATR","라이리넬오로스서방정,라이리넬오로스서방정5밀리그람"
"207005ATR","라이리넬오로스서방정,라이리넬오로스서방정10밀리그람"
"207201ATB","셀트리온옥시메톨론정,한서옥시메톨론정"
"207502BIJ","옥시톤주사액,중외옥시토신주"
"207530BIJ","옥시톤주사액,중외옥시토신주5단위"
"207601ATB","오스테오정,헬스칼정"
"207801BIJ","네오탁스주,산도스파클리탁셀주 밀리리터,산도스파클리탁셀주밀리리터,안자탁스주,에베베파클리탁셀주 밀리리터,에베베파클리탁셀주밀리리터,유니탁셀주(파클리탁셀,인탁셀주,제넥솔주(파클리탁셀,제넥솔피엠주"
"207802BIJ","네오탁스주,산도스파클리탁셀주 밀리리터,산도스파클리탁셀주밀리리터,안자탁스주,에베베파클리탁셀주 밀리리터,에베베파클리탁셀주밀리리터,유니탁셀주(파클리탁셀,인탁셀주,제넥솔주(파클리탁셀,제넥솔피엠주100밀리그람"
"207803BIJ","산도스파클리탁셀주 밀리리터,산도스파클리탁셀주밀리리터,안자탁스주,에베베파클리탁셀주 밀리리터,에베베파클리탁셀주밀리리터,유니탁셀주(파클리탁셀,인탁셀주,팍셀주"
"207804BIJ","산도스파클리탁셀주 밀리리터,산도스파클리탁셀주밀리리터,안자탁스주,에베베파클리탁셀주 밀리리터,에베베파클리탁셀주밀리리터,인탁셀주,파덱솔주,팍셀주,화이자파클리탁셀주"
"207830BIJ","네오탁스주,산도스파클리탁셀주 밀리리터,산도스파클리탁셀주밀리리터,안자탁스주,유니탁셀주(파클리탁셀,인탁셀주,제넥솔주,제넥솔피엠주,탁솔주,파덱솔주"
"207831BIJ","네오탁스주,산도스파클리탁셀주 밀리리터,산도스파클리탁셀주밀리리터,안자탁스주,유니탁셀주(파클리탁셀,인탁셀주,제넥솔주,제넥솔피엠주100밀리그람,탁소팜주,파덱솔주"
"207832BIJ","안자탁스주,유니탁셀주(파클리탁셀,인탁셀주,탁소팜주,팍셀주"
"207835BIJ","안자탁스주,인탁셀주,파덱솔주,화이자파클리탁셀주"
"207902BIJ","파노린주사,파미론주사"
"207930BIJ","파노린주사,파미론주사"
"208101AGN","동인당파스과립(파라아미노살리실산칼슘,스카이파스칼슘과립"
"208131AGN","동인당파스과립,씨엠지파스칼슘과립"
"208201ACH","판제캅셀,판크레아제캅셀"
"208501ATB","아나제정,판가정"
"208801ATE","동구판토프라졸정,라이트판토프라졸정,익스트림정,토프라졸정,판타릴정,판터롤정,판테온정,판테졸정,판토라인정,판토라임정"
"208801BIJ","글로판토프라주,판타졸주사,판토라인주,판토라임주,판토록주사,판토메드주사,판토시드주사,판토졸주,판토프라주,펩타졸주사"
"208802ATE","동구판토프라졸정,라이트판토프라졸정,레고켐판토프라졸정20밀리그람,슈판토정,익스트림정,토프라졸정,판타릴정,판터롤정,판테온정,판테졸정20밀리그람"
"208901ATE","바이넥스판토프라정,토프라졸정20밀리그람,판토라졸정20밀리그람,판토록정,판토록정20밀리그람,판토메드정20밀리그람,판토졸정20밀리그람"
"208902ATE","바이넥스판토프라정,슈판토정,토프라졸정,판토록정,판토시드정,판토졸정40밀리그람,휴토졸정"
"209101ATB","슈넬파파베린정,청계파파베린정"
"209102BIJ","대원염산파파베린주사액,이연염산파파베린주사"
"209301ATB","세록세틴정,파로세닌정,파로자트정,파록스정,파마파록세틴정,한독세로자트정"
"209302ATB","산도스파록세틴정,세록세틴정,청계파록세틴정,파로세닌정,파로자트정,파록센정,파록스정,파마파록세틴정,파자틴정,팍세틸정"
"209304ATR","보령파록세틴서방정,에이자트씨알정,영진파록세틴씨알정,파로자트씨알정,파록스씨알정,파록실씨알정12.5밀리그람,팍세론틴서방정,팍세틸씨알정,팍실CR정"
"209305ATR","에이자트씨알정,파로자트씨알정,파록스씨알정,팍세론틴서방정"
"209501ATB","보람페플록사신정,페막스정(메탄설폰산페플록사신"
"209501BIJ","코러스메탄설폰산페플록사신주,페포신수액,프라록신주사"
"209602ATB","알레기살정5밀리그람,페미로살정"
"209603ATB","알레기살정10밀리그람,페미로살정"
"209630COS","산텐알레기살점안액,알레기살점안액"
"209631ASY","알레기살드라이시럽,페미로살건조시럽"
"209901ACH","알타민캡슐"
"209902ACH","알타민캡슐"
"210301BIJ","디비엘펜타미딘이세티오네이트주,디비엘펜타미딘이세티온산염주,화이자펜타미딘이세티온산염주300mg"
"210701ACH","게그론캡슐,엘미론캅셀,젤미론캡슐,펜폴캡슐"
"210802ATR","씨엠지펜톡시필린서방정,카펜탈서방정400밀리그람,트렌탈서방정400,페렌탈정(펜톡시필린,펜토웰서방정,펜톡신서방정,하린서방정"
"210830BIJ","메조톡실주,메조펜주"
"211301ATB","아서틸정4밀리그람,아서프릴정"
"211302ATB","아서틸정8밀리그람"
"211501BIJ","구주염산페치딘주,대원염산페치딘주사액,명문염산페치딘주사,비씨염산페치딘주사액,제일페티딘염산염주사액,하나염산페치딘주사"
"211502BIJ","구주염산페치딘주,제일페티딘염산염주사액,하나염산페치딘주사"
"211530BIJ","제일페티딘염산염주사액,하나염산페치딘주사"
"211531BIJ","대원염산페치딘주사액,명문염산페치딘주사,비씨염산페치딘주사액,제일페티딘염산염주사액,하나염산페치딘주사"
"211701ATB","대원페노바르비탈정,바이넥스페노바르비탈정,하나페노바르비탈정"
"211801BIJ","대한루미날주(주사용페노바르비탈나트륨,제일페노바르비탈주사액"
"211830BIJ","대원루미날주사액(주사용페노바르비탈나트륨,제일페노바르비탈주사액"
"211903COS","미드후린점안액,바쉬앤드롬염산페닐에프린점안액,비프린점안액"
"212101ATB","구루신정,그로신정,그로친정,디스파정,스파몰정(플로로글루신,젠스파정,프로시놀정(플로로글루신"
"212101ATL","디푸로날정,로스판정,스파민정,스판텍설하정,스판톨정,플론정,플루단정,플루신정,하이스판정,후로스판정"
"212102ALQ","플루단액,후로스판액"
"212103ATL","후로스판디정,후로팡설하정"
"212130ALQ","삼아로스판액,후로스판액"
"212301ATB","보령필로카르핀정,살라겐정,파마필로카르핀염산염정,필로겐정,현대필로카르핀정"
"212303COS","오큐카르핀점안액,이솝토카핀점안액"
"212330COS","오큐카르핀점안액 (필로카르핀염산염,오큐카르핀점안액(필로카르핀염산염"
"212332COS","이솝토카핀점안액"
"212402ATB","명인피모짓4밀리그람정,피모나정4밀리그람"
"212501ATB","동성피린정,디스텐정,일양디세텔정,트인텔정,핀베린정"
"213101BIJ","아코펙스주1그람,페라씰린주1그람(주사용피페라실린나트륨)수출명:삼씰린주1그람"
"213102BIJ","아코펙스주2그람,페라씰린주2그람,펜믹스피페라실린주사2그람"
"213201ATB","로와프락신정,페라신정,포피란정"
"213301BIJ","푸라콩주,후나콘주사액"
"213330BIJ","푸라콩주,후나콘주사액<피프린히드리네이트>,히스콘주"
"213403ACH","라세탐캡슐(피라세탐,서울피라세탐캡슐(피라세탐"
"213404BIJ","엔브레인주사,유세탐주"
"213405ATB","게리탐정,뉴트로필정,메디카피라세탐정800밀리그람"
"213601COS","가리유니점안액,유니카타점안액(피레녹신"
"213630COS","가리유니점안액,산텐가리유니점안액"
"213631COS","유니카타점안액(피레녹신"
"214001ACH","지엘피록시캄캡슐10밀리그램,한유피록시캄캅셀"
"214002BIJ","날시캄주사액(피록시캄,대한피록시캄주,대화피록시캄주,로감주사(피록시캄,로녹신주(피록시캄)PRIME PIROCAMInj.,로녹신주(피록시캄)PRIMEPIROCAMInj.,로시덴주(피록시캄,로탄주20밀리그람(피록시캄,마이팜피록시캄주,비씨피록시캄주사"
"214003CCM","로시덴겔(피로시캄,메가케토겔,종근당스킨겔,트러시캄겔,파인스겔"
"214005CPC","무르페패취,제놀그린패취,트라스트패취(피록시캄"
"214031BIJ","날시캄주사액(피록시캄,대한피록시캄주,대화피록시캄주,라이트피록시캄근육주사,로감주사,로녹신주(피록시캄)PRIME PIROCAMInj.,로녹신주(피록시캄)PRIMEPIROCAMInj.,로시덴주,솔루캄주사,신일피록시캄주사액"
"214033CCM","로시덴겔,메가케토겔,파인스겔"
"214035CCM","로시덴겔,메가케토겔,트라스트겔,파인스겔,피록스겔"
"214036CCM","메가케토겔,파인스겔"
"214101BIJ","뉴록시캄주,뉴벨주,대화피록시캄엘주,료마주,코라주,큐마주,티로캄주,포타캄주,폭시캄주,프로캄주"
"214102BIJ","대화피록시캄엘주,료마주,티로캄주,폭시캄주"
"214130BIJ","뉴벨주,대화피록시캄엘주,료마주,코라주,큐마주,티로캄주,피로브이주,피록캄주"
"214131BIJ","대화피록시캄엘주,료마주,티로캄주"
"214201ATB","코오롱브렉신20밀리그람정"
"214202ATB","로렉신정,로브렉스정,제로캄정,코오롱브렉신정"
"214501BIJ","라이콘주,랙스진주,하라쎈에이치주"
"214630AGN","아기오과립 차전자피(Ispaghula Husk : BP)],아기오과립차전자피(IspaghulaHusk:BP)]"
"214631AGN","아기오과립 차전자피(Ispaghula Husk : BP)],아기오과립차전자피(IspaghulaHusk:BP)]"
"214632AGN","아기오과립 차전자피(Ispaghula Husk : BP)],아기오과립차전자피(IspaghulaHusk:BP)]"
"215001ACH","헤모니아캡슐,헤모닐캡슐,헤모데이캡슐,헤모제닉캡슐,헤모톱캅셀"
"215301ACH","레스코캅셀,엔킬캅셀,케이켄캅셀,코포랑캅셀,코호렌캅셀"
"215401APD","싸이네프산,카리메트산,카리테이커산,카슈트산"
"215402AGN","엠피카로우과립,카리메트과립,카립트과립,카비엠과립,카슈트과립,카포네과립,폴리칼비엠과립"
"215402APD","비보존폴리스티렌산,싸이네프산,유유폴리스티렌설폰산칼슘산,카리메트산,카비엠산,카슈트산,케이슈머산,폴리칼비엠산"
"215402ASS","네스티칼현탁액,로포타현탁액,아가메이트현탁액,카슈웰현탁액,카슈트현탁액,휴온스카로스현탁액"
"215430ASS","네스티칼현탁액,로포타현탁액,아가메이트현탁액,유유폴리스티렌현탁액,카리드현탁액,카비엠현탁액,카슈웰현탁액,카슈트현탁액,카스카현탁액,케이로우현탁액"
"215501COS","루버리칸점안액,리퀴필름점안액"
"215803BIJ","대한염화칼륨 40,대한염화칼륨40,씨제이염화칼륨주,제일제약염화칼륨주사액,중외염화칼륨주사액,휴온스염화칼륨40주사액"
"215807BIJ","대한염화칼륨 20,대한염화칼륨20"
"216101COS","아이비돈점안액(포비돈,옵타젠트점안액,티어드롭점안액,티어롭점안액,포비론점안액,피아이점안액(포비돈,한국알콘프로타젠트점안액,한림포비돈점안액"
"216102COS","이소크린점안액,하이포티어스플러스점안액"
"216134COS","아이비돈점안액(포비돈,오큐비돈점안액,옵타젠트점안액,티어드롭점안액,피아이점안액(포비돈,한국알콘프로타젠트점안액,한림포비돈점안액"
"216135COS","오큐비돈점안액,티어드롭점안액,한림포비돈점안액"
"216136COS","이소크린점안액,하이포티어스플러스점안액"
"216201CDS","엔에스포비돈거즈,퍼시스트"
"216201CLQ","구미포비돈요오드액,동인당포비돈요오드액,베세틴액,베타딘액,성광포비딘,포타딘액,피아이액"
"216203CSP","지노베타딘질좌제,포타딘질좌약"
"216205CLQ","베타딘가글액,성광포비돈요오드액"
"216206CLQ","동인포비돈요오드세정액,베세틴스크럽세액,베타딘세정액,포비크린세정용,포타딘(세정용"
"216207CLQ","포비 진질세정액,포비진질세정액,포타로제액"
"216213CDS","엔에스포비돈거즈볼 대,엔에스포비돈거즈볼대"
"216214CDS","동인당포비돈스틱스왑,엔에스포비돈탈지면볼(대,큐앤큐포비돈거즈볼 중,큐앤큐포비돈거즈볼중,큐앤큐포비돈탈지면볼,큐앤큐포비돈탈지면볼(중"
"216215CDS","엔에스포비돈거즈볼 소,엔에스포비돈거즈볼소"
"216240CLQ","베타딘가글액,성광포비돈요오드액"
"216242CLQ","베타딘가글액,성광포비돈요오드액"
"216243CLQ","포비 진질세정액,포비진질세정액"
"216246CLQ","포비 진질세정액,포비진질세정액,포타로제액<포비돈요오드>"
"216247CLQ","포비 진질세정액,포비진질세정액,포타로제액<포비돈요오드>"
"216401ACH","오노딘캡슐,오논캡슐,오프란캡슐,프라뉴캡슐,프란루캡슐,프란스트캡슐,프란카캡슐,프란캡슐"
"216402ASY","씨투스건조시럽,오논드라이시럽"
"216408ATB","네오프란정,씨투스정,씨투원정,프란피드정,프리투스정"
"216430ASY","씨투스건조시럽,오논드라이시럽"
"216431ASY","씨투스건조시럽,오논드라이시럽"
"216432ASY","씨투스건조시럽,오논드라이시럽"
"216433ASY","씨투스건조시럽,오논드라이시럽"
"216502COS","루폭점안액,프라노아이점안액,프라노점안액,프라노푸린점안액,프로이펜점안액"
"216503ASY","데니콜시럽,코프란스시럽,쿠리시럽,키드펜시럽,파노스펜시럽,폰펜시럽,프라노펜시럽,프리펜시럽7.5밀리그람,피라노스시럽"
"216530COS","프라노아이점안액,프라노푸린점안액,프로이펜점안액"
"216534ASY","코프란스시럽,쿠리시럽,파노스펜시럽,프라노펜시럽"
"216535ASY","키드펜시럽,프리펜시럽7.5밀리그람,피라노스시럽"
"216601ATB","라바스타정,리포스탄정,리피스타정10밀리그람,메바로친정,메바틴정(프라바스타틴나트륨,스타프라정(프라바스타틴나트륨,파바틴정10밀리그람,프라바스타정(프라바스타틴나트륨,프라바트정,프라스탄정10밀리그람"
"216602ATB","메바로친정,보령프라바스타틴나트륨정,프라스탄정5밀리그람"
"216603ATB","뉴젠프라바스타틴정,라프라스정,리피스타정20밀리그람,메바로친정,보령프라바스타틴나트륨정,삼아프라반정20밀리그람,파바틴정20밀리그람,프라바스타정,프라바타딘정,프라스타정"
"216604ATB","뉴젠프라바스타틴정,라프라스정,리피스타정40밀리그람,메바로친정,보령프라바스타틴나트륨정40밀리그람,삼아프라반정40밀리그람,파바틴정40밀리그람,프라바스타정,프라바타딘정,프라스타정"
"216702ATB","디스토시드정(프라지콴텔)군납명:프라지콴텔정,태극프라지퀀텔정"
"216901CCM","더마키드크림,더마톱크림,더모탑크림,더모프레드크림,데르민크림,데모큐크림,베베킨크림,베스톱크림,베이드크림(프레드니카르베이트,보드미크림"
"216901CLQ","더마톱액,프레벨액,프리톱액"
"216901CLT","더마폴론로션,더미소론로션,락티케어제마지스로션,삼아리도스타로션,제마덤로션,카더마로션,프레드나로션,프레드린로션,프레에이로션,프레테엠로션"
"216901COM","더마톱연고,마타덤연고,티티베연고,프레벨연고,휴프레드연고"
"216931COM","티티베연고,프레벨연고"
"216932CCM","더마키드크림,더마톱크림,더모프레드크림,데모큐크림,실케이드크림,아토톱크림,에피톱크림,카더마크림,카르손크림,티티베크림"
"216932COM","더마톱연고,베이드연고,티티베연고,프레벨연고"
"216933CCM","더모프레드크림,데르민크림,데모큐크림,베베킨크림,베스톱크림,베이드크림(프레드니카르베이트,에피톱크림,프레드린크림,프레카크림"
"216933COM","베이드연고,프레벨연고"
"216935CCM","베이드크림(프레드니카르베이트,보드미크림,삼아리도스타크림,실케이드크림,카더마크림,카르손크림,프리베이트크림"
"216935CLT","더마폴론로션,더미소론로션,락티케어제마지스로션,부드니카로션,삼아리도스타로션,제마덤로션,제이프레드로션,카더마로션,프레드나로션,프레드린로션"
"216936CLQ","더마톱액,뷰티더마액,프레드나액,프레베이액,프레벨액,프레브이액,프레칼액"
"216939CCM","데르민크림,베스톱크림,프레아크림,프레톱크림"
"216939COM","베이드연고,프레벨연고"
"216943CLQ","뷰티더마액,프레드액,프레벨액,프리톱액"
"216945CLT","락티케어제마지스로션,베이드로션,부드니카로션,제마덤로션,프레드나로션,프레디원로션"
"216946CCM","더마키드크림,더모프레드크림,데르민크림,데모큐크림,보드미크림,실케이드크림,아토톱크림,에피톱크림,카르손크림,프레톱크림"
"216947CCM","더모탑크림,데르민크림,베베킨크림,베스톱크림,베이드크림(프레드니카르베이트,프레카크림,프레톱크림"
"216947CLT","부드니카로션,프레드나로션,프레디원로션"
"217001ATB","니소론정(프레드니솔론,대우프레드니솔론정,소론도정,코러스프레드니솔론정5밀리그람,파마프레드니솔론정"
"217003ASY","프레론현탁시럽,피알디현탁시럽"
"217034ASY","프레론현탁시럽,피알디현탁시럽"
"217102COS","오큐프레드점안액(프레드니솔론아세테이트,옵타란점안액,옵티론점안액"
"217103COS","프레드포르테점안액"
"217130COS","옵타란점안액,옵티론점안액"
"217131COS","포솔론점안액,프레드니론점안액,프레드에프점안액,프레드포르테점안액,프레아인점안액,프레테솔점안액"
"217132COS","옵티프레디점안액,포르텐점안액,포솔론점안액,프레드니론점안액,프레드루체점안액,프레드에프점안액,프레드포르테점안액,프레아인점안액,프레테솔점안액,프레트점안액"
"217136COS","프레드니론점안액,프레드에프점안액,프레테솔점안액"
"217137COS","프레드니론점안액,프레드에프점안액,프레테솔점안액"
"217138COS","프레드니론점안액,프레드에프점안액,프레테솔점안액"
"217139COS","포솔론점안액,프레드니론점안액,프레드에프점안액,프레테솔점안액"
"217302BIJ","한올솔루다코르틴주,한올솔루다코르틴주250밀리그람"
"217501CCM","메가소프크림,베로아크림,보송크림,삼아리도멕스크림,스몰크림,애니코트크림,페미코트크림"
"217531CCM","베로아크림,보송크림,삼아리도멕스크림,소르나크림,페미코트크림,푸레디크림"
"217532CCM","리도솔론크림,베로아크림,삼아리도멕스크림,소르나크림"
"217533CCM","삼아리도멕스크림,소르나크림,스몰크림,유라미크림"
"217534CCM","메가소프크림,소르나크림"
"217536CCM","리도솔론크림,베로아크림,보송크림,삼아리도멕스크림,소르나크림,페미코트크림"
"217537CCM","메가소프크림,베로아크림,소르나크림"
"217601ATB","콘락스정2밀리그람,푸락스정2밀리그람"
"217601BIJ","메디놀주사액,메시란주,세종프리디놀주,스켈신주사,신일라이젠주사액,완락스주사액,콘락스주사액,푸락스주,프라미날주사"
"217602ATB","스켈신정,푸락스정4밀리그람"
"217630BIJ","메디놀주사액,메시란주,스켈신주사,신일라이젠주사액,콘락스주사액,푸락스주,프라미날주사,프리메디주"
"217701ATB","말라프리정,비바퀸정,태준인산프리마퀸정"
"218202BIJ","대한프로카인주,명문프로카인주사"
"218230BIJ","대한프로카인주,명문프로카인주사"
"218302ATB","로테롤정50마이크로그람,메프친정"
"218401ATB","영프로마정,파로마정,파마프로시클리딘정,프로이머정"
"218601ACH","아노벤캅셀,프로타신캅셀,한올아푸록산캡슐"
"219201ATB","동광프로나제정,마로나제정,미프나제정,트로마제정,프로나겐정"
"219301ATE","나제로프정,네오젠프로정,동광프로나제비정,동화프로나제비정,디나제정,레오나제정,레피라제비정,로나제비정,로제신비정,명문프로나제 비정"
"219401BIJ","데노간주,데노간주(염산프로파세타몰)(수출명:진타몰주(Jintamol.inj.)레피곤주,파노간주,파세타주"
"219501ATB","리트모놈정,리트몰정,프로페논정"
"219502ATB","리트모놈정,리트몰정,프로페논정"
"219601COS","바슈롬염산푸로파라카인점안액,알카인점안액"
"219701ATB","비유피,유로나정,이연프로피베린정"
"219702ATB","글로베린정,넥스베린정,대웅바이오프로피베린정,디트루베린정,베아베린정,비유프로정,비유피,비프로베린정,비프로정,삼성프로피베린정"
"219801BIJ","비.브라운 프로포폴 리푸로주,비.브라운프로포폴리푸로주,비브라운프로포폴 리푸로주,비브라운프로포폴리푸로주,프레조폴엠시티주(프로포폴,프레조폴주(프로포폴,프로바이브주,프리폴 엠시티주,프리폴엠시티주"
"219802BIJ","뉴폴주사,아네폴주사,아네폴주사(프로포폴,아쿠아폴주,포폴주사(프로포폴,프로바이브주,프리폴 엠시티주,프리폴엠시티주"
"219803BIJ","디프리반주,비.브라운프로포폴 리푸로주,비.브라운프로포폴리푸로주,아네폴주사,아네폴주사(프로포폴,아쿠아폴주,포폴주사 (프로포폴,포폴주사(프로포폴,프레조폴엠시티주(프로포폴,프레조폴주(프로포폴"
"219804BIJ","뉴폴주사,디프리반피에프에스주,비.브라운 프로포폴 리푸로주,비.브라운프로포폴리푸로주,비브라운프로포폴 리푸로주,비브라운프로포폴리푸로주,아쿠아폴주,포폴주사(바이알,포폴주사(프로포폴,프레조폴엠시티주(프로포폴"
"219805BIJ","박스터프로포폴주사액,프로바이브주"
"219806BIJ","포폴주사(프로포폴,프레조폴엠시티주(프로포폴,프로바이브주,프리폴 엠시티주,프리폴엠시티주"
"219808BIJ","아네폴주사,프리폴 엠시티주,프리폴엠시티주"
"219831BIJ","아네폴주사,포폴주사(프로포폴,프리폴 엠시티주,프리폴엠시티주"
"219833BIJ","아네폴주사,포폴주사(프로포폴,프로바이브주,프리폴 엠시티주,프리폴엠시티주"
"219834BIJ","프레조폴엠시티주(프로포폴,프로바이브주,프리폴 엠시티주,프리폴엠시티주"
"219835BIJ","비.브라운프로포폴 리푸로주,비.브라운프로포폴리푸로주,아네폴주사,포폴주사(프로포폴,프레조폴엠시티주(프로포폴,프로바이브주,프리폴 엠시티주,프리폴엠시티주"
"219836BIJ","비.브라운 프로포폴 리푸로주,비.브라운프로포폴리푸로주,포폴주사(프로포폴,프레조폴엠시티주(프로포폴,프로바이브주,프리폴 엠시티주,프리폴엠시티주"
"219837BIJ","비.브라운 프로포폴 리푸로주,비.브라운프로포폴리푸로주,프로바이브주"
"219838BIJ","프레조폴엠시티주(프로포폴,프리폴 엠시티주,프리폴엠시티주"
"219904ATB","인데놀정,인데솔정,테프라정,프라놀정"
"220101ATB","삼남프로필치오우라실정,안티로이드정,한림프로필티오우라실정"
"220401ATB","구주프로티온아미드정125밀리그램,휴온스프로치온아미드정125밀리그람"
"220603BIJ","세레브렌주(주석산프로티렐린,쎄레닐주,프레린주사,프로렐린주"
"220630BIJ","세레브렌주,쎄레닐주,프레린주사"
"220902ATB","대우슈도에페드린염산염정60mg,슈다페드정,슈다펜정,슈페린정,신일슈도에페드린정,코슈정,파마염산슈도에페드린정"
"220903ALQ","슈다페드액,슈다펜액"
"221002APD","무시론산,무타실산(차전자피"
"221101ACH","로세타캡슐,로스타캅셀"
"221201ATB","유한피라진아미드정"
"221202ATB","유한피라진아미드정,코러스피라진아미드정"
"221401ATB","도스민정,메스티논정,피리놀정"
"221402BIJ","스그민주사(피리도스티그민브롬화물,이연브롬화피리도스티그민주사,피그민주사,피리놀주사,피리도민주"
"221430BIJ","스그민주사(피리도스티그민브롬화물,이연피리도스티그민브롬화물주사,피그민주사,피리놀주사,피리도민주"
"222101ATB","키누민정,환인키누프릴정"
"222201ATE","경보라베프라졸정,글로라베정,네오베트정,네오월드정,뉴라베정,뉴라벨정,뉴베라정,뉴베프라정,다림라베프라졸정,대웅라베프라졸정"
"222202ATE","경보라베프라졸정,글로라베정,네오베트정,네오월드정,뉴라베정,뉴라벨정,뉴베라정,뉴베프라정,다림라베프라졸정,대웅라베프라졸정"
"222203ATE","대웅라베프라졸정,라베스타정,파리에트정"
"222401ATB","라미프린정2.5밀리그람,라미필정,람피스타정,산도스라미프릴정2.5밀리그람,트리테이스정2.5밀리그람,하트프릴정"
"222402ATB","건일라미프릴정,뉴젠라미프릴정,라메릴정(라미프릴,라미릴정,라미텔정,라미트릴정,라미프린정5밀리그람,라미플정5밀리그람,람피스타정,산도스라미프릴정"
"222404ATB","라미프린정10밀리그람,트리테이스프로텍트정,트리프릴프로텍트정,하트프릴프로텍트정"
"222501BIJ","나제론주사액,나제론주사액(바이알,나제아주사액0.3밀리그람,라메아주사액,람세트주,이메스탑주"
"222601ATD","나제론오디정,나제아오디정,라메아구강붕해필름,람세트오디정,람트론오디정,이메스탑구강붕해정"
"222602ATB","이리보정2.5마이크로그램,이리스탑정2.5마이크로그램,이리콜정2.5마이크로그램,이리퀵정2.5마이크로그램"
"222603ATB","이리보정5마이크로그램,이리스탑정5마이크로그램,이리콜정5마이크로그램,이리퀵정5마이크로그램"
"222630BIJ","나제론주사액,나제론주사액(바이알,나제론프리필드시린지주,나제아주사액,나제아주사액0.3밀리그람,넥스트론프리필드주,라메아주사액,라모녹시프리필드주,라모비주(라모세트론염산염,라모셋프리필드주"
"222801ATB","가딘정(라니티딘염산염,가스티딘정,경보라니티딘정,광동라니티딘염산염정150밀리그램,네오티딘정,넬슨염산라니티딘정,라니돈정,라니메트정,라니빅정,라니센정"
"222802BIJ","라니탁주,란틴주100밀리그람,마루틴주사액,유란탁주100밀리그람,코러스염산라니티딘주100밀리그람,큐란주사100밀리그람"
"222803ATB","마이팜염산라니티딘정,보람염산라니티딘300밀리그람정,큐란정"
"222804BIJ","가딘주,동국염산라니티딘주사,라나시드,라니탁주,란틴주50밀리그람,비씨염산라니티딘50밀리그람주사,삼천당라니티딘주,신일라니티딘주사액(염산라니티딘,엘티딘주50밀리그람(염산라니티딘,유란탁주"
"222805ALQ","닥텔액,란티스액"
"222805ATB","가딘정,넬슨라니티딘염산염정75밀리그램,라니드정,라니딘정,라니빅정,라니킴정,라니티나정,라니티엠정,라닉스정,라디틴정"
"222830BIJ","가딘주,라나시드주,라니탁주,란틴주(라니티딘염산염,레스티딘주,비씨라니티딘염산염주사,삼성라니티딘주,삼천당라니티딘주,신일라니티딘주사액(라니티딘염산염,유란탁주"
"222831BIJ","란틴주100밀리그람,마루틴주사액,유란탁주,큐란주사"
"222901ATB","가바민정,가바민정(레바미피드,가스파민정,광동레바미피드정,국제레바미피드정,글로미피드정,네바민정,뉴바리드정,뉴바민정,뉴코타정"
"222902ATR","동광레바미피드서방정,레코미드서방정,무코스타서방정,무코텍트서방정,뮤코트라서방정,미피드서방정,비드레바서방정,비보레바서방정,알레바서방정,위피드서방정"
"222930COS","레바아이점안액,레바케이점안액"
"222931COS","레바아이점안액,레바케이점안액"
"223501BIJ","액티라제주사,액티라제주사20밀리그람"
"223502BIJ","액티라제주사,액티라제주사50밀리그람"
"223601ACH","대우리바비린캅셀,로바빈캡슐(리바비린,바이라미드캡슐,비라진캅셀,엘지리바비린캡슐100밀리그램"
"223604ACH","바이라미드캡슐,엘지리바비린캡슐200mg,중헌리바비린캡슐200밀리그램"
"223633ASY","바이라미드시럽(리바비린,트리비린시럽"
"223801BIJ","국제리보스타마이신황산염주,국제리보스타마이신황산염주1g,근화황산리보스타마이신주,동광리보스타마이신주1그람,동광리보스타마이신주1그램,리보스타주,리보스타주1그람,리보신주,리브타신주1그람,리스타신주1그람"
"223802BIJ","국제리보스타마이신황산염주,국제리보스타마이신황산염주500mg,근화황산리보스타마이신주,동광리보스타마이신주,리보신주,리브타신주500밀리그람,리오마이신주사,리오마이신주사0.5그람,비스타마이신500밀리그람,비스틴주500밀리그람"
"223830BIJ","리오마이신주사액,이연리보스타마이신주사액"
"223831BIJ","리오마이신주사액,이연리보스타마이신주사액"
"223901ACH","리팜핀캅셀150밀리그람,리포덱스캅셀,코러스리팜피신캅셀150밀리그람"
"223902ACH","리팜핀캅셀300밀리그람(리팜피신,코러스리팜피신캡슐"
"223903ATB","리포덱스정450밀리그람(리팜피신) 종근당리팜피신정450밀리그람,리포덱스정450밀리그람(리팜피신)종근당리팜피신정450밀리그람,코러스리팜피신정450밀리그람"
"223904ATB","리팜핀정600미리그람,리포덱스정600밀리그람(리팜피신) 종근당리팜피신정600밀리그람,리포덱스정600밀리그람(리팜피신)종근당리팜피신정600밀리그람,코러스리팜피신정600밀리그람"
"224001ATB","리루텍정,유리텍정"
"224201ATB","뉴리페돈정,리소페린정,리스달정,리스돈정,리스페달정,리스페달정1밀리그람,리스페돈정,리스페린정1밀리그람,리스페정,리스펜정1밀리그람"
"224201ATD","리스페달퀵릿정1밀리그람,리스펜오디정,리스피돈오디정"
"224202ATB","뉴리페돈정,리소페린정,리스달정,리스돈정(리스페리돈,리스페달정,리스페달정2밀리그람,리스페돈정,리스페린정,리스페정,리스펜정2밀리그람"
"224202ATD","리스페달퀵릿정2밀리그람,리스펜오디정,리스피돈오디정"
"224203ATB","리스달정,리스돈정,리스페달정,리스페달정3밀리그람,리스페정,리스펜정3밀리그람,리페넥스정,리페딘정,리페리달정,리페리돈정"
"224204ATB","리스달정,리스돈정,리스페달정,리스페달정0.5밀리그람,리스펜정0.5밀리그람,리페넥스정,리페리달정,리페리돈정,아이페리돈정,피엠에스리스페리돈정"
"224401ACH","노비르캅셀100밀리그람"
"224501ACH","넥티민캡슐,뉴셀론캡슐,동구리바스티그민타르타르산염캡슐1.5밀리그램,디멘리스캡슐,리바마인캡슐,리바미닌캡슐,리바센캡슐,리바셀론캡슐,리바스론캡슐,리바스톤캡슐"
"224503ACH","넥티민캡슐,뉴셀론캡슐,동구리바스티그민타르타르산염캡슐3밀리그램,디멘리스캡슐,리바마인캡슐,리바미닌캡슐,리바센캡슐,리바셀론캡슐,리바스론캡슐,리바스톤캡슐"
"224504ACH","동구리바스티그민타르타르산염캡슐4.5밀리그램,디멘리스캡슐,리바셀론캡슐,리바스톤캡슐,리셀톤캡슐,몬스티캡슐,비보존리바스티그민캡슐,삼성리바스티그민캡슐,신신리바스티그민캡슐,알보젠리바스티그민캡슐"
"224505ACH","동구리바스티그민타르타르산염캡슐6밀리그램,디멘리스캡슐,리바셀론캡슐,리바스톤캡슐,리셀톤캡슐,몬스티캡슐,비보존리바스티그민캡슐,삼성리바스티그민캡슐,신신리바스티그민캡슐,알보젠리바스티그민캡슐"
"224506CPC","디누보패취5,디멘큐어패취5,리그민패취5,리바그론패취5,리바그민패취5,리바덤패취5,리바론패취5,리바마인패취5,리바메론패취5,리바멘사패취5"
"224507CPC","디누보패취10,디멘큐어패취10,리그민패취10,리바그론패취10,리바그민패취10,리바덤패취10,리바론패취10,리바마인패취10,리바메론패취10,리바멘사패취10"
"224508CPC","리바그민패취15,리셀톤패취15,신신리바스티그민패취15,엑셀론패취15,엑셀리바패취15,원드론패취15"
"224701BIJ","로카론주,로큐니움주사,로큐론주,로큐메론주,로크니움주,에스메론주,카비로쿠로니움주,큐로니주"
"224702BIJ","동광로쿠로늄주,로메론주사,로카론주,로큐니움주사,로큐론주,로큐린주,로큐메론주,로크니움주,에스메론주,카비로쿠로니움주"
"224730BIJ","로카론주,로큐니움주사,로큐론주,로큐메론주,로크니움주,에스메론주,카비로쿠로니움주,큐로니주"
"224731BIJ","로니움주사,로메론주사,로카론주,로큐니움주사,로큐론주,로큐메론주,로크니움주,로크니움주(앰플,에스메론주,카비로쿠로니움주"
"224901ATB","뉴로큅정,뉴큅정,도파로핀정,도파프로정,로큅정,로킨스정,로피맥스정,리큅정,리키롤정,리피롤정"
"224902ATB","뉴로큅정,뉴큅정,도파로핀정,도파프로정,로큅정,로킨스정,로피맥스정,리큅정,리키롤정,리피롤정"
"224902ATR","로피리노서방정,로피맥스피디정,리큅피디정,리키롤피디정,파키놀피디정,현대로피니롤서방정"
"224903ATB","뉴로큅정,뉴큅정,도파로핀정,도파프로정,로큅정,로킨스정,로피맥스정,리큅정,리키롤정,리피롤정"
"224904ATB","로큅정,리큅정,파키놀정"
"224905ATR","로피리노서방정,로피맥스피디정,리큅피디정,리키롤피디정,파키놀피디정,현대로피니롤서방정"
"224906ATR","로피리노서방정,로피맥스피디정,리큅피디정,리키롤피디정,파키놀피디정,현대로피니롤서방정"
"225001BIJ","나로핀주사7.5밀리그람 밀리리터,나로핀주사7.5밀리그람밀리리터,나카인주사,로카인주사 mL,로카인주사mL,로카핀주 밀리리터,로카핀주밀리리터,로피바주사7.5밀리그람 밀리리터,로피바주사7.5밀리그람밀리리터,로피바칸주 밀리리터"
"225002BIJ","나로핀점적주사2밀리그람 밀리리터,나로핀점적주사2밀리그람밀리리터"
"225003BIJ","나로핀주사2밀리그람 밀리리터,나로핀주사2밀리그람밀리리터,나카인주사 mL,나카인주사mL,로카인주사 mL,로카인주사mL,로피바주사2밀리그람 밀리리터,로피바주사2밀리그람밀리리터,로피바칸주 밀리리터,로피바칸주밀리리터"
"225004BIJ","로피바칸주 밀리리터,로피바칸주밀리리터"
"225005BIJ","로피바칸주 밀리리터,로피바칸주밀리리터"
"225030BIJ","로피바칸주 밀리리터,로피바칸주밀리리터"
"225031BIJ","나로핀주사 밀리리터,나로핀주사밀리리터,로카인주사 mL,로카인주사mL,로피바주사2밀리그람 밀리리터,로피바주사2밀리그람밀리리터,카비로피바카인주사 밀리리터,카비로피바카인주사밀리리터"
"225032BIJ","로피바칸주 밀리리터,로피바칸주밀리리터"
"225033BIJ","나로핀주사 밀리리터,나로핀주사밀리리터,나카인주사,로카인주사 mL,로카인주사mL,로카핀주 밀리리터,로카핀주밀리리터,로피바인주사 mL,로피바인주사mL,로피바주사7.5밀리그람 밀리리터"
"225201ACR","가스트릭캡슐,로사딘서방캡슐75밀리그램,록사겐캡슐,록사렉스서방캡슐,록사렉스캡슐,록사린캡슐,록사틴서방캡슐,록산캅셀,록세트캡슐,록티딘캡슐"
"225201ATR","가스트릭서방정,록사겐서방정,록사렉스서방정,록사티린서방정"
"225202ACR","가스트릭캡슐,록사틴서방형캡슐,록산캅셀37.5밀리그람,록세트캡슐"
"225301ATB","글록신정,뉴록스마이신정,뉴록시정,동광록시트로마이신정,동구록시트로마이신정,동성록시트로마이신정,로마신정,로마윈정,로마이신정,로미록신정"
"225302AGN","로미타신과립,로시스과립,록미신과립,록시그란과립,록시마이신과립,록시키드과립,록신마이신과립,베리록시과립,소아용록시티로신과립,소아용록시틸과립"
"225302ATB","소아용록시틸정,소아용크라미드정50밀리그람"
"225333AGN","동구록시스로마이신과립,로미타신과립,록미신과립,록시그란과립,록시마이신과립,록신마이신과립,소아용록시티로신과립,소아용록시틸과립,스로진과립"
"225336AGN","록미신과립,록신마이신과립"
"225337AGN","로미타신과립,소아용록시틸과립"
"225401ACH","마이비오캡슐(사카로마이세스보울라디균,마이세스 에스캡슐,마이세스에스캡슐,비오플에스캡슐,올리비올에스캡슐,플로락캅셀"
"225402ACH","네오플캡슐,레나올,바이메드캡슐,비오플250캅셀,삭비오3에스캅셀,아나비올캡슐,올리비올"
"225402APD","비오플250산"
"225502CSI","벤토린에보할러,산도스살부타몰흡입제"
"225503ATB","벤토린정4밀리그람,부광살부타몰정"
"225508CSI","벤토린흡입액,살부톨흡입액"
"225531CSI","벤토린에보할러,산도스살부타몰흡입제"
"225532CSI","벤토린흡입액,살부톨흡입액"
"225701BIJ","칼소닌주,휴온스살카토닌주사"
"225703BIJ","건일살카토닌주,마야칼식주50"
"225710CSI","메노칼비강분무액,칼토닌비강분무액100아이.유"
"226101ATB","경동리피그렐정,노플라그정,논플라그정,뉴안플라즈정,뉴포그릴정,디플라그정,레이트정,메가사르포정,명문사르포그렐레이트염산염정100밀리그람,비나크린정"
"226103ATR","뉴포그릴SR정,뉴플라그서방정,리피그렐서방정,마사포서방정,메가사르포서방정,명문사르포그렐레이트염산염서방정300밀리그램,비나크린서방정,사그레트서방정,사그렐서방정,사렐SR정"
"226401ATB","마오비정,유멕스정"
"226801AGN","아치올장용성과립,유세라제과립"
"226801ATB","가르젠정10밀리그람(세라티오펩티다제,디펜스정,세라자임정10밀리그람,세티젠정10밀리그람(세라티오펩티다제,셀젠정10밀리그람수출명:SILNAZEN,셀타제정10밀리그람,쎄라젠정,아나폴테정,아리제정10밀리그람,에라티젠정10밀리그람"
"226802ATB","가르젠정,네오젠정,다나진정,다녹센정,단젠정,디오다젠정,사그린정,세라리벤정(세라티오펩티다제,세라자임정,세라치올정(세라치오펩티다제)수출명:CBIpromizenTab."
"226901CCM","더모픽스크림,부광더모픽스겔(질산세르타코나졸"
"227001ATB","산도스설트랄린정,설타린정,설트람정,셀트라정,영진설트랄린정,졸로푸트정50밀리그람,트라린정50밀리그람,파마설트랄린정,환인설트랄린정"
"227002ATB","산도스설트랄린정,설타린정,영진설트랄린정,졸로푸트정,트라린정,파마설트랄린정,환인설트랄린정"
"227003ATB","설타린정,영진설트랄린정,트라린정,파마설트랄린정,환인설트랄린정"
"227101BIJ","녹십자 알부민주,녹십자 알부민주(사람혈청알부민)[수출명: 볼루민 알부맥스 케이지씨씨 알부미나 지씨피디알부민주 바바이오텍 알부민 알부셀 휴먼알부민아이피 이피 알부민주 지씨씨 알부미나 세리카 휴마나 솔루시옹 인엑터블 알부민 지씨씨 알부벳 휴민 20 알부렌],녹십자알부민주,녹십자알부민주(사람혈청알부민)[수출명:볼루민알부맥스케이지씨씨알부미나지씨피디알부민주바바이오텍알부민알부셀휴먼알부민아이피이피알부민주지씨씨알부미나세리카휴마나솔루시옹인엑터블알부민지씨씨알부벳휴민20알부렌],에스케이알부민주"
"227102BIJ","녹십자 알부민주,녹십자알부민주,에스케이알부민주"
"227103BIJ","녹십자 알부민주,녹십자알부민주,에스케이알부민주"
"227104BIJ","녹십자 알부민주,녹십자 알부민주(사람혈청알부민)[수출명: 볼루민 알부맥스 케이지씨씨 알부미나 지씨피디알부민주 바바이오텍 알부민 알부셀 휴먼알부민아이피 이피 알부민주 지씨씨 알부미나 세리카 휴마나 솔루시옹 인엑터블 알부민 지씨씨 알부벳 휴민 20 알부렌],녹십자알부민주,녹십자알부민주(사람혈청알부민)[수출명:볼루민알부맥스케이지씨씨알부미나지씨피디알부민주바바이오텍알부민알부셀휴먼알부민아이피이피알부민주지씨씨알부미나세리카휴마나솔루시옹인엑터블알부민지씨씨알부벳휴민20알부렌],에스케이알부민주"
"227301CLQ","박스터세보플루란흡입액,세보레인흡입액,세보프란흡입액,세보프레인흡입액,써전흡입액"
"227330CLQ","박스터세보플루란흡입액,세보레인흡입액,세보프란흡입액,세보프레인흡입액,써전흡입액"
"227401CCM","실마진크림,실버진크림,일바돈크림,쿨번크림"
"227430CCM","실마진크림,실버진크림"
"227433CCM","실마진크림,실버돈크림"
"227601ATB","바리겐정,시말드론정,시말탄정,알막틴정,울틴정"
"227701ASS","가소콜액,가스큐액,가스탁액,가싹액,메소콜액,엔도콜액,엔디현탁액,제로프리액,파마시메티콘액"
"227730ASS","가소콜액,가스콘액,가스탁액,가스트리액,가싹액,내시콜액,라이트콜액,메소콜액,엔도콜액,엔디현탁액"
"227731ASS","가소콜액,가스큐액,가스트리액,메소콜액,엔디현탁액,파마시메티콘액"
"227735ASS","가스앤드액,가스큐액"
"227801ATB","글로심바스타틴정20밀리그램,뉴바스틴정,뉴심바드정,다나젠심바스타틴정20mg,대웅심바스타틴정20밀리그람,동성심바스타틴정,로엘디정(심바스타틴,로코정20밀리그람,리바스타틴정,리페코정(심바스타틴"
"227802ATB","대웅심바스타틴정40밀리그람,로코정40밀리그람,시스타정,심바로드정,심바스타정,심바스트정,심바스틴정,심바타정,심바트정40밀리그람,심바틴정40밀리그람"
"227803ATB","심바스정10밀리그람,심바틴정10밀리그람,한올심바스타틴정10밀리그람"
"227903BIJ","사이소민주,엑소마이신75밀리그램주사"
"227931BIJ","사이소민주,엑소마이신75밀리그램주사"
"228101BIJ","소니피란주,시소피란주"
"228201ACH","소부날캅셀,소불캅셀,솔비놀캅셀,지엘소브레롤캡슐,후루테날캡슐"
"228202ACH","보넥실캅셀,소롤200밀리그람캅셀,소롤캅셀,소부날캡슐,소브렌캡슐,솔비놀캅셀200밀리그람,신일소브레롤캡슐200밀리그램"
"228203ASY","메피롤 에스시럽,메피롤에스시럽,보넥실시럽,후루테날시럽"
"228230ASY","메피롤 에스시럽,메피롤에스시럽"
"228231ASY","메피롤 에스시럽,메피롤에스시럽"
"228232ASY","메피롤 에스시럽,메피롤에스시럽"
"228233ASY","메피롤 에스시럽,메피롤에스시럽"
"228234ASY","메피롤 에스시럽,메피롤에스시럽"
"228235ASY","메피롤 에스시럽,메피롤에스시럽"
"228301ATB","마빌정10밀리그람(알렌드론산나트륨,아렌드정,오스정,포사맥스정"
"228302ATB","마빌정5밀리그람,아렌드정"
"228303ATB","건일알렌드론산나트륨정70밀리그람,뉴맥스정70밀리그람,뉴센드로정,뉴젠알렌드론정70밀리그람(알렌드론산나트륨,대웅알렌드로네이트정,대웅알렌드로네이트정(알렌드론산나트륨,라이트알렌드론정,마렌드정70밀리그람,맬로필정,모맥스정"
"228502BIJ","대원탄산수소나트륨주사액,대한탄산수소나트륨주,제일탄산수소나트륨주사액,중외탄산수소나트륨주,휴온스탄산수소나트륨주사액"
"228503BIS","디에취덱스2호액,보령헤모시스지B액,헤모비덱스2호액"
"228504BIS","디아카트산,바이오캅지,바이카트산,버마카트,비백산,솔카트비산,에이치디비산"
"228505BIS","보령헤모시스비액,보령헤모시스에이액,아트스톤비액,에취디졸 비씨지액,에취디졸비씨지액,헤모리솔비액"
"228506BIS","보령헤모시스비액,보령헤모시스에이액,아트스톤비액,에이에취디액1호,에취디졸 비씨액,에취디졸비씨액,에취디졸비액,헤모리솔비액,헤모트레이트비2호"
"228509BIS","에이에취디액1호,헤모트레이트비2호"
"228513BIS","니드비산,다이아솔리드비산,에프비산,헤모다이아비산"
"228515BIS","바이드라이산(탄산수소나트륨,바이오캅지"
"228522BIS","키도림티30산"
"228524BIS","보령헤모시스지B액,헤모비덱스2호액"
"228526BIS","보령헤모시스비액,보령헤모시스에이액,헤모트레이트비2호"
"228531BIS","다이아솔리드비산,다이아시스비산,씨디에스비산,씨엠피비산,헤모다이아비산"
"228601COS","원타임프레쉬점안액,테라티어스에이티에프점안액"
"228602COS","디알프레쉬점안액,리프레쉬플러스점안액,원스아이점안액,인프레쉬플러스점안액"
"228604COS","눈앤점안액,디알프레쉬점안액,리프레쉬셀루비스크점안액,맥스클리어점안액,베아프레쉬점안액,원스아이점안액,인프레쉬플러스점안액,쿨프리점안액,하이아이프레쉬점안액"
"228606COS","눈앤점안액,디알클리어점안액,리프레쉬티어즈점안액,맥스프레쉬점안액,원타임프레쉬에프점안액,하이아이프레쉬점안액"
"228609COS","눈앤점안액,원타임프레쉬점안액"
"228612COS","디알클리어점안액,디알프레쉬점안액,아이피스점안액"
"228632COS","디알클리어점안액,디알프레쉬점안액,라이트프레쉬점안액,리프레쉬플러스점안액,원스아이점안액,원타임프레쉬점안액,인프레쉬플러스점안액,카르셀엠점안액,클레어점안액,티어맥스점안액"
"228633COS","눈앤점안액,디알클리어점안액,디알프레쉬점안액,라이트프레쉬점안액,룩스씨엠씨점안액,맥스클리어점안액,씨스타점안액,아이톡씨엠씨점안액,아이투오미니점안액,원타임프레쉬점안액"
"228636COS","눈앤점안액,디알프레쉬점안액,맥스클리어점안액,베아프레쉬점안액,원스아이점안액,인프레쉬플러스점안액,하이아이프레쉬점안액"
"228639COS","디알클리어점안액,디알프레쉬점안액,룩스씨엠씨점안액,아이피스점안액"
"228643COS","디알클리어점안액,리프레쉬티어즈점안액"
"228646COS","디알클리어점안액,디알프레쉬점안액,라이트프레쉬점안액,맥스클리어점안액,원타임프레쉬점안액"
"228647COS","라이트프레쉬점안액,원타임프레쉬점안액,인프레쉬플러스점안액"
"228648COS","누네프레쉬점안액,맥스클리어점안액,모이스타씨엠씨점안액,셀론점안액,씨엠씨프리점안액,씨엠지룩스플러스점안액,오큐시스모이스처점안액,원스아이점안액,원프레쉬점안액,카보아이점안액"
"228650COS","디알프레쉬점안액,라이트프레쉬점안액,씨스타점안액,원타임프레쉬점안액,카르셀엠점안액"
"228651COS","디알클리어점안액,디알프레쉬에프점안액,라이트프레쉬점안액,씨스타포르테점안액,아이엠씨점안액,아이톡씨엠씨점안액,에이프레쉬점안액,원타임프레쉬에프점안액,카복텔라점안액,휴프레쉬점안액"
"228701BIJ","대한염화나트륨액,중외염화나트륨주사액"
"228703BIJ","대한염화나트륨 40주사액,대한염화나트륨40주사액,제일제약염화나트륨주사액,중외염화나트륨주사액,휴온스염화나트륨40주사액"
"228704CIS","대한관류용멸균생리식염수,크린조"
"228707BIJ","대한염화나트륨주,비브라운염화나트륨주사액,중외염화나트륨주사액"
"228708BIJ","대한생리식염주사액,생리식염주사액,제일생리식염주사액,중외생리식염주사액,휴니즈생리식염주사액"
"228709BIJ","대한염화나트륨주,씨제이생리식염주사액,이노엔생리식염주사액,중외염화나트륨주사액"
"228710BIJ","대한멸균생리식염수,생리식염키트주사,씨제이생리식염주사액,유케이케미팜생리식염주사액,이노엔생리식염주사액,제뉴원생리식염주사액,중외생리식염주사액,중외엔에스주사액,팜비오생리식염주사액"
"228711BIJ","대한멸균생리식염수,비브라운생리식염주사액,생리식염키트주사,씨제이생리식염주사액,유케이케미팜생리식염주사액,이노엔생리식염주사액,제뉴원생리식염주사액,중외생리식염주사액,중외엔에스주사액,팜비오생리식염주사액"
"228712BIJ","대한멸균생리식염수,중외생리식염주사액"
"228713BIJ","대한멸균생리식염수,비브라운생리식염주사액,씨제이생리식염주사액,이노엔생리식염주사액,중외생리식염주사액,중외엔에스주사액"
"228714BIJ","대한멸균생리식염수,비브라운생리식염주사액,씨제이생리식염주사액,이노엔생리식염주사액,중외생리식염주사액,중외엔에스주사액"
"228715BIJ","대한멸균생리식염수,씨제이생리식염관주액,이노엔생리식염관주액,중외생리식염주사액,중외엔에스주사액"
"228724COS","뮤로128점안액,티어솔트점안액"
"228726BIJ","대한멸균생리식염수,씨제이생리식염주사액,이노엔생리식염주사액,중외엔에스주사액"
"228736BIJ","생리식염주사액,휴니즈생리식염주사액"
"228742COS","뮤로128점안액,티어솔트점안액"
"228744CIS","대한관류용멸균생리식염수,크린조"
"228802COS","비비드린점안액,스타다글리신점안액,아이크롬점안액,알레크롬점안액,크로마박점안액,크로모닌점안액,크리벤트점안액,클레신점안액"
"228807COS","크로롬점안액,클레신점안액"
"228808COS","싱글크로모점안액,크로케이트점안액"
"228834COS","아이크롬점안액,알레크롬점안액,크로모닌점안액,크로모엠점안액,크로투점안액,크리벤트점안액,클레신점안액"
"228835COS","알레크롬점안액,크로린점안액"
"228838COS","비비드린점안액,크로마박점안액"
"228902ACH","레디라인캡슐(글루콘산제이철나트륨착염,산타몬캡슐,페리오친캡슐,헤모골드에스캡슐,헤모포르테캡슐,훼리탑캡슐"
"229102COM","네오시덤연고,바린연고,발라드연고,삼익퓨시드산나트륨연고,스케어연고,파라손연고,푸시덤연고,한국웨일즈퓨시드산나트륨연고,후라신연고(푸시딘산나트륨,후마신연고(푸시딘산나트륨"
"229201BIJ","아라간주(히알루론산나트륨,아트리주,에이론주,유닐론디스포주(히알우론산나트륨)(프리필드,코러스히알우론산나트륨주,하비스코주사(히알우론산나트륨,하이알주,하이히알주(히알루론산나트륨,하일론주,히나루본주(히알루론산나트륨"
"229202COS","바이오론주,비디오브이디주,옵탈린주"
"229203COS","마이크로비스크플러스주,비디비스크주,하이비스크플러스(히알루론산나트륨)주사제,힐론지브이주"
"229205COS","글로히알우론산나트륨점안액,라이트히알점안액,라큐아점안액,리블리스점안액,베아레인점안액,비비알점안액,아루엔점안액,아이레인점안액,아이히알점안액,아일리점안액"
"229211COS","마이크로비스크주,비스코냘주,카코마주,프로비스크주,하이비스크주사제,히알2000주,히알루주사,힐론주"
"229213COS","겔백플러스주,옵탈린플러스주,하이아이주"
"229217COS","바이오론프라임주,쉘겔주"
"229218COS","아일리점안액,카이닉스점안액,큐알론점안액,티어린프리점안액,프로산점안액,히알루미니점안액,히알룩스미니점안액,히알산점안액(히알루론산나트륨,히알큐점안액"
"229219COS","카코마주,히알2000주"
"229220COS","국제히알우론산아이주,유니알주15밀리그람(히알우론산나트륨,하이아이주,하이힐룬주,히알루주사,히알프로텍주(히알우론산나트륨,히알플러스주"
"229224COS","국제히알우론산아이주,메가크롬주"
"229228BIJ","네오히알주(히알루론산나트륨,류마플러스주(히알우론산나트륨,마이알주,본하이알플러스주,비엠히알주(프리필드,아라간플러스주(히알우론산나트륨,아트리플러스주(프리필드,에이론플러스주(히알우론산나트륨,유니히알주(프리필드,조이론포르테주(프리필드"
"229233COS","유니알주15밀리그람(히알우론산나트륨,히알플러스주"
"229235COS","유니알디스포점안액,히알루미니점안액"
"229236COS","제노벨라0.3에스디점안액,카이닉스2점안액,히알루드롭점안액"
"229240COS","카이닉스2점안액,히알루미니점안액"
"229245COS","라이트히알미니점안액,아일리점안액,유니알디스포점안액,티어린프리점안액,하메론점안액,하일렌점안액,히아렌프리점안액,히알루미니점안액,히알유니점안액"
"229246COS","카이닉스3점안액,프로산점안액,히알유니점안액"
"229247COS","뉴히알드롭점안액,프로산점안액,히아박점안액"
"229251COS","베아레인프리점안액,아이누리점안액,티어린에스점안액,하메론 에스점안액,하메론에스점안액"
"229252COS","히알플러스주(히알우론산나트륨"
"229254COS","하메론피점안액,히아레인0.3점안액,히알유니드롭하이도즈점안액"
"229255COS","뉴히알유니점안액,큐알론점안액,프로산점안액"
"229256COS","아이누리점안액,제노벨라0.3에스디점안액,큐알론점안액,티어린에프점안액,히알루미니점안액"
"229259COS","큐알론점안액,히알룩스점안액"
"229261COS","아이히알점안액,유니알디스포점안액"
"229601ATB","건일티아넵틴정,넵틴정,디프론정,바이넥스티아넵틴정,스타넵틴정,스타보린정,스타브론정,스티론정,스티아론정,아주브론정"
"229701BIJ","발폰주,발프신주,오르필주사액,올트릴앰플주사액"
"229702BIJ","발폰주,발프신주,오르필주사액,올트릴앰플주사액"
"229703ATB","에필람정,올트릴정200밀리그람,팔포란정200밀리그람"
"229704BIJ","데파킨정맥주사,레브발주사,바로인주사,에필람주,올트릴주(발프로산나트륨"
"229705ATB","발폰정,올트릴정"
"229705ATR","데파킨크로노정300밀리그램,바렙톨서방정,오르필서방정"
"229730BIJ","오르필주사액,올트릴앰플주사액"
"229731BIJ","발폰주,오르필주사액,올트릴앰플주사액"
"229801ACH","소콘캡슐,소파콤캡슐,소포롱캡슐,소화콘캡슐,쏘나틴캡슐,쏘린캡슐,쏘콜롱캡슐,쏠콘캡슐,유유쏘롱캅셀"
"230101BIJ","지에이치알에이치페링"
"230202BIJ","소마토린주,소마토산주,스틸라민주,에탁센주,페링소마토스타틴3mg주사"
"230402ATB","렌티블록,소타론정"
"230501BIJ","리포피드주사,리피션주,인트라리포즈주"
"230502BIJ","리포피드주사,이블립주사(정제대두유,인트라리포즈주"
"230503BIJ","리포피드주사,리피드엘씨티주,리피션주,인트라리포즈주,인트라리피드주"
"230504BIJ","리포피드주사,리피드엘씨티주,리피션주,이블립주사(정제대두유,인트라리포즈주,인트라리피드주"
"230701ATB","스파라정100밀리그람,스파신정"
"230801BIJ","국제스펙티노마이신염산염수화물주,신풍스펙티노마이신주(염산스펙티노마이신"
"231101ATB","구주스피로닥톤정,알닥톤필름코팅정25밀리그람"
"231701ATB","비오알정,이알정"
"231802ACH","벤투룩스30mg캡슐,세르비아캅셀,세르비아캡슐"
"232101BIJ","종근당황산스트렙토마이신주"
"232301ASS","슈트라현탁액(수크랄페이트수화물,아루사루민액"
"232502BIJ","수펜탈주사50마이크로그람 밀리리터,수펜탈주사50마이크로그람밀리리터,하나수펜타닐주사50마이크로그람 밀리그람,하나수펜타닐주사50마이크로그람밀리그람"
"232503BIJ","수펜탈주사50마이크로그람 밀리리터,수펜탈주사50마이크로그람밀리리터,하나수펜타닐주사50마이크로그람 밀리그람,하나수펜타닐주사50마이크로그람밀리그람"
"232530BIJ","수펜탈주사50마이크로그람 밀리리터,수펜탈주사50마이크로그람밀리리터"
"232531BIJ","수펜탈주사50마이크로그람 밀리리터,수펜탈주사50마이크로그람밀리리터"
"232801ATE","사라조피린EN정,사조핀정(설파살라진,살라진정,살루딘정,조피린장용정"
"233201ATB","임바론정,크리돌정100밀리그람"
"233401ATB","곰마틸200밀리그람정,막틸정200밀리그람,설피딘정(설피리드)수출명:피리덴정,엠피딜엠정,태극설피리드정"
"233402ACH","막틸캅셀,엠피딜캡슐"
"233501BIJ","나라돌바이알주500,나라돌주500"
"233701ATB","미실린정,유나신정,토실린정"
"233802ATB","마이그란정,수마트란정,슈그란정,이미그란정,한화수마트립탄정"
"233803ATB","마이그란정,수마트란정25밀리그람"
"234004BIJ","석시콜린주 mL(염화석사메토늄,석시콜린주mL(염화석사메토늄"
"234005BIJ","석시콜린주 mL(염화석사메토늄,석시콜린주mL(염화석사메토늄"
"234030BIJ","석시콜린주 mL(염화석사메토늄,석시콜린주mL(염화석사메토늄"
"234031BIJ","석시콜린주 mL(염화석사메토늄,석시콜린주mL(염화석사메토늄"
"234201ACH","뉴로미스캡슐,유니로리캡슐,타르신캡슐,타리무스캡슐,타크로리캡슐,타크로벨캡슐,타크로스캡슐,타클로캡슐,프로그랍캅셀0.5밀리그람"
"234202BIJ","타크로벨주,프로그랍주사액5밀리그람"
"234203ACH","뉴로미스캡슐,셀로그라캡슐,유니로리캡슐,타그랍캡슐,타르신캡슐,타리무스캡슐,타크로리캡슐,타크로민캡슐,타크로벨캡슐,타크로스캡슐"
"234205ACR","아드바그랍서방캡슐,타크로벨서방캡슐"
"234206ACR","아드바그랍서방캡슐,타크로벨서방캡슐"
"234207ACR","아드바그랍서방캡슐,타크로벨서방캡슐"
"234230BIJ","타크로벨주,프로그랍주사액5밀리그람"
"234401ATB","광동타리풀정,니후루겐정,돌펜정,돌펜정(탈니플루메이트,리메이트정,메이트정,바이넥스탈니플루메이트정,베아겐정,삼성탈니플루메이트정,소말겐정"
"234501ATB","광동타목시펜정,놀바덱스정,대우타목시펜정10밀리그람,목사펜정,타모렉스정(구연산타목시펜,타모프렉스정,타모프렉스정10밀리그람,타목센정"
"234502ATB","광동타목시펜정,놀바덱스디정,목사펜정20밀리그람,타모프렉스정,타모프렉스정20밀리그람,타목센정"
"234601ACR","네오로신캡슐,다나탐스서방캡슐,동광탐스로신서방캡슐,동성탐스로신캡슐,러츠날캡슐,바이넥스탐스로신염산염캡슐,베아로신서방캡슐,보령탐스로신염산염캡슐0.2밀리그람,수로신캡슐,스카로신캡슐"
"234601ATD","수로신디정,하루날디정0.2밀리그람,하루로신디정,하루론디구강붕해정,한미탐스오디정"
"234601ATR","넬슨탐스로신서방정0.2밀리그람,데이탐스서방정,동광탐스로신서방정,러츠날서방정,바이넥스탐스로신염산염서방정,베아로신서방정,비보존탐스로신서방정,삼성탐스로신서방정,삼천당탐스로신서방정,시워날서방정"
"234603ACR","다나탐스서방캡슐,동광탐스로신서방캡슐,베아로신서방캡슐,알루날서방캡슐,유타날서방캡슐,케이탐스서방캡슐,큐미날서방캡슐,타루날서방캡슐,타미날서방캡슐,타임알서방캡슐"
"234603ATR","더블탐스서방정,데이탐스서방정,동광탐스로신서방정,러츠날서방정,바이넥스탐스로신염산염서방정0.4밀리그램,베아로신서방정,보령탐스로신염산염서방정0.4밀리그램,삼성탐스로신서방정,씨트로신서방정,알루날서방정"
"234901BIJ","타고시드주200밀리그람,타고신주,타고실린주(타이코플라닌,타고실린주(테이코플라닌,타이라닌주,타이코닌주200밀리그람,타이코신주,타이콘주사,타포신주,테이코신주"
"234902BIJ","타이코닌주,타이코닌주400밀리그람,타이콘주사,타포신주,테이코신주,테이코신주400밀리그람"
"235301ATB","넥스팜테녹시캄정10밀리그람,테노캄정10밀리그람"
"235401ACH","가스테논캅셀,다이믹센캅셀,셀벡스캡슐,씨제이셀벡스캡슐,영일테프레논캡슐,위드캡슐,타파란캡슐,테나시드캡슐,테논캅셀"
"235501ATB","아나펜정,유니트린정,일양하이트린정"
"235502ATB","네오트린정,뉴라조신정,바소조신정2밀리그람,비판티정,산테신정,삼성테라민정,안국테라조신염산염정2밀리그램,오스코신정,유니트린정,유로트린정(테라조신염산염수화물)수출명:테라넥스정"
"235503ATB","오트린정,일양하이트린정5밀리그람,테라엘정,테라지트정,트라조신정"
"235601ATB","라미틴정,우리염산테르비나핀정,일양바이오염산테르비나핀정,테비실정,텔비나정,티비엔정"
"235603CCM","나무졸겔,라미실덤겔,로나실덤겔,무라졸덤겔,발무드겔,베라핀겔,터나빈겔,테나반겔,테르나핀겔,테르미나겔"
"235630CCM","로나실덤겔,무라졸덤겔,발무드겔,타나실크림,터나빈겔,테나반겔,테르나핀겔,테르미나겔,테르졸겔"
"235631CCM","무라졸덤겔,발무드겔,타나실크림"
"235632CCM","무라졸덤겔,테르졸겔"
"235701CCM","나니실크림,나르비크림,나무졸크림,나미진크림,나토실크림,데나실크림,라니텐크림,라미렉스크림(염산테르비나핀,라미실크림,라미핀크림"
"235701CLQ","뉴팡외용액,라미실외용액,로실액,무라졸외용액,무조날외용액,미카실외용액,센토스외용액"
"235730CCM","라미렉스크림(테르비나핀염산염,라비나크림(테르비나핀염산염,무조날크림,쎈다실크림,오테놀크림,터비나크림,테르핀크림(테르비나핀염산염"
"235731CCM","나니실크림,나르비크림,나무졸크림,나미진크림,데나실크림,라니텐크림,라미실크림,라미핀크림,라비나크림(테르비나핀염산염,라비진크림"
"235733CCM","나니실크림,나미진크림,데나실크림,라미렉스크림(테르비나핀염산염,로실크림,무디스크림,무라졸크림,무조나크림,무조날크림,발무드크림"
"235734CCM","데나실크림,무라졸크림"
"235735CCM","라미실크림,라미핀크림,라비나크림(테르비나핀염산염,라비진크림,로실크림,무디스크림,무라졸크림,무조나크림,무조날크림,바레겐크림"
"235736CLQ","라미실외용액,로실액,무라졸외용액,무조날외용액,미카실외용액,터미졸외용액"
"235744CCM","나미진크림,라비나크림(테르비나핀염산염,라비진크림,로실크림,리메신크림(염산테르비나핀,바레겐크림,세리나크림,센토스크림,테르핀크림(테르비나핀염산염"
"235745CCM","나니실크림,쎈다실크림,터비나크림,티니실크림"
"235747ATB","나무졸정,나토실정,데미실정,동성테르비나핀정,라니텐정,라모난정,라미가드정,라미나핀정,라미실정,라미틴정"
"236001BIJ","글라이프레신1밀리그람,레메스팁1.0주사액,테리핀에스주,테리핀주,헤모푸레신주"
"236003BIJ","글라이프레신1밀리그람,테리핀주"
"236030BIJ","레메스팁1.0주사액,테리핀에스주"
"236301ACS","안드리올테스토캡스연질캡슐"
"237002ACR","데오크레캅셀130밀리그람,데오크레캡슐"
"237003ACR","보령오스틴서방캅셀,테올란비서방캡슐"
"237003ASY","그린테오필린건조시럽,데오크레건조시럽,데오펜건조시럽,데올론건조시럽,데필린건조시럽,브론코딜건조시럽,아나브론건조시럽,에어필린건조시럽,원필린건조시럽,테오란건조시럽"
"237031ASY","데오크레건조시럽,브론코딜건조시럽,테오란건조시럽,테오민건조시럽,테오크라 건조시럽,테오크라건조시럽"
"237701ACH","무코나캡슐,무코릴캡슐"
"237801BIJ","뉴타시드주,리포익주,부광치옥타시드주"
"237830BIJ","뉴로패시드주,부광치옥타시드주"
"238401ASY","로이콘시럽"
"238402ACH","디펜돌캡슐(치모모둘린,모두린캅셀,비트로캅셀"
"239001ATB","라비론정,리볼론정,리브론정,리브온정,리비알정,리비엠정,티보리시정,티볼란정,티브린정,티비올정"
"239201ATB","유유크리드정,코러스염산티클로피딘정100밀리그람,티날핀정100밀리그람,티클로돈정,하원티클로피딘정100m밀리그람"
"239202ATB","신풍티클로피딘정,알보젠티클로피딘염산염250밀리그램정,유유크리드정,크로딘정,타크론정250밀리그람,티날핀정250밀리그람,티크린정(염산티클로피딘,티클로돈정,포스딘정,하원티클로피딘정250밀리그람"
"239601COS","리스몬티지점안액,티모프틱0.25점안액,티모프틱엑스이점안액"
"239602COS","리스몬티지점안액,바슈롬말레인산티몰롤점안액,티마박점안액,티모레트점안액,티모베타롤엘에이점안액,티모프틱엑스이점안액,티모프틱점안액,티몰렌점안액"
"239632COS","리스몬티지점안액,티모프틱엑스이점안액"
"239633COS","리스몬티지점안액,티모프틱점안액"
"239634COS","리스몬티지점안액,티모프틱엑스이점안액"
"239636COS","리스몬티지점안액,티마박점안액,티모프틱점안액"
"239801ATB","코러스티니다졸정,티니다진정"
"239802ATB","오스틴티니다졸정,파소질정300밀리그람"
"240301ACH","타론캡슐,티로랙스캡슐"
"240301ATB","광동티라미드정,뉴티로정,동성티로프라미드정,레스파정,레스피드정,로미드정,로스파정,메가티로정,메티로정,메피드정"
"240302BIJ","안티모딕주,안티스파주,타론주,티라드주,티램주,티로민주,티로파주,티파스주사,티프론주,프로파주"
"240330BIJ","안티모딕주,타론주,티라드주,티램주,티로민주,티로케이주,티로파주"
"240701ATB","솝튼정,실다루드정,티자리드정1밀리그람"
"240801COO","오큐라신안연고,토라빈안연고,토브렉스안연고"
"240801COS","리토브라점안액,비토브라점안액(토브라마이신,아이토브라점안액,아이토신점안액(토브라마이신,오큐라신점안액(토브라마이신,오클점안액,옵티마이점안액,토라미신점안액,토라빈점안액,토라신점안액(토브라마이신"
"240802COS","토라미신점안액,토바신점안액(토브라마이신"
"240830COS","토라미신점안액,토바신점안액(토브라마이신"
"240831COS","오큐라신점안액(토브라마이신"
"240832COO","오큐라신안연고,토라빈안연고,토브렉스안연고"
"240833COS","아토마점안액,오큐라신점안액(토브라마이신,오클점안액,옵티마이점안액,토라미신점안액,토라빈점안액,토라신점안액,토마신점안액,토마점안액,토바신점안액(토브라마이신"
"240834COS","라이트토브라점안액,리토브라점안액,비토브라점안액(토브라마이신,아이토브라점안액,아이토신점안액(토브라마이신,아토마점안액,옵티마이점안액,유니온토프라신점안액,토라원점안액,토마신점안액"
"240837COS","트로나점안액(토브라마이신"
"240840BIJ","대한뉴팜황산토브라마이신주,테네브라60밀리그람주사액,토프라신주(토브라마이신)(바이알,토프라신주(토브라마이신)수출명:UNION TOPRACIN inj.,토프라신주(토브라마이신)수출명:UNIONTOPRACINinj."
"240841BIJ","대한뉴팜황산토브라마이신주,삼진토브라마이신주사,알보젠황산토브라마이신주80밀리그램,유한토브라마이신주사액80밀리그람,코러스토브라마이신주,코스맥스토브라마이신주사80밀리그람,테네브라80밀리그램주사액,토브라주,토브록신주(토브라마이신)수출명:TOBROXINEINJ.,토비시란주"
"240842BIJ","알리코토브라마이신주,토부신주"
"240844BIJ","토프라신주(토브라마이신)(바이알,토프라신주(토브라마이신)수출명:UNION TOPRACIN inj.,토프라신주(토브라마이신)수출명:UNIONTOPRACINinj."
"240845COO","오큐라신안연고,토라신안연고"
"240906BIJ","대한뉴팜황산토브라마이신주[수출명:토비신주(TOBICIN Inj.) 토비주(TOBI Inj.) Newtobi Inj.],대한뉴팜황산토브라마이신주[수출명:토비신주(TOBICINInj.)토비주(TOBIInj.)NewtobiInj.],테네브라60밀리그람주사액,토프라신주(토브라마이신)(바이알"
"240907BIJ","근화황산토브라마이신주,대한뉴팜황산토브라마이신주,동광토브라마이신주,동광토브라마이신주(바이알,드림파마토브라마이신주사80밀리그람,마이토브주사,삼진토브라마이신주사80밀리그람,알보젠황산토브라마이신주,유한토브라마이신주사액80밀리그람,테네브라80밀리그람주사액"
"240908BIJ","알리코토브라마이신주,토부신주"
"241103ACS","마이팜토코페롤연질캅셀,하이페롤연질캅셀"
"241201ATB","명문토피소팜정,이소탄정,토스팜정,토피온정,토핌정,프리정,환인그란닥신정"
"241401BIJ","벤다졸린주사,벤지돈주"
"241701ATB","무스타진정,톨릭신정,페리손정"
"241701BIJ","마이팜염산톨페리손주,무스캄주,미도캄주사(톨페리손염산염,크레놀주,크로리올주,크로리올주(바이알,토리마론주사,토리손주사,톨페린주(염산톨페리손,페리손주"
"241702ATB","미도캄정150밀리그람,유리손정,톨리손정(염산톨페리손)(수출명:제쏘틸정,푸라콘정150밀리그램"
"241730BIJ","무스캄주,크레놀주,크로리올주,토리마론주사,토리손주사,페리손주,페트론주"
"241801ATB","가바토파정100밀리그람,국제토피라메이트정100밀리그람,보령토피라메이트정100밀리그램,세티정,아토맥정,우리들토피라메이트정,유니토파정,탑메이트정,토맥스정,토파린정"
"241803ACH","토파맥스스프링클캅셀25밀리그람,토파맥스스프링클캡슐"
"241803ATB","보령토피라메이트정25밀리그램,세티정25밀리그람,아토맥정,우리들토피라메이트정,유니토파정25밀리그람,탑메이트정,토람트정25밀리그람,토맥스정,토파린정,토파마정"
"241804ACH","토파맥스스프링클캅셀50밀리그람,토파맥스스프링클캡슐"
"241804ATB","토파씬정50밀리그람,토피론정"
"241901BIJ","토포칸주,하이캄틴주,화이자토포테칸주"
"242001ATB","보령토르세미드정10밀리그람,세토람정10밀리그람,토라정,토렘정10밀리그람,토르셈정,토르신정10밀리그람"
"242002ATB","보령토르세미드정2.5밀리그람,세토람정,토라정,토렘정2.5밀리그람,토르셈정"
"242003ATB","보령토르세미드정5밀리그람,세토람정5밀리그람,토라드정5밀리그람,토라정,토렘정5밀리그람,토르셈정,토르신정5밀리그람"
"242101ATB","사와이토레미펜정,화레스톤정"
"242203COS","동아오젝스점안액"
"242301ACR","지판서방캡슐,트라도날서방캡슐100밀리그람,포텐돌서방캡슐"
"242301ATR","라마도서방정,산도스트라마돌서방정,트리돌서방정"
"242301BIJ","도란찐주100밀리그람(염산트라마돌,신일트라마돌염산염주사액,지판주사,코리돌주,탄돌주100밀리그람(트라마돌염산염,트라주 mL,트라주mL,트리돌주100밀리그람"
"242302ATR","뉴트람서방정,울펜서방정,지트람엑스엘서방정150밀리그람,케이트람엑스엘서방정,콘트람엑스엘서방정,트라반서방정,트라씨알정,페니마돌엑스엘정"
"242303BIJ","경동캄펙스주,도란찐주50밀리그람,돌마주사,마리트롤주,신일트라마돌염산염주사액,신풍트라마돌염산염주,지판주사,콤파주,타마돌주사(염산트라마돌,트라돌주사액(트라마돌염산염)[수출명:인바이오넷트라돌주사액(트라마돌염산염)]"
"242304ATR","지트람엑스엘서방정200밀리그람,트라마콘티서방정"
"242305ACH","지판캡슐,트로돈캅셀(트라마돌염산염)[수출명:트로돈포르트캅셀(트라마돌염산염)],트리돌캡슐,페니마돌캡슐"
"242330BIJ","경동캄펙스주,네오마돌주,도란찐주50밀리그람,돌마주사,라트롤주(트라마돌염산염,마리트롤주,신일트라마돌염산염주사액,신풍트라마돌염산염주,오스마돌주,이니트라마돌주"
"242331BIJ","도란찐주100밀리그람,신일트라마돌염산염주사액100밀리그램,오스마돌주,지판주사,케이에스트라마돌염산염주,코리돌주,탄돌주100밀리그람(트라마돌염산염,트라돔주,트라주 mL,트라주mL"
"242503BIJ","트렌자민주250밀리그람,휴온스트라넥사민주사"
"242504BIJ","도란사민에스주,신풍트라넥삼산주사500밀리그람"
"242530BIJ","유니트라주,트렌자민주250밀리그람,휴온스트라넥사민주사"
"242531BIJ","도란사민에스주,신풍트라넥삼산주사500밀리그램,유니트라주,트렌자민주500밀리그람"
"242532BIJ","트레민주사(트라넥삼산"
"242601ACH","라닐톤캡슐,중외리자벤캡슐,트라젠캡슐,트레노캡슐"
"242801BIJ","삼페넷주,허셉틴주,허쥬마주(트라스투주맙"
"242802BIJ","삼페넷주,오기브리주,허셉틴주150밀리그람(트라스투주맙,허쥬마주(트라스투주맙"
"242901ACH","명인트라조돈캅셀25밀리그람,영풍염산트라조돈25밀리그람캅셀,환인트라조돈염산염캡슐"
"242901ATB","명인트라조돈염산염정25mg,트리티코정25밀리그람"
"242902ATB","명인트라조돈염산염정50밀리그램,트리티코정50밀리그람"
"243001ACS","베사노이드연질캅셀10밀리그람,베사노이드연질캡슐"
"243203ATB","레더코트정,암시논정,트라시논정,트리코탈정"
"243302COM","아비나연고,오라메디연고"
"243303BIJ","유데노론주사,이연트리암시놀론아세토니드주40밀리그람 밀리리터,이연트리암시놀론아세토니드주40밀리그람밀리리터,탐세톤40주,트레온주사,트리암시놀론주사40밀리그람,트리암주(트리암시놀론아세토니드"
"243304CCM","대우트리암시놀론크림,트리시놀크림,트리코트크림"
"243304COM","리시놀연고,제미코트연고"
"243332CCM","트리시놀크림,트리코트크림"
"243335BIJ","삼성트리암시놀론주,유데노론주사,이연트리암시놀론아세토니드주40밀리그람 밀리리터,이연트리암시놀론아세토니드주40밀리그람밀리리터,탐세톤40주,트리암시놀론주사,트리암주(트리암시놀론아세토니드"
"243339COM","제미코트연고,트리코트크림"
"243501ATB","졸민정0.125밀리그람,트리람정,할시온정"
"243502ATB","졸민정,트리람정,할시온정"
"244001COS","오큐플리딘점안액(트리플루리딘,티.에프.디점안액"
"244030COS","오큐플리딘점안액(트리플루리딘"
"244101ACH","도리스캡슐,리살캡슐,명인디스그렌캡슐,신풍트리플루살캡슐,타루살캅셀,트루살캡슐,트리그렌캡슐,트리그린캡슐,트리살캡슐,트리스캡슐"
"244301ATB","가스부틴정,라파부틴정,레큐틴정,리메부틴정,마부탄정,말릭스정,메리틴정,메부라틴정,메부틴정,베부틴정(트리메부틴말레산염"
"244302ATB","리부트정,마이부틴정,셀트리온트리메부틴말레산염정,신일트리메부틴말레산염정200밀리그램,타라부틴정,탈리부틴정,트리마정,트리부틴정,한서말레인산트리메부틴정"
"244303ATR","네오부틴서방정,뉴부틴서방정,뉴트레부틴서방정,메리톤서방정,모트릭에스알서방정,애니틴서방정,트리부틴서방정,티메부틴서방정,포리부틴서방정,프로메부틴서방정"
"244304ASY","베부틴드라이시럽,신일트리메부틴시럽,주니건조시럽,크로부틴건조시럽,트리마건조시럽,트리메가건조시럽,포리부틴드라이시럽"
"244305ATB","마리부틴정,메부라틴정150밀리그람,메부란정,바이메틴정,삼메틴정,쎄리부틴정(트리메부틴말레산염)쎄리부틴정,애니티닌정,애니틴정,엘부틴정,주니정150밀리그람"
"244501ATB","메타진정(트리메타지딘염산염,바소트리정(트리메타지딘염산염,바스티난정,바트렐정,삼남염산트리메타지딘정20밀리그람,셀트리메정,타지딘정(염산트리메타지딘)수출명:TRITASDINETAB.RIMEDINETab.HANREDINETAB.,트리딘정,트리진정(트리메타지딘염산염"
"244502ATR","메타젠엠알서방정,바스티난엠알서방정,이메지드엠알서방정"
"244802ATB","뉴 간정,뉴간정,데놀정,두카스정(구연산비스마스칼륨,듀오솔정,안티파이정,위라클정,컴비스정,헤박터정,헤파스정(구연산비스마스칼륨"
"244902BIJ","데카펩틸 데포,데카펩틸데포,디페렐린피알3.75밀리그람주"
"245301COS","미드리아실점안액,오큐트로픽점안액(트로픽아미드"
"245501ATB","뉴로피움정,상트로스정,스파스몰리트당의정"
"245502ATB","광동염화트로스피움정,노스파정,뉴스판정,드로스정,로스피움정,리치스파정,명문염화트로스피움정,삼천당염화트로스피움정,스로트정,스토피움정"
"245601ATB","디펜사정,아푸라스정100밀리그람"
"245802ACH","노브라민캡슐5밀리그람,데카키논캡슐"
"246101CCM","미모나크림,반드레크림,보두레아크림(요소,유그린크림,초초칸크림,한미유리아크림"
"246101COM","반질연고,소프린연고(요소,소프티아연고,손바렌연고(요소"
"246132CCM","미모나크림,보두레아크림(우레아,유그린크림,초초칸크림,한미유리아크림"
"246132COM","소프티아연고,손바렌연고(요소"
"246133CCM","미모나크림,한미유리아크림"
"246134CCM","반드레크림,한미유리아크림"
"246202BIJ","포스티몬주,포스티몬주75아이유,폴리몬주(유로폴리트로핀"
"246401BIJ","녹십자유로키나제주,녹십자유로키나제주100 000단위,녹십자유로키나제주100000단위,유로틴주,유한유로키나제주"
"246404BIJ","녹십자유로키나제주,유로틴주."
"246405BIJ","녹십자유로키나제주,녹십자유로키나제주20 000단위,녹십자유로키나제주20000단위,유로틴주"
"246406BIJ","녹십자유로키나제주,녹십자유로키나제주500,신풍유로키나제주,신풍유로키나제주500,유로틴주.,케이디유나제주50만단위"
"246407BIJ","녹십자유로키나제주,유로틴주"
"246501ATB","리바스탈정,우루리버정,우루사정,우르콜정,우소산정"
"246502ATB","우기맥스정,우데콜정,우루리버정,우루사정,우르콜정,우소산정"
"246506ATB","우루사정,우르콜정"
"246603ACS","디아이연질캡슐,레티벨라연질캡슐,레티블루연질캡슐,루미넥스연질캡슐,모아트론연질캡슐,바로본에프연질캡슐,바키닌연질캡슐,베라큐연질캡슐,뷰맥스연질캡슐,아겐에프연질캡슐"
"246603ATB","라이트빌베리정,레티룩스정,리치큐정,맥베리정,바로본에프정,바키닌정,베리에프정,뷰맥스정,아겐에프정,아이눈정"
"246701ATB","뉴발라클로브정,바렉스정,바시클로버정,발라렉스정,발라시정,발라시크정,발라시클정,발라실정,발라클로정,발락시정"
"247002ACS","레브발연질캅셀,바로인에이연질캡슐,발폰연질캡슐,발핀연질캡슐"
"247101ATB","네오반정,뉴발사타반정,뉴발탄정,뉴사탄정,동구발사르탄정,디로탄정,디르탄정,디발탄정,디사르정,디살탄정"
"247102ATB","네오반정,뉴발사타반정,뉴발탄정,뉴사탄정,동구발사르탄정160밀리그램,디로탄정,디르탄정,디발탄정,디살탄정,디에스반정"
"247103ATB","디오반필름코팅정,디오살탄정,디오패스정,디큐반정,바로살탄정,발사렉트정,발사벨정,발사브이정,발사오르정,발사원정"
"247104ATB","디오반필름코팅정,디오패스정,발사벨정,발사오르정,발사원정"
"247201ACH","그린코캅셀,반코진캡슐,반코트린캅셀125밀리그람"
"247203BIJ","동광반코마이신주,동아반코마이신염산염주1그램,동아염산반코마이신주1그람,메디카반코마이신염산염주1그램,명문반코마이신주1그램,바이신주,반코신시피1그람정주,반코신주,반코트리신주,반코트린주"
"247204BIJ","비씨염산반코마이신주,비엔주,하노마이신정주,하노마이신정주(반코마이신염산염)[수출명: Vancin Inj.(vancomycin HCL)],하노마이신정주(반코마이신염산염)[수출명:VancinInj.(vancomycinHCL)]"
"247205BIJ","동아반코마이신염산염주,동아반코마이신염산염주500밀리그램,메디카반코마이신염산염주500밀리그램,반코신시피500밀리그람정주,반코신주,반코트리신주,반코트린주,비씨반코마이신염산염주,비씨반코마이신염산염주500밀리그램,삼성반코마이신염산염주"
"247401BIJ","노큐론주,노큐론주10밀리그람,베로니주사10밀리그람,베카론주,베카론주10밀리그람,베크론주사10밀리그람,한국유나이티드브롬화베쿠로니움주10밀리그람"
"247402BIJ","노큐론주,베로니주사4밀리그람,베카론주,베크론주사4밀리그람,에치큐론주(브롬화베쿠로늄,한국유나이티드브롬화베쿠로니움주4밀리그람"
"247502ACR","뉴팍신서방캡슐75밀리그람,데프론서방캡슐,디프렉사서방캡슐75밀리그람,라벤사서방캡슐,라팍신서방캡슐75밀리그람,라펙신엑스알서방캡슐75밀리그람,베넥사엑스알서방캡슐,베녹신서방캡슐,베라칸서방캡슐,벤라팜서방캡슐75밀리그람"
"247504ACR","대웅벤라팍신서방캡슐,데프론서방캡슐,베넥사엑스알서방캡슐,베녹신서방캡슐,베라칸서방캡슐,벤라신서방캡슐37.5밀리그람,벤라팜서방캡슐37.5밀리그람,벤라팩트서방캡슐,벤팍신서방캡슐,이벤신서방캡슐37.5밀리그람"
"247801BIJ","벨바스틴주,황산빈블라스틴피씨에치주사"
"247830BIJ","벨바스틴주,황산빈블라스틴피씨에치주사"
"248001BIJ","디비엘빈크리스틴황산염주 ml,디비엘빈크리스틴황산염주ml,브이시에스주,빈라신주사액,빈크란주,빈크리스틴파마케미주사1밀리그람,파마케미빈크리스틴황산염주사 밀리리터,파마케미빈크리스틴황산염주사밀리리터"
"248002BIJ","파마케미빈크리스틴황산염주사 밀리리터,파마케미빈크리스틴황산염주사밀리리터"
"248003BIJ","디비엘빈크리스틴황산염주 ml,디비엘빈크리스틴황산염주ml,빈크리스틴파마케미주사2밀리그람,파마케미빈크리스틴황산염주사 밀리리터,파마케미빈크리스틴황산염주사밀리리터"
"248030BIJ","디비엘빈크리스틴황산염주 ml,디비엘빈크리스틴황산염주ml,브이시에스주,빈라신주사액,빈크란주,빈크리스틴파마케미주사1밀리그람,파마케미빈크리스틴황산염주사 밀리리터,파마케미빈크리스틴황산염주사밀리리터,화이자빈크리스틴황산염주 mL,화이자빈크리스틴황산염주mL"
"248031BIJ","디비엘빈크리스틴황산염주 ml,디비엘빈크리스틴황산염주ml,브이시에스주,빈크리스틴파마케미주사2밀리그람,파마케미빈크리스틴황산염주사 밀리리터,파마케미빈크리스틴황산염주사밀리리터,화이자빈크리스틴황산염주 mL,화이자빈크리스틴황산염주mL"
"248032BIJ","파마케미빈크리스틴황산염주사 밀리리터,파마케미빈크리스틴황산염주사밀리리터"
"248201BIJ","나벨빈주,디비엘비노렐빈주석산염주 ml,디비엘비노렐빈주석산염주ml,디비팜주석산비노렐빈주사액10밀리그람 밀리리터,디비팜주석산비노렐빈주사액10밀리그람밀리리터,산도스비노렐빈주 밀리리터,산도스비노렐빈주밀리리터,에베베비노렐빈주10밀리그람 밀리리터,에베베비노렐빈주10밀리그람밀리리터,화이자비노렐빈주"
"248202BIJ","나벨빈주,디비엘비노렐빈주석산염주 ml,디비엘비노렐빈주석산염주ml,산도스비노렐빈주 밀리리터,산도스비노렐빈주밀리리터,에베베비노렐빈주10밀리그람 밀리리터,에베베비노렐빈주10밀리그람밀리리터"
"248230BIJ","나벨빈주,디비엘비노렐빈타르타르산염주 ml,디비엘비노렐빈타르타르산염주ml,산도스비노렐빈주 밀리리터,산도스비노렐빈주밀리리터,화이자비노렐빈주,화이자비노렐빈타르타르산염주 mL,화이자비노렐빈타르타르산염주mL"
"248231BIJ","나벨빈주,디비엘비노렐빈주석산염주 ml,디비엘비노렐빈주석산염주ml,산도스비노렐빈주 밀리리터,산도스비노렐빈주밀리리터,화이자비노렐빈타르타르산염주 mL,화이자비노렐빈타르타르산염주mL"
"248401ACH","맥퀴딜캡슐,비퀴올캅셀(염산비퀴딜,비키딜캡슐,빅킬캅셀"
"248801BIJ","대원피토나디온주사액,비타민케이1주사액"
"248830BIJ","대원피토나디온주사액[수출명:피톤주사액 토나디온주사액 피토젠주사액],대원피토나디온주사액[수출명:피톤주사액토나디온주사액피토젠주사액],비타민케이1주사액"
"249001ATB","대웅보글리보스정,베이슨정,보글리아정,보글리코스정0.2밀리그람"
"249001ATD","베이슨에프디티정,보글리아오디정"
"249002ATB","글로슨정,글루베이스정,글루슨정,글리베스정,글리보스정,글리알파정,다이보스정,대웅보글리보스정,동화보글리보스정,디베트정"
"249002ATD","베이슨에프디티정,보글리아오디정"
"249103ATB","대화와르파린나트륨정2밀리그램,왈파정,쿠파린정"
"249105ATB","대화와르파린나트륨정5밀리그람,왈파정5밀리그람,제일와파린정,쿠파린정"
"249201BIJ","대한멸균증류수,제일 멸균주사용수,제일멸균주사용수,제일멸균주사용수 6mL,제일멸균주사용수6mL,중외주사용수,휴온스주사용수"
"249202BIJ","대한멸균증류수,비브라운멸균주사용증류수,씨제이주사용수,이노엔주사용수,중외주사용수"
"249202CIS","대한관류용멸균증류수,중외관류용멸균증류수"
"249901ATB","대웅바이오잘토프로펜정80밀리그램,동구잘토프로펜정80밀리그램,라보펜정,라이트잘토프로펜정80밀리그램,삼성잘토프로펜정,솔레젠정,솔레톤정,유러펜정,일성잘토프로펜정80밀리그램,자레톤정"
"250001CSI","리렌자로타디스크5밀리그람,리렌자로타디스크5밀리그람(자나미비어"
"250101ACS","덴타돌연질캡슐,바이오돌연질캅셀,센스돌연질캡슐,안티돈연질캅셀"
"250101ATB","덴큐당의정,덴티놀정,인사돌정,진톨정,치모돌정,파라돌정,헬티스정"
"250201ACH","아지도민캅셀,아지도민캡슐"
"250301CSS","단가드현택액(아연피리치온,진크피현탁액"
"250402ASY","레스피렌시럽5밀리그람 밀리리터,레스피렌시럽5밀리그람밀리리터"
"250501ATB","산도스졸피뎀정,스립정,스틸녹스정,스틸렉스정,자니로정10밀리그람,졸피드정,졸피람정,졸피신정,졸피아트정,졸피움정"
"250502ATB","스립정,졸피드정,졸피신정"
"250901ATB","뉴로디아정,뉴로치옥트정,뉴로패시드정,뉴로프리정200밀리그람,뉴오시드정,뉴타시드정(치옥트산,다이뉴정,디아패시드정,리포에이정,리포정"
"250902ATH","뉴로치옥트에이취알정600밀리그람,리포산에이치알정,리포시드에이취알정,리포익에이취알정,씨제이치옥트산에이치알정600밀리그람,옥타신정600밀리그람,치오베트에이취알정600밀리그람,치오시드에취알정600밀리그람,치오틱에이치알정,치오프라에이치알정600밀리그람"
"250902ATR","네옥트정(티옥트산,뉴로치오에이치알정,뉴로치온에이치알정,뉴로패시드오디정600밀리그람,뉴리포에이취알정,뉴시드에이취알정,뉴타시드에이치알정,다이뉴에이치알정,다이시드서방정,다이옥트에이치알정"
"251001BIJ","블리스탑주,스타틱주,에스빅스주,휘브릭스주사(P 아미노메칠안식향산,휘브릭스주사(P아미노메칠안식향산"
"251030BIJ","베빅스주,블리스탑주,스타틱주,에스빅스주,휘브릭스주사"
"251800ATB","카펠고트정,카펠큐정,크래밍정"
"251900ATB","메디클정,아스로텍정50밀리그램,아스텍정"
"256000ATB","마도파정125,명도파정25 100밀리그램,명도파정25100밀리그램"
"256200ATB","마도파정,명도파정50 200밀리그램,명도파정50200밀리그램,알비피정"
"256300ATB","레돕산(Carbidopa Levodopa)정25 100,레돕산(CarbidopaLevodopa)정25100,시네메트정25 100,시네메트정25100,퍼킨정25 100mg,퍼킨정25100mg"
"256400ATB","시네메트정,이시콤정,퍼킨정25 250mg,퍼킨정25250mg,프로매트정"
"256500ATR","레보다서방정200,시네메트씨알정,콤비도파서방정200,퍼킨씨알정50 200mg,퍼킨씨알정50200mg"
"256700ATB","에코시나정,치오벤정,치오시나정,치오신정,치오코신정,치오탄정"
"259900ACH","그린노즈캡슐,노스콜캡슐,세라진 에스캡슐,세라진에스캡슐,센티콜캡슐,쎄리진캡슐,코감에스캡슐,코나잘캡슐,코노스캡슐,코스톱캡슐"
"259900ATB","러지펜정,비버스정,센티콜정,슈티린정,씨노스정,씨판정,알러벡정,유싹정,지르텍노즈정,지세트프러스정"
"260000ASY","리노콜드시럽,바이콜시럽,비알코에이시럽,아듀코시럽,코린시럽,코미시럽,코벤시럽,코비안에스시럽,코윈시럽,콜민 에이시럽"
"260100ACR","뉴도바서방캡슐,뉴리노페서방캡슐,리노드린서방캡슐,리노스텔서방캡슐,리노스틴서방캡슐,리노에바스텔캡슐,리노에바티스서방캡슐,리노에스티나서방캡슐,린바스틴서방캡슐,슈도스틴서방캡슐"
"260200ASY","소아용가네카시럽,액티피드시럽,지코에스시럽,코리자린시럽,코스펜에이시럽"
"262100ATB","라이테민정,아놀라정,아란딘 에프정,아란딘에프정,아르탈정,아리돈정,아크론정,아크리돈정,아탈리돈정,아테논정"
"262200ATB","토피드정25 12.5mg,토피드정2512.5mg"
"262300ATB","카포짓정50 25밀리그람,카포짓정5025밀리그람,카포텍정50 25밀리그람,카포텍정5025밀리그람,캅토시드정50 25밀리그람,캅토시드정5025밀리그람"
"262500ATB","국제로잘탄플러스정,뉴로탄플러스정,뉴코사르플러스정,대한뉴팜로잘탄플러스정,대화로자탄플러스정,라피신플러스정,로더플러스정,로사닌플러스정,로사르젠플러스정,로사르플러스정"
"262700ATB","듀로자이드정,스피로자이드정"
"263700ACH","에다몬에이캅셀,에버씨캅셀"
"264700ASY","록솔씨시럽,뮤코벤실시럽,브론코반시럽,비브락스시럽,솔반시럽,암부테롤시럽,암브로콜시럽,암브론시럽,암스펜시럽,제이록솔시럽"
"264800ATB","나올텐정,디아코론정,록소브롱정,록솔씨정,발소롤정,브레날정,브론코반정,비브락스정,비코본정,아브론정"
"266500ATB","지미콜정,코프론정"
"267300ASY","비알코시럽,제로코푸시럽,코담시럽,코대원포르테시럽,코데날시럽,코디캄에스시럽,코디프로시럽,코포나시럽,코푸시럽,코푸진시럽"
"267400ATB","네오메디코푸정,코데밀정,코데신정,후리코정"
"267700ASY","코대원시럽,코데날액,코데씨시럽,코데핀시럽,코디캄시럽"
"268000ATB","코대원정,코데날정,코데닝정,코데씨정,코데잘정,코데핀정,코덴스정,코푸정"
"268300ACH","아스코마캅셀,프리카바캡슐"
"269400ATB","디피린정,오조틴정"
"271800ATB","가제트정,가티스정,개스포린정,글로비스정,넥시나정,뉴나스포린정,뉴비스정,라니비스정,라니비트정,라니빅에스정"
"273200ATB","다우제정,모리타제포르테정"
"273500ATB","스티라제정,스포다제정,아페타제정,크리아콘정,태아틴정,판개스트정,판듀알정,판크리콘정"
"273900ATB","비오판정,큐아제정,하이라제정"
"274300ATB","베스타제당의정,베스타제정,판타제에이정"
"274400ATB","가스자임정,다자임정,베스자임정,베스크론정,속편제정,알파라제당의정,올편제정,유제스정,쿨자임정,큐에프정"
"274400ATE","그랜탈정,다이타제정,유니라제정"
"274900ATB","복합 파자임이중정,복합파자임이중정"
"275000ATB","파자임 95밀리그람이중정,파자임95밀리그람이중정,파자임95이중정,하노라제정"
"276100ATB","가센정,멀티라제정,산카제정,소하자임정,아스트렌에프정,지아타제정,크레판정,태리콘정,토파제정,파나콘정"
"276500ATB","그란다임정,나니탈정,다비자임정,디아자임정,에스타제정,에치스탄정,엑스라제정,엔비오정,엔지마정,올자임정"
"277800ATB","메디자임정,셀다제정"
"278500ATB","삼타제정,유비라제정"
"278700ATB","올다제정,훼스탈골드정"
"279400ATB","디스라제정,바로나제정,바이그린정"
"279800ATB","겔타제정,디그린정,리보타제정,리오날정,마게날에프정,멕스비오정,미루겐정,미오겔정,바이제스정,올타젠정"
"279900ATB","게리타제정,에마홈정"
"280000ATB","뉴로타제정,니도쎈정,맥스타제정,모두겔정,미루겐에스정,비오탈정,새마홈정,아시젠정,액스탈정,엘미겐정"
"280100ATB","파나자임정,판우리나정"
"288100ACS","갈스파연질캡슐,뉴클릭연질캅셀"
"294300ACS","가베린연질캡슐,가베스판연질캡슐,가베콘연질캡슐,개스틴포르테연질캡슐,넥스콘연질캡슐,레고스판연질캡슐,레바스판연질캡슐,베리콘연질캡슐,베스티콘연질캡슐,복합알스파연질캡슐"
"294400ACH","가베스캡슐,가베스틴캡슐,가스프리캡슐,개스틴캡슐,보령크레보릴에스캡슐,시에스캡슐,크레보캡슐,크레치콘캡슐,크리시드캅셀,클레시본캅셀"
"295600ACS","가스타제연질캡슐,그랑파제에프연질캅셀,멕스비오에프연질캡슐,바이부틴연질캅셀,브로메틴연질캡슐,알파부틴연질캡슐,토레스에프연질캅셀,트리시브연질캡슐,판메틴연질캅셀,펜타올연질캡슐"
"295600ATB","그랑파제에프정,바이부틴정,토레스에프정,트리시브정,판메틴정,판부틴정,펜타온에프정,펜타올정"
"295600ATE","가스타제정,브로마틴정"
"296800ATB","엘트릭스정,콤지로이드정"
"296900ATB","베노라민정,베다라민정,베토민정,세레타손정,세르타민정,세리다민정,알메타민정"
"297000ATB","액티벨정,에스디올하프정"
"297100ATB","크리안정,클리오제스트정"
"297400ATB","페모스톤정2 10,페모스톤정210"
"299100AGN","리소톤과립,유로시트라씨산"
"301500ATB","네프비타정,디아비타정"
"301600ATB","네로민정,네오신정,레날민정,타스나비타정"
"302600ATB","본스칼디츄어블정,본키칼디츄어블정,지노메디츄어블정,칼디비타츄어블정,칼디업츄어블정,칼디케어츄어블정,칼디텍츄어블정,칼트레이트디400,하드칼츄어블정"
"302900ATB","하니칼정,하이칼정"
"303200ATB","데니칼정,보니칼정,애드칼정,지노칼정"
"303300ATB","훼럼포라정,훼마톤에이정"
"303403ATR","훼로바 유서방정,훼로바유서방정"
"303600ATB","뉴마그정,마그네스정,마그피정"
"305900ACH","쏘넬캡슐,원넬캡슐,유넬캡슐,캔넬캡슐,펜넬캡슐"
"309600AGN","유ᆞ에프ᆞ티 이과립0.5그람,유ᆞ에프ᆞ티이과립0.5그람,유니토랄과립0.5그람,코타실과립,테그라실과립,테로풀과립500밀리그람"
"309700ACH","유니토랄캡슐,유라풀캅셀,유에프티캅셀,타니풀캡슐,테가실캡슐,테로풀캅셀"
"310400ASY","락타목스시럽(아목시실린클라부란산칼륨,맥시크란시럽(아목시실린·클라불란산칼륨,목사멘틴시럽,목시클시럽,아모라닉시럽,아모크라시럽(아목시실린수화물 희석클라불란산칼륨,아모크라시럽(아목시실린수화물희석클라불란산칼륨,아목클란시럽,아목타심건조시럽,아미클란시럽"
"310500ATB","목시클정187.5밀리그람,아모크라정,오구멘틴정,크라목신정"
"310600ATB","구멘틴375밀리그람정,글로실린정375mg,나노크라정[아목시실린 클라불란산칼륨],나노크라정[아목시실린클라불란산칼륨],넥모클린정,노보클란정,뉴목크라정,뉴클라정,듀크라정,라모크린정375밀리그람"
"310700ATB","구멘틴정,글로실린정625mg,넥모클린정,노보클란정,뉴목크라정,뉴클라정,듀크라정,라모실린정,라모크린정625밀리그람,리유목스정"
"311000ATB","로도질정,스피졸정,콤비팜정"
"311400ASY","셉트린시럽,시노트림시럽"
"311500ATB","셉트린정,시노트림정,유프린정,칸푸림정(코트리목사졸)(수출명:BOPACOTRIMOXAZOLTab.,티에스정"
"312200ALQ","마크롤액,엔터놀액"
"312400ALQ","비비올오랄액,솔린액오랄,콜크린액,쿨린액,포스파놀액,프리트포스포소다액"
"312500AGN","로바스과립,태준탑발포과립"
"312600AGN","로바스과립,태준탑발포지과립"
"312800APD","코리트산,콜론라이트산,콜론라이트산2리터"
"312900APD","코리트산,콜론라이트산,크린콜라이트산"
"313200ATB","자이돈정7.5밀리그람,하이코돈정7.5밀리그람"
"313400ACH","마이폴캡슐,마이프로돌캡슐,씨ᆞ아이ᆞ에이캡슐,코노펜캡슐,타코펜캡슐"
"313600BIJ","사루소부로카농주,살소부로칼주,제일살소브로가당주사액"
"314000BIJ","리도카톤주1:100000,알파카인1:100 000주,알파카인1:100000주,에프디카인1:100 000주,에프디카인1:100000주,옥토케인100주"
"314300BIJ","노보콜100주,리그노스판스탠다드,유니온리도카인·에피네프린주,유한염산리도카인.에피네프린주사[군납명:염산리도카인에리네프린주사][수출명:에피카인주사],휴온스리도카인염산염수화물 에피네프린주[수출명:메디카인주 MEDICAINEINJ. I.M KWANGMYUNGLidocaineHCI·EpinephrineInj. doton],휴온스리도카인염산염수화물에피네프린주[수출명:메디카인주MEDICAINEINJ.I.MKWANGMYUNGLidocaineHCI·EpinephrineInj.doton]"
"314500BIJ","리그노스판스페셜주,유니온리도카인·에피네프린주,유한염산리도카인.에피네프린주사,휴온스리도카인염산염수화물 에피네프린주 MEDICAINEINJ. LIDOCAINEHC1·EPINEPHRINEINJ. DENTACAINE doton HUCAINEinj.],휴온스리도카인염산염수화물에피네프린주MEDICAINEINJ.LIDOCAINEHC1·EPINEPHRINEINJ.DENTACAINEdotonHUCAINEinj.]"
"315300BIJ","데오에스베리벤에프주,메리난주,메리프린주사,벤투스주,이파신주,일로린주사,티에스벤에프주"
"315600BIJ","마로비벤에스주사,메노론주,멜프로스주사,프로멜린주,프로멜스주,프로벤주사"
"316600BIJ","비 바트주사,비바트주사,콤비엑스주,판비콤프주"
"316900BIJ","멀티민주,엠.브이.에취주,엠비아이주사,중외엠브이주"
"317700BIJ","뉴트리플렉스페리40주사,피엔믹스페리40주사"
"318100BIJ","리바라딘주,중외아데라빈9호주"
"318200BIJ","리포엠씨티주사,리포푼딘엠씨티주,인트라엠시티주"
"318300BIJ","리포엠씨티주사,리피드엠씨티주,리피션엠시티주"
"318400BIJ","리포엠씨티주사,리포푼딘엠씨티주,리피션엠시티주,인트라엠시티주"
"318600BIJ","대한덱스트란40덱스주,레오덱스디주,씨제이덱스트란40 디주사액,씨제이덱스트란40디주사액"
"319000BIJ","대한포도당가생리식염액,비브라운포도당생리식염주사액,이노엔포도당생리식염주사액,중외포도당생리식염액"
"319200BIJ","근화6 에취.이.에스주,근화6에취.이.에스주,볼루벤주,살린헤스주,테트라헤스주,펜타치200주,헤모헤스주,헤스플라즈마주,헥스로실주"
"319300BIJ","펜타치200주,헤모헤스주,헤스스테릴주"
"319500BIJ","대한포도당가칼륨나트륨주2호,이노엔포도당나트륨칼륨주2,포도당가엔에이.케이주2"
"319600BIJ","이노엔포도당나트륨칼륨주1,포도당가엔에이.케이주1"
"320000BIJ","대한플라스콘주,플라스마솔루션에이주,플라주오피주"
"320200BIJ","대한염화나트륨포도당주사액,에스.디1 2주,에스.디12주,이노엔염화나트륨 포도당주사액,이노엔염화나트륨포도당주사액"
"320300BIJ","대한염화나트륨포도당주사액,에스.디1 3주,에스.디13주,이노엔염화나트륨 포도당주사액,이노엔염화나트륨포도당주사액"
"320400BIJ","대한염화나트륨포도당주사액,에스.디1 4주,에스.디14주,이노엔염화나트륨 포도당주사액,이노엔염화나트륨포도당주사액"
"320600BIJ","대한젖산나트륨염화나트륨포도당주사액,메디파마플랜디에스엘1:2:3주사액,이노엔디에스엘1:2:3주사액"
"320700BIJ","이노엔하트만액,하트만액,하트만용액"
"320900BIJ","대한하트만덱스주사액,이노엔하트만 디액,이노엔하트만디액,하트만덱스액"
"321400BIS","다이아닐저칼슘피디액,보령페리시스2액"
"321800BIS","다이아닐저칼슘피디액,보령페리시스4액"
"322100BIS","다이아닐피디 투액,다이아닐피디투액"
"322600BIS","보령헤모시스에이액,보령헤모시스에이엔액,에취디졸 비씨액,에취디졸비씨액"
"322800BIS","보령헤모시스에이지엘액,아트스톤씨액,케이바이카트761,헤모리솔씨액"
"323200BIS","디에취덱스액1호액,보령헤모시스지A액,헤모비덱스1호액"
"323400BIS","다이아솔리드에이산,디에취덱스액,보령헤모시스에이지액,보령헤모시스지액,에취디졸 비씨지액,에취디졸비씨지액,에취디졸비씨지에이액,헤모리솔지액,헤모비덱스1호액"
"324000BIS","뉴트리닐피디 4액,뉴트리닐피디4액"
"324100BIS","유로솔액,유리온액"
"324800BIS","씨에이피디2복강투석액,페리시스원백"
"324900BIS","씨에이피디2복강투석액,페리시스투백"
"328200BIJ","글리푸롤주,세롤주"
"328400BIJ","마로빌주,아르밀주,아크밀주,타우틴주,트로우민주,프랙타주"
"328500BIJ","곰바실린주750밀리그램,락타실린주(주사용설박탐나트륨 암피실린나트륨,락타실린주(주사용설박탐나트륨암피실린나트륨,루카신주사,박시린주750밀리그람,박타신주,설바신주750밀리그람,설바실린주,시너탐주,썰바신주750밀리그람"
"328600BIJ","곰바실린주1.5그램,루카신주사,박시린주1.5그람,박타신주,설바실린주,시너탐주,암피박탐주1.5그람,유나신주사1.5그램,유바실린주,유박신주"
"328900BIJ","목시클주,아모크라주0.6그램,일성오구멘틴주사,크라목신주0.6그람,크목실린주0.6g,티라목스0.6그램주"
"329000BIJ","목시클주,아모크라주1.2그램,일성오구멘틴주사1.2그람,크라목신주1.2그람,크목실린주,티라목스1.2그램주"
"329300BIJ","뉴페넴주250밀리그람,씨에남주250밀리그람,이미넴주,테오남주250밀리그람,티펨주250밀리그람,프리페넴주250밀리그램"
"329400BIJ","뉴페넴주500밀리그람,스타페넴주500밀리그램,실라신주사,실라페넴주250밀리그람 500밀리그람,실라페넴주250밀리그람500밀리그람,씨에남주500밀리그람,올미실주,이미넴주,이미실키트주사,이펨큐주500밀리그램"
"329500BIJ","건타박신주,린박탐주,유니페라탐주,타박신주,타박탐주2.25그람,타조락탐주,타조박신주,타조브이주2.25그람,타조신주,타조신주2.25그람"
"329600BIJ","건타박신주,뉴조신주,린박탐주,유니페라탐주,타로텐주,타박신주,타박실린주,타박탐주4.5그람,타소진주,타조락탐주"
"329900BIJ","바라존주사1그람,설페라존주사1그람,설포라주,설포존주,설포탐주,세라박탐주1그람,세박탐주,세페라탐주1그람,세포라탐주사,세포바탐주"
"330000BIJ","설프림주사액,세바트림주,코트림주사액"
"330700BIJ","물티 테스트,물티테스트"
"331500COS","리토덱스점안액,비토덱스점안액,오클렉스점안액,옵티덱스점안액,토라빈덱스점안액,토바렌점안액,토바신디점안액,토베손점안액,토브라덱스점안액,토브리치점안액"
"332100COS","도르티솝점안액,도티몰점안액,도티졸점안액,로이옵점안액,바이솝점안액,바티도르점안액,에스솝점안액,옵티코스점안액,제티솝점안액,코솝점안액"
"332200COO","디겐타안연고,인펙토후람안연고"
"332200COS","디겐타점안액,인펙토후람점안액,후루손지점안액"
"332300COS","레보플루점안액,리플루 티점안액,리플루티점안액,비바플로점안액,아이플루플러스점안액,에이플점안액,에페몰린점안액,엠플린점안액,옵티브이플러스점안액,옵티플루점안액"
"333000COS","비소드점안액,유니렌점안액,큐아렌점안액,크리렌점안액,클라우딘점안액,클리드점안액,포소드점안액"
"333400COS","다클점안액,비크린점안액,신폴점안액,클리어에프점안액"
"333500COO","네오덱스안연고,덱코실안연고,맥시트롤안연고,포러스안연고"
"333600COS","맥시트롤점안액,포러스점안액"
"334100CSS","싸이록사신점이현탁액,씨프로신에이치씨점이현탁액,한국알콘시프로바이점이현탁액"
"334500CSI","세레타이드100디스커스,세레타이드50에보할러,플루테롤흡입용캡슐100 50,플루테롤흡입용캡슐10050"
"334600CSI","세레타이드125에보할러,세레타이드250디스커스,에어플루잘포스피로250,플루테롤흡입용캡슐250 50,플루테롤흡입용캡슐25050"
"334700CSI","세레타이드250에보할러,세레타이드500디스커스,에어플루잘포스피로500,플루테롤흡입용캡슐500 50,플루테롤흡입용캡슐50050"
"335600CLQ","나존액,렉크린액,솔린액,콜크린에스액,프리트이네마"
"336400CCS","네오폴질연질캡슐,네포신질연질캡슐,마이폴질연질캡슐,베날질연질캡슐,삼진포리지낙스질연질캡슐,오엔지질연질캡슐,오엔폴질연질캡슐,지노 브이 질연질캅셀,지노브이질연질캅셀,지노센스질연질캡슐"
"339300COM","베로신연고,베타디엔연고"
"342800CCM","나시론크림,스키나졸크림,에코나팬크림,에코론크림,에코암시론크림,엔딕스크림"
"342800COM","두루실연고,에나시론연고,지나트론연고"
"344900CCM","베타겐크림수출품명:BETAGENCREAM,새로겐타크림,스타손지크림,스테로신지크림,실크론지크림,트로나인크림"
"345000CCM","베타덤지크림,안타손크림"
"345500CCM","라파엘크림,이소론크림,트라보코트크림"
"346400CCM","겐트리손크림,겐티존크림,나미야지크림,네오덤크림,더모젠크림,데마코트크림,라벤다크림,바로마틸크림,베데스타크림,세레나크림"
"347701ACH","넬슨세레콕시브캡슐,뉴브렉스캡슐,뉴셀콕캡슐,다림세레콕시브캡슐200밀리그램,델콕스캡슐,동광세레콕시브캡슐200mg,동방쎄레콕시브캡슐,랙시브캡슐,메가콕시브캡슐,메디브렉스캡슐"
"347701ATB","뉴콕시브정,랙시브정,세레벡스정,셀렉카정,쎄레본정,쎄레브이정,쎄레원정,쎌콕정,콕스그린정"
"347702ACH","뉴셀콕캡슐,다림세레콕시브캡슐100밀리그램,델콕스캡슐,동광세레콕시브캡슐100mg,랙시브캡슐,메가콕시브캡슐,메디브렉스캡슐,베아콕시브캡슐,브렉시브캡슐,세넥시브캡슐"
"347702ATB","랙시브정,쎄레브이정,쎌콕정"
"347703ACH","쎄넥스캡슐,쎄레브렉스캡슐,크리콕스캡슐"
"347901ATB","알러딘정,알레그라정120밀리그람,알레딘비정,알레라딘정,알레스타정,알레지엔정,알레코트정120밀리그람,알레톡정,알레티브정,알레펙정"
"347902ATB","알레그라정180밀리그람,펙소나딘정,펙소원정"
"347903ATB","알레그라정30밀리그람,펙소나딘정"
"347904ATB","알레지엔정,알레티브정,알레펙정,알페딘정,펙소딘정,펙소지엔정"
"348002ATB","로시타존정4밀리그람,아반디아정4밀리그람"
"348101ACH","아그릴린캡슐,아나그레캡슐,아나드맥캡슐,아나리드캡슐,하그리젠캡슐"
"348102ACH","아나그레캡슐,아나드맥캡슐,아나리드캡슐"
"348201ATB","라민정,리마틸정,바루민정(부시라민,부믹정,부시민정,비씨부시라민정,종근당리마틸정,케이라민정"
"348402BIJ","그로트로핀투주,그로트로핀투주사액(재조합인성장호르몬,싸이젠주1.33밀리그람,유트로핀주(인성장호르몬,케어트로핀바이알주"
"348405BIJ","그로트로핀투주사액(재조합인성장호르몬,유트로핀주,지노트로핀고퀵펜주,지노트로핀주,케어트로핀바이알주(소마트로핀"
"348406BIJ","싸이젠리퀴드카트리지주 mL,싸이젠리퀴드카트리지주mL"
"348408BIJ","싸이젠주,싸이젠주8밀리그람"
"348411BIJ","노디트로핀심플렉스 1.5ml주,노디트로핀심플렉스1.5ml주,싸이트로핀에이카트리지주,싸이트로핀에이카트리지주(소마트로핀,옴니트로프카트리지주(소마트로핀"
"348412BIJ","노디트로핀노디렛주"
"348415BIJ","유트로핀플러스주"
"348430BIJ","그로트로핀투주사액"
"348431BIJ","그로트로핀투주사액"
"348432BIJ","싸이트로핀에이카트리지주"
"348434BIJ","싸이젠리퀴드카트리지주 mL,싸이젠리퀴드카트리지주mL"
"348435BIJ","노디트로핀프리필드펜"
"348436BIJ","그로트로핀투주,유트로핀주(인성장호르몬"
"348439BIJ","유트로핀펜주"
"348440BIJ","그로트로핀투주사액카트리지"
"348446BIJ","유트로핀에스펜주"
"348600BIJ","대한포도당가생리식염액,비브라운포도당생리식염주사액,이노엔포도당생리식염주사액,중외포도당생리식염액"
"348700BIJ","대한포도당가생리식염액,중외포도당가생리식염액"
"349000BIJ","대한플라스콘주,플라스마라이트148주,플라스마솔루션에이주,플라주오피주"
"349300BIJ","대한염화나트륨포도당주사액,에스.디1 4주,에스.디14주,이노엔염화나트륨 포도당주사액,이노엔염화나트륨포도당주사액"
"349400BIJ","이노엔하트만액,하트만액,하트만용액"
"349500BIJ","대한하트만덱스주사액,이노엔하트만 디액,이노엔하트만디액,하트만덱스액"
"349600BIS","다이아닐피디 투액,다이아닐피디투액"
"349700BIS","다이아닐피디 투액,다이아닐피디투액"
"349800BIS","다이아닐피디 투액,다이아닐피디투액"
"349900BIS","다이아닐피디 투액,다이아닐피디투액"
"350000BIS","다이아닐피디 투액,다이아닐피디투액"
"350100BIS","다이아닐피디 투액,다이아닐피디투액"
"350200BIS","다이아닐피디 투액,다이아닐피디투액"
"350300BIS","다이아닐피디 투액,다이아닐피디투액"
"350400BIS","보령헤모시스에이액,보령헤모시스에이엔액,아트스톤에이액,에이에취디액1호,에취디졸 비씨액,에취디졸비씨액,에취디졸비씨에이액,헤모리솔에이액,헤모트레이트비1호"
"352100BIS","씨에이피디2복강투석액,페리시스투백"
"352400BIS","씨에이피디4복강투석액,페리시스투백"
"352800BIS","씨에이피디3복강투석액,페리시스투백"
"354400BIJ","세로스테릴주,이노엔글리세린과당주사액"
"354500BIJ","글리푸롤주,세롤주"
"355200CIS","벨론에이액,비에스에스액,비에스에스액플라스틱백타입,아이오케어비에스에스액,옵티코솔액,이지오텍액"
"355503ATB","로노켐정,제포정"
"356400ATB","네오반플러스정,뉴발탄플러스정,뉴오디반플러스정80,듀오살탄정80 12.5밀리그램,듀오살탄정8012.5밀리그램,듀오탄정80 12.5mg,듀오탄정8012.5mg,디로탄플러스정,디바코플러스정80,디발탄플러스정80 12.5밀리그램"
"356701AGN","가스트렉스과립"
"356702ATB","가베트정,에카트정"
"357101ATB","디트루시톨정,유테로딘정1밀리그람"
"357102ACR","디트로딘에스알캡슐,디트롤서방캡슐,디트루시톨SR캡슐2밀리그람"
"357102ATB","디시톨정2밀리그람,아나로딘정2밀리그람,알파톨터로딘정2밀리그람,유니로딘정,유로비트정,유로시톨정,유로카린정,유로타딘정,유로트롤정,유리시스정"
"357103ACR","디터로딘에스알캡슐,디터로딘에스알캡슐4밀리그램,디트로딘에스알캡슐,디트롤서방캡슐,디트루시톨SR캡슐4밀리그람,유로비트에스알캡슐4밀리그람,톨테로스에스알캡슐"
"357103ATR","네오시톨에스알정,디루톨에스알정,로시로딘서방정,바이넥스톨터로딘서방정4밀리그람,보령톨터로딘서방정4밀리그람,세다톨에스알정4밀리그람,올로딘에스알정,유레톨에스알정4밀리그람,유로딘서방정4밀리그람,유로카린서방정"
"358001ATB","뉴아베스타정,대웅라록시펜염산염정60밀리그램,라로펜정,라록수펜정,라록스타정,라록스펜정,라록시본정,라록시정,라록시퀸정,라비스타정"
"358202ACH","아스트로달캡슐,테모달캅셀20밀리그람,테모달캡슐,테모람캡슐,테몰드캡슐"
"358203ACH","아스트로달캡슐,테모달캅셀,테모달캡슐,테모람캡슐,테몰드캡슐"
"358204ACH","테모달캅셀250밀리그람,테모달캡슐,테모람캡슐,테몰드캡슐"
"358401ATB","아로마신정,아로마신정25밀리그람"
"358500ASY","구멘틴시럽,글로실린듀오시럽,네오크라듀오건조시럽,뉴클라시럽[아목시실린·클라불란산칼륨],듀오넥스건조시럽,듀오크라건조시럽,라모크린듀오건조시럽,라목크라듀오시럽,락타목스듀오건조시럽,맥스실린듀오시럽"
"358901ACH","건플루캡슐,넥스플루캡슐,대우플루캡슐,대웅바이오플루캡슐,동구오셀타미비르인산염캡슐75mg,동화플루엔캡슐,라이트오셀타미캡슐,메디플루캡슐,보령타미캡슐,비셀플루캡슐"
"358901APD","보령타미산제,애니플루산제,에이플루산제,이지플루산제,코미플루산제,타미셀바산제,타미인플산제,플루클산제,플루피드산제"
"358902ACH","건플루캡슐,넥스플루캡슐,대우플루캡슐,대웅바이오플루캡슐,동구오셀타미비르인산염캡슐45mg,라이트오셀타미캡슐,메디플루캡슐,보령타미캡슐,삼성오셀타캡슐,삼진플루캡슐"
"358902APD","보령타미산제,애니플루산제,에이플루산제,이지플루산제,코미플루산제,타미셀바산제,타미인플산제,플루클산제,플루피드산제"
"358903ACH","건플루캡슐,넥스플루캡슐,대우플루캡슐,대웅바이오플루캡슐,동구오셀타미비르인산염캡슐30mg,라이트오셀타미캡슐,메디플루캡슐,보령타미캡슐,삼성오셀타캡슐,삼진플루캡슐"
"358903APD","보령타미산제,애니플루산제,에이플루산제,이지플루산제,코미플루산제,타미셀바산제,타미인플산제,플루클산제,플루피드산제"
"358907ASS","뉴플루현탁용분말 mL,뉴플루현탁용분말mL,대웅바이오플루현탁용분말 mL,대웅바이오플루현탁용분말mL,동광오셀타미비르인산염현탁용분말 mL,동광오셀타미비르인산염현탁용분말mL,동화플루엔현탁용분말 mL,동화플루엔현탁용분말mL,보령플루현탁용분말 mL,보령플루현탁용분말mL"
"358908ASS","뉴플루현탁용분말 mL,뉴플루현탁용분말mL,대웅바이오플루현탁용분말 mL,대웅바이오플루현탁용분말mL,동광오셀타미비르인산염현탁용분말 mL,동광오셀타미비르인산염현탁용분말mL,보령플루현탁용분말 mL,보령플루현탁용분말mL,삼진플루현탁용분말 mL,삼진플루현탁용분말mL"
"358909ASS","뉴플루현탁용분말 mL,뉴플루현탁용분말mL,셀타플루현탁용분말 mL,셀타플루현탁용분말mL,신풍플루현탁용분말 mL,신풍플루현탁용분말mL,애니플루현탁용분말 mL,애니플루현탁용분말mL,코미플루현탁용분말 mL,코미플루현탁용분말mL"
"358910ASS","타미비어현탁용분말 ml,타미비어현탁용분말ml"
"358911ASS","코미플루현탁용분말 mL,코미플루현탁용분말mL"
"359001ATR","오코돈서방정,오코돈서방정40밀리그람,옥시콘틴서방정"
"359002ATB","아이알코돈정,오코돈정"
"359002ATR","오코돈서방정,오코돈서방정10밀리그람,옥시콘틴서방정,프로콘틴서방정"
"359002BIJ","옥시넘주사 ml,옥시넘주사ml"
"359003ATR","엠피돈서방정,오코돈서방정,오코돈서방정20밀리그람,옥시딘서방정,옥시콘틴서방정,프로콘틴서방정"
"359003BIJ","옥시넘주사 ml,옥시넘주사ml"
"359004ATB","아이알코돈정,엠피돈정,오코돈정"
"359030BIJ","오코돈주사 mL,오코돈주사mL,옥시넘주사 ml,옥시넘주사ml"
"359031BIJ","오코돈주사 mL,오코돈주사mL,옥시넘주사 ml,옥시넘주사ml"
"359032BIJ","옥시넘주사 ml,옥시넘주사ml"
"359401BIJ","씨뮬렉트주사(바실릭시맙"
"359501BIJ","오사그렌주,키산본주"
"359502BIJ","오자그론주,키산본에스주사액,키산본주40밀리그람"
"359601BIJ","노바스탄주,노바스탄하이주,노트로빈주,아가론주,트롬반주"
"359633BIJ","노바스탄하이주"
"359701BIJ","뉴훼럼주,베노스틴주,베노훼럼주,아네럼주,아네럼주 바이알,아네럼주바이알,아네미아주,페로빈주,헤마틴주,훼로바주"
"359702BIJ","훼렉스주(수산화제이철수크로오스복염"
"359730BIJ","뉴페럼주,베노스틴주,베노훼럼주,아네럼주,아네럼주 바이알,아네럼주바이알,아네미아주,페로빈주,헤마틴주,훼모럼주"
"359731BIJ","훼렉스주(수산화제이철수크로오스복염,훼렉스주(수크로오스수산화제이철착염"
"360801BIJ","보령나프실린나트륨주"
"360930BIJ","하베카신주(아르베카신황산염"
"360931BIJ","하베카신주(아르베카신황산염"
"361100CCM","더마카인크림,로케인크림,리도프릴크림,리카르로크림,리프릴크림,아네스크림,아카인크림,엔카인크림,엠라크림,엠비카인크림"
"361301CSI","나리넥스점비액,나자타손나잘스프레이,나자티브나잘스프레이,나조넥스나잘스프레이,나조메가나잘스프레이,나조코비나잘스프레이,나조큐어나잘스프레이,나조크린나잘스프레이,나조타손나잘스프레이,나코드린나잘스프레이"
"361302CCM","더모타손엠엘이크림,더미손크림,라벨리아크림,메이손크림,모리코트크림,모메덤크림,모메손크림,모메탄크림,모멘타손크림,씨트리모메타손크림"
"361302CLT","더모타손엠엘이로션,라벨리아로션,메이손로션,모비딕로션,씨트리모메타손로션,큐모타손로션,큐어덤로션"
"361302COM","모리코트연고,모비딕연고,콜마모메타손연고"
"361308CSI","나조메가나잘스프레이,보령모메타손스프레이"
"361330CCM","에로콤크림,큐모타손크림"
"361331CSI","나리넥스점비액,나자케어나잘스프레이액,나자타손나잘스프레이,나자티브나잘스프레이,나조넥스나잘스프레이,나조메가나잘스프레이,나조메손나잘스프레이액,나조메타나잘스프레이,나조코비나잘스프레이,나조큐어나잘스프레이"
"361332CCM","더메타손크림,모리코트크림,모메론크림,씨트리모메타손크림,인푸라크림,테리손크림,프레타손크림"
"361333CCM","더메타손크림,더모타손엠엘이크림,더미손크림,라벨리아크림,모라타손크림,모메덤크림,모메론크림,모메손크림,모메케어크림,모메코트크림"
"361333COM","더모타손연고,콜마모메타손연고,프로몬연고"
"361334CCM","라벨리아크림,메이손크림,메타손크림,모메론크림,모메솔크림,모메스킨크림,모메타뉴크림,모멘타솔크림,모멘타크림,큐메타손크림"
"361334COM","모멘타연고,프로몬연고"
"361335CLT","라벨리아로션,모타손로션,큐어덤로션"
"361336CCM","라벨리아크림,에이치엘비모메타손크림"
"361338CCM","더메타손크림,더모타손엠엘이크림,더미손크림,메타손크림,모리코트크림,모메론크림,모메손크림,모메타뉴크림,모메탄크림,모타손크림"
"361339CLT","더모타손엠엘이로션,라벨리아로션,모리코트로션,모타손로션,씨트리모메타손로션,제뉴원모메타손로션,코코타손로션,큐모타손로션,큐어덤로션,테리손로션"
"361341CCM","콜마모메타손크림,프로몬크림"
"361341COM","콜마모메타손연고,프로몬연고"
"361342CLT","더모타손엠엘이로션,라벨리아로션,메이손로션,모멘타로션,모멘트로션,모타손로션,씨트리모메타손로션,에스지모메존로션,제뉴원모메타손로션,제이모메손로션"
"361344CLT","라벨리아로션,씨트리모메타손로션"
"361346CCM","더메타손크림,더미손크림,라벨리아크림,모리코트크림,에이치엘비모메타손크림,인푸라크림"
"361347CCM","더모타손엠엘이크림,라벨리아크림,메이손크림,모리코트크림,모메손크림,모메스킨크림,모메타뉴크림,모멘타손크림,모멘타크림,제뉴원모메타손크림"
"361347COM","모멘타연고,콜마모메타손연고,프로몬연고"
"362500BIJ","리포엠씨티주사,리피드엠씨티주,리피션엠시티주"
"363401ATB","파무정"
"363501BIJ","헤파불린주,헤파빅주(비형간염사람면역글로불린"
"363502BIJ","헤파불린주,헤파불린주(B형간염사람면역글로불린"
"363503BIJ","헤파불린주,헤파불린주(B형간염사람면역글로불린"
"363506BIJ","정주용 헤파불린에스앤주,정주용헤파불린에스앤주,정주용헤파빅주"
"363530BIJ","헤파빅주(비형간염사람면역글로불린"
"363532BIJ","정주용 헤파불린에스앤주,정주용 헤파빅주,정주용헤파불린에스앤주,정주용헤파빅주,헤파불린주(B형간염사람면역글로불린"
"363533BIJ","정주용 헤파불린에스앤주,정주용 헤파빅주,정주용헤파불린에스앤주,정주용헤파빅주"
"364100AGN","유·에프·티 이과립1.0그람,유·에프·티이과립1.0그람"
"364401ACH","마이코부틴캅셀150밀리그람,유유마이코부틴캡슐"
"366700BIS","겜브로솔트리오주40,케이갬브로졸트리오40"
"366900BIS","겜브로솔트리오주10,케이갬브로졸트리오10"
"367001ATB","디렉톨정,메토닉정,메톨라진정,메톨정,유라존정,자록소린정"
"367201ACH","넥시메졸캡슐,넥트라캡슐,에소놀캡슐,에소마크캡슐,에소멜캡슐,에소파졸캡슐,에스오졸캡슐,오시움캡슐,유스메졸캡슐"
"367201ACR","에소메졸디알서방캡슐,에스오텍디알서방캡슐,유스메졸디알서방캡슐"
"367201ATB","네메올정,네오메졸정,넥사브이정,넥세라정,넥소메라정,넥소메정,넥소칸정,넥소프라정,넥스라졸정,넥스온정"
"367202ACH","넥소졸캡슐,넥시메졸캡슐,넥트라캡슐,에소놀캡슐,에소마크캡슐,에소멜캡슐,에소파졸캡슐,에스오졸캡슐,오시움캡슐,유스메졸캡슐"
"367202ACR","에소메졸디알서방캡슐,에스오텍디알서방캡슐,유스메졸디알서방캡슐"
"367202ATB","네메올정,네오메졸정,넥사브이정,넥세라정,넥소메라정,넥소메정,넥소칸정,넥소프라정,넥스라졸정,넥스온정"
"367602ATB","헤로틴정45밀리그람,헤모골드에프정,훼리두스에스정"
"367901CPL","부채표아나프리첩부제,탑사이드첩부제"
"367901CPO","뉴펜스탑카타플라스마,조인텍카타플라스마"
"367902CPL","탑사이드첩부제,통에존플라스타(펠비낙) 70cm2,통에존플라스타(펠비낙)70cm2"
"368100CCM","엘린플러스크림,카네스텐플러스크림,하이드로졸크림,하이졸크림,하이트리크림"
"368301BIJ","다이이치구연산갈륨주사액,듀폰구연산갈륨주사액,텍시빌구연산갈륨주"
"368401BIJ","과테크네튬산나트륨주사액 제너레이터,과테크네튬산나트륨주사액제너레이터,드라이텍제너레이터주사액제너레이터,말린크로트울트라테크네코에프엠제너레이터주사액제너레이터,싱코르과테크네튬산나트륨10주,싱코르과테크네튬산나트륨5주,에이알아이몰리부덴 테크네튬제너레이터주사액제너레이터,에이알아이몰리부덴테크네튬제너레이터주사액제너레이터,엔바이로과테크네튬산나트륨주사액제너레이터,엘루마틱III테크네튬제너레이터"
"368501BIJ","다이이치염화탈륨주사액,듀폰염화탈륨주사액,씨아이에스염화탈륨주,에이알아이염화염화탈륨주사액,이메딕스염화탈륨주사액,텍시빌씨아이에스염화탈륨주,한국원자력의학원염화탈륨주사액"
"368507BIJ","싱코르다이치염화탈륨3주,씨아이에스염화탈륨주"
"368610ACH","말린크로트요오드화나트륨T캡슐,맬린크로드요오드화나트륨캅셀100mCi,싸이로100캅셀,싸이로캅셀,싸이로키치료용 캡슐,싸이로키치료용캡슐,싸이로키피치료용요오드화나트륨캡슐,싸이로탑요오드화나트륨치료용캡슐100mci,에이알아이요오드화나트륨캅셀,유니텍요오드화나트륨캡슐"
"368611ACH","싱코르방사성요오드화나트륨10캅셀,싸이로키치료용 캡슐,싸이로키치료용캡슐,싸이로키피치료용요오드화나트륨캡슐"
"368612ACH","말린크로트요오드화나트륨T캡슐,싸이로200캅셀,싸이로캅셀,싸이로키치료용 캡슐,싸이로키치료용캡슐,에이알아이요오드화나트륨캅셀,유니텍요오드화나트륨캡슐,이메딕스요오드화나트륨 T 캡슐,이메딕스요오드화나트륨T캡슐"
"368613ACH","말린크로트요오드화나트륨T캡슐,싸이로캅셀,싸이로키치료용 캡슐,싸이로키치료용캡슐,싸이로키피치료용요오드화나트륨캡슐,에이알아이요오드화나트륨캅셀,유니텍요오드화나트륨캡슐,이메딕스요오드화나트륨T캡슐30mCi,이메딕스치료용요오드화 나트륨캡슐,이메딕스치료용요오드화나트륨캡슐"
"368614ACH","말린크로트요오드화나트륨T캡슐,맬린크로드요오드화나트륨50mCi캅셀,싸이로50캅셀,싸이로캅셀,싸이로키치료용 캡슐,싸이로키치료용캡슐,싸이로키피치료용요오드화나트륨캡슐,싸이로탑요오드화나트륨치료용캡슐50mci,에이알아이요오드화나트륨캅셀,유니텍요오드화나트륨캡슐"
"368615ACH","싱코르방사성요오드화나트륨5캅셀,싸이로키치료용 캡슐,싸이로키치료용캡슐,싸이로키피치료용요오드화나트륨캡슐"
"368616ALQ","방사성요오드화나트륨액,싱코르요오드화나트륨액,유니텍요오드화나트륨액"
"368617ACH","말린크로트요오드화나트륨T캡슐,맬린크로드요오드화나트륨캅셀150mCi,싸이로150캅셀,싸이로캅셀,싸이로키치료용 캡슐,싸이로키치료용캡슐,에이알아이요오드화나트륨캅셀,유니텍요오드화나트륨캡슐,이메딕스요오드화나트륨T캡슐150mCi,테라캡131캅셀"
"368619ACH","싸이로키치료용 캡슐 캡슐,싸이로키치료용캡슐캡슐,유니텍요오드화나트륨캡슐,테라캡131캅셀140mCi"
"368621ACH","싸이로키치료용 캡슐,싸이로키치료용캡슐,유니텍요오드화나트륨캡슐,캡션치료용캡슐,테라캡131캅셀,텍시빌캡션치료용캡슐"
"368622ACH","싸이로키치료용 캡슐,싸이로키치료용캡슐,유니텍요오드화나트륨캡슐,캡션치료용캡슐,테라캡131캅셀,텍시빌캡션치료용캡슐"
"368625ACH","싸이로키치료용 캡슐,싸이로키치료용캡슐,유니텍요오드화나트륨캡슐,테라캡131캅셀40mCi"
"368627ACH","말린크로트요오드화나트륨T캡슐,싸이로키치료용 캡슐,싸이로키치료용캡슐,에이알아이요오드화나트륨캅셀,유니텍요오드화나트륨캡슐,캡션치료용캡슐,테라캡131캅셀,텍시빌캡션치료용캡슐"
"368629ACH","싸이로키치료용 캡슐,싸이로키치료용캡슐"
"368630ACH","싸이로키치료용 캡슐,싸이로키치료용캡슐"
"368631ACH","싸이로키치료용 캡슐,싸이로키치료용캡슐"
"368632ACH","싸이로키치료용 캡슐,싸이로키치료용캡슐"
"368633ACH","싸이로키치료용 캡슐,싸이로키치료용캡슐,유니텍요오드화나트륨캡슐,캡션치료용캡슐,텍시빌캡션치료용캡슐"
"368634ACH","싸이로키치료용 캡슐,싸이로키치료용캡슐,싸이로키피치료용요오드화나트륨캡슐,유니텍요오드화나트륨캡슐,캡션치료용캡슐,텍시빌캡션치료용캡슐,폴라톰치료용요오드화나트륨캡슐"
"368635ACH","싸이로키치료용 캡슐,싸이로키치료용캡슐"
"368636ACH","싸이로키치료용 캡슐,싸이로키치료용캡슐"
"368639ACH","싸이로키치료용 캡슐 캡슐,싸이로키치료용캡슐캡슐,유니텍요오드화나트륨캡슐"
"368641ACH","말린크로트요오드화나트륨T캡슐,유니텍요오드화나트륨캡슐,테라캡131캅셀"
"368647ACH","말린크로트요오드화나트륨T캡슐,싸이로,싸이로키치료용 캡슐,싸이로키치료용캡슐,유니텍요오드화나트륨캡슐"
"368655ACH","싸이로키피치료용요오드화나트륨캡슐,폴라톰치료용요오드화나트륨캡슐"
"368656ACH","싸이로키피치료용요오드화나트륨캡슐,이메딕스치료용요오드화 나트륨캡슐,이메딕스치료용요오드화나트륨캡슐,폴라톰치료용요오드화나트륨캡슐"
"368901BIJ","동아에취엠피에이오주,세레텍주,셀비온에취엠피에이오주,스타빌라이지드세레텍주"
"369101BIJ","동아세스타미비주구리(I)테트라플루오로보레이트,셀비온세스타미비주구리(I)테트라플루오로보레이트,스테미시스주구리(I)테트라플루오로보레이트,카디올라이트구리(I)테트라플루오로보레이트,테크네스캔세스타미비1mg주구리(I)테트라플루오로보레이트,텍시빌스테미시스주구리(I)테트라플루오로보레이트"
"369201BIJ","메타스트론주,스트론튬클로라이드에스알 89주사액,스트론튬클로라이드에스알89주사액"
"369401BIJ","테크네디엠에스에이키트주사"
"369402BIJ","셀비온디엠에스에이주,캐리디엠에스에이,텍시빌레노시스주"
"369403BIJ","테크네스캔디엠에스에이주"
"369501BIJ","테크네디티피에이키트주사"
"369503BIJ","테크네스캔디티피에이주"
"369903BIJ","테크네스캔피와이피주,테크네스캔피와이피주사"
"371300BIJ","세로탐주0.5그람,세페라탐주0.5그람,파라탐주0.5그람"
"372501CDS","바이오로지컬드레싱스폰지(업저버블젤라틴스폰지) 4.5x5.5cm2,바이오로지컬드레싱스폰지(업저버블젤라틴스폰지)4.5x5.5cm2,젤폼스폰지"
"372502CDS","바이오로지컬드레싱스폰지(업저버블젤라틴스폰지) 11x13cm2,바이오로지컬드레싱스폰지(업저버블젤라틴스폰지)11x13cm2,젤폼스폰지"
"372503CDS","바이오로지컬드레싱스폰지,큐탄플라스트스폰지,헤모스폰"
"372505CDS","바이오로지컬드레싱스폰지,큐탄플라스트스폰지"
"372506CDS","바이오로지컬드레싱스폰지,큐탄플라스트스폰지"
"372513CDS","윌로스폰스폰지(스탠다드 덴탈 스페셜 탐폰,윌로스폰스폰지(스탠다드덴탈스페셜탐폰"
"372514CDS","윌로스폰스폰지(스탠다드 덴탈 스페셜 탐폰,윌로스폰스폰지(스탠다드덴탈스페셜탐폰"
"372515CDS","윌로스폰스폰지(스탠다드 덴탈 스페셜 탐폰,윌로스폰스폰지(스탠다드덴탈스페셜탐폰"
"372516CDS","윌로스폰스폰지(스탠다드 덴탈 스페셜 탐폰,윌로스폰스폰지(스탠다드덴탈스페셜탐폰"
"372701CLQ","성광소독용에탄올,스킨코튼볼액,엔에스소독용에탄올"
"373301CCM","그레이스겔,모이스겔,뮤즈린겔,트란스겔"
"373302CCM","루루그린서질겔,루브겔,술리딘젤리"
"374601ATB","건일몬테루카스트츄정,글로레어츄정,뉴마스트츄정,뉴몬테카트츄정,대웅몬테루카스트츄정,동광몬테루카스트츄정,라이트몬테루카스트츄정,레어스트츄정,루이카츄정,루카스트츄정"
"374601ATD","몬테루칸속붕해정,몬테오티에프구강붕해필름,몬테프리오디에프,싱귤로드속붕정,싱귤맥스속붕정,애스몬테속붕정,엘루카구강붕해정"
"374602ATB","건일몬테루카스트정,글로레어정,뉴마스트정,뉴몬테카트정,대웅몬테루카스트정,동광몬테루카스트정,디레어정,라이트몬테카스트정,레어스트정,루이카정"
"374602ATD","몬테루칸속붕해정,몬테오티에프구강붕해필름,몬테프리오디에프"
"374603AGN","건일몬테루카스트세립,뉴마스트세립,뉴몬테카트세립,대웅몬테루카스트세립,루케어세립,루키오세립,모노루카세립,모놀레어세립,몬카르세립,몬테락세립"
"374603ASY","메디루카건조시럽"
"374603ATB","건일몬테루카스트츄정,뉴마스트츄정,뉴몬테카트츄정,대웅몬테루카스트츄정,동광몬테루카스트츄정,라이트몬테루카스트츄정,레어스트츄정,루이카츄정,루카스트츄정,루카트린츄정"
"374603ATD","몬테루칸속붕해정,몬테프리오디에프,싱귤로드속붕정,싱귤맥스속붕정,애스몬테속붕정,엘루카구강붕해정"
"378601ATB","대웅바이오쿠에티아핀정,동화쿠에티아핀정,명문쿠에티아핀정,미래쿠에티아핀정,베아켈정,삼성쿠에티아핀정,세로아핀정,세로큐정,스무디핀정,신신쿠에티아핀정"
"378602ATB","대웅바이오쿠에티아핀정,동화쿠에티아핀정,명문쿠에티아핀정,미래쿠에티아핀정,베아켈정,비엘쿠에티정,삼성쿠에티아핀정,세로아핀정,세로큐정,스무디핀정"
"378603ATB","대웅바이오쿠에티아핀정,동화쿠에티아핀정,명문쿠에티아핀정,미래쿠에티아핀정,베아켈정,삼성쿠에티아핀정,세로큐정,스무디핀정,신신쿠에티아핀정,쎄로켈정"
"378604ATB","대웅바이오쿠에티아핀정,동화쿠에티아핀정,명문쿠에티아핀정,미래쿠에티아핀정,베아켈정,삼성쿠에티아핀정,세로큐정,쎄로켈정,쎄로타핀정,쎄로티핀정"
"378605ATB","쿠에타핀정,쿠티아핀정,큐로켈정"
"378605ATR","쎄로켈서방정,카세핀서방정,쿠에타핀서방정,쿠에티서방정,큐로켈서방정,환인쿠에타핀서방정"
"378606ATR","쎄로켈서방정,카세핀서방정,쿠에타핀서방정,쿠에티서방정,큐로켈서방정,환인쿠에타핀서방정"
"378607ATR","쎄로켈서방정,카세핀서방정,쿠에타핀서방정,쿠에티서방정,큐로켈서방정,환인쿠에타핀서방정"
"378608ATR","쎄로켈서방정,카세핀서방정,쿠에타핀서방정,쿠에티서방정,큐로켈서방정,환인쿠에타핀서방정"
"378609ATR","쎄로켈서방정,카세핀서방정,쿠에타핀서방정,쿠에티서방정,큐로켈서방정,환인쿠에타핀서방정"
"378610ATB","동화쿠에티아핀정,카세핀정,쿠에타핀정,쿠티아핀정,큐로켈정"
"378801ATB","네오텔미정,녹십자텔미사르탄정40밀리그램,뉴텔미정,동구텔미사르탄정40밀리그램,동성텔미사르탄정40밀리그램,동아텔미사르탄정,메가텔미정,모노스핀정,모노티탄정,미르디스정"
"378802ATB","네오텔미정,녹십자텔미사르탄정80밀리그램,동구텔미사르탄정80밀리그램,동성텔미사르탄정80밀리그램,동아텔미사르탄정,메가텔미정,모노스핀정,모노티탄정,미르디스정,미르텔정"
"378803ATB","미르텔정,미르토정,텔미트렌정,텔카딘정"
"378900ATB","국제로잘탄플러스에프정,뉴로탄플러스에프정,대한뉴팜로잘탄플러스에프정,대화로자탄플러스에프정,라피신플러스에프정,로더플러스에프정,로드플러스에프정,로사닌플러스에프정,로사르플러스에프정,로사크로디정"
"379301ALQ","볼그레액,알부맥스액"
"379302ACH","볼그레캡슐,알부맥스캡슐"
"379501ATB","노보넘정0.5밀리그람,레파넘정"
"379502ATB","노보넘정1.0밀리그람,레파넘정"
"379503ATB","노보넘정2.0밀리그람,레파넘정2밀리그람"
"379601ATE","데나신정,데노실정,사데닌정,사덴정,사메론정,사치온정,세미온정,세이미정,아로닌정,아티오닐정"
"379800ASY","박타목스건조시럽"
"379900ASY","뉴피론건조시럽,듀오설탐건조시럽,라모탐건조시럽,목시설탐건조시럽,목시탐건조시럽,박타목스건조시럽,박타목신건조시럽,설타몬건조시럽,설타실린건조시럽,소아용설박신건조시럽"
"380000ATB","뉴박탁신정,뉴프론정,뉴피론정,듀오박탐정,듀오설탐정,락타박탐정,맥시썰탐정500밀리그람,박타목신정,박타실린정,설박신정"
"380200ATB","튜비스투정150 300밀리그램,튜비스투정150300밀리그램"
"380301ATB","리목스정,모록사신정,모벨록신정,목사신정,목시플로정,아벨록스정400밀리그람,조이록신정,퀴녹스정"
"380302BIJ","아벨록스주400밀리그람,아벨록스주400밀리그람(염산목시플록사신"
"380302COS","모록사신점안액,목시벨라점안액,목시브루점안액,목시비트점안액,목시스타점안액,목시아인점안액,목시카신점안액,목시트라점안액,목시포스점안액,목시플로점안액"
"380330COS","목시스타점안액,옵살로신점안액"
"380331COS","목시스타점안액,목시카신점안액,옵살로신점안액"
"380333COS","라이트목시점안액,모록사신점안액,목시벨라점안액,목시브루점안액,목시비트점안액,목시스타점안액,목시아이점안액,목시카신점안액,목시타신점안액,목시탄점안액"
"380334COS","라이트목시점안액,리목신점안액,목시스타점안액,목시아인점안액,목시카신점안액,목시탄점안액,목시트라점안액,목시프란점안액,목시프로점안액,목시플로점안액"
"380500ATB","코사돈정5 325밀리그람,코사돈정5325밀리그람"
"380700BIJ","보인 에이.씨.디.에이액,보인에이.씨.디.에이액,씨.티.지.액"
"381300BIJ","맥시썰탐주,박타목스주,박타실린주,썰타목스주,씨목스주1500밀리그람,아모박탐주,아목시브주,아목시썰탐주,아목썰탐주,아목탐주"
"381400BIJ","박타목스주 375mg,박타목스주375mg,탐실린주"
"381500BIJ","맥시썰탐주,박타목스주,박타실린주,썰타목스주,씨목스주750밀리그람,아모박탐주,아목시브주,아목시썰탐주,아목썰탐주,아목탐주"
"382001CCM","무피덤크림,무피카인크림,비피로신크림,에이로반크림,엠로피크림"
"382201CLQ","그린태고액,동인당태고지액,멀티포스액,성광태고액,엘에이지 10액,엘에이지10액,태평양테고51"
"382202CLQ","그린태고액,동인당태고지액,멀티포스액,성광태고액"
"382203CLQ","그린태고액,동인당태고지액,성광태고액"
"383501BIJ","램시마주,램시마주(인플릭시맵,레마로체주(인플릭시맵,레미케이드주사(인플릭시맵"
"383502BIJ","램시마펜주(인플릭시맵,램시마프리필드시린지주(인플릭시맵,셀트리온램시마펜주(인플릭시맵"
"385203ACR","갈라닐피알서방캡슐,뉴멘타민서방캡슐,레미닐피알서방캡슐,명인갈란타민서방캡슐"
"385204ACR","갈라닐피알서방캡슐,뉴멘타민서방캡슐,디멘타민서방캡슐,레미닐피알서방캡슐,명인갈란타민서방캡슐"
"385205ACR","갈라닐피알서방캡슐,뉴멘타민서방캡슐,레미닐피알서방캡슐,명인갈란타민서방캡슐"
"385700ATB","베사탄플러스정150 12.5밀리그람,베사탄플러스정15012.5밀리그람,베스탄플러스정,셀프로벨플러스정150 12.5밀리그램,셀프로벨플러스정15012.5밀리그램,아벨플러스정150,아이살탄플러스정150 12.5밀리그램,아이살탄플러스정15012.5밀리그램,아이자탄플러스정,이노엔아벨탄플러스정150 12.5밀리그램"
"385800ATB","베사탄플러스정300 12.5밀리그람,베사탄플러스정30012.5밀리그람,베스탄플러스에프정,셀프로벨플러스정300 12.5밀리그램,셀프로벨플러스정30012.5밀리그램,아벨플러스정300,아이살탄플러스정300 12.5밀리그램,아이살탄플러스정30012.5밀리그램,이노엔아벨탄플러스정300 12.5밀리그램,이노엔아벨탄플러스정30012.5밀리그램"
"386401APD","무코신일산,무코치올에스산"
"386430APD","무코치올에스산"
"386431APD","무코신일산,무코치올에스산"
"387900ACS","모아칼연질캡슐,부루칼스연질캅셀"
"388801BIJ","다이아그노스틱알러젠익스트렉트,캄프리헨시브스킨테스트캐비넷"
"388900BIJ","박스터염산도부타민100mg과포도당주사액,씨제이도부타민프리믹스100mg주,중외염산도부타민100밀리그람과포도당주사액"
"389000BIJ","박스터염산도부타민200mg과포도당주사액,이노엔도부타민프리믹스200mg주,중외염산도부타민200밀리그람과포도당주사액"
"389100BIJ","박스터염산도부타민400mg과포도당주사액,중외염산도부타민400밀리그람과포도당주사액"
"389300BIJ","박스터염산도파민160mg과포도당주사액,중외염산도파민160밀리그람과포도당주사액"
"389400BIJ","박스터염산도파민160mg과포도당주사액,이노엔염산도파민프리믹스160mg주,중외염산도파민160밀리그람과포도당주사액"
"389500BIJ","박스터염산도파민320mg과포도당주사액,이노엔염산도파민프리믹스320mg주,중외염산도파민320밀리그람과포도당주사액"
"389600BIJ","박스터염산도파민80mg과포도당주사액,중외염산도파민80밀리그람과포도당주사액"
"389700BIJ","이노엔염산도파민프리믹스80mg주,중외염산도파민80밀리그람과포도당주사액"
"389902CLQ","구연산나트륨항응고액 녹의공,구연산나트륨항응고액녹의공,녹십자엠에스구연산나트륨항응고액"
"390000BIJ","보인 씨.피.디액,보인 씨피디액,보인씨.피.디액,보인씨피디액,씨.피.디.액 녹십자상아,씨.피.디.액녹십자상아,에드 엠(ADD M)액,에드엠(ADDM)액"
"391501COS","모아세틴점안액,베루틴점안액,세라틴점안액,옵티루틴점안액,트레아틴점안액,포소루틴점안액"
"391701COS","로파딘점안액,리타놀점안액,베아놀점안액,비타놀점안액,아이올로점안액,아이파딘점안액,알러비드점안액,알레놀점안액,알레리스점안액,알레파타딘점안액"
"391703ATB","레보파트정,셀로파정,알레놀정,알레락정,알레리스정,알레파딘정,알레파타딘정,알로타딘정,알피올로파타딘정,오로파트정"
"391704COS","라이트올론점안액,아이파딘점안액,알레리스프로점안액,알레파타딘점안액,알파데이점안액,올로원스점안액,올로텐플러스점안액,옵티파딘점안액,클리데이점안액,파라딘점안액"
"391705COS","알러비드점안액,올로파놀점안액,파타딘점안액(올로파타딘염산염"
"391706COS","데일리원스점안액,알레파타딘점안액,올로원스점안액,올로텐플러스점안액"
"391708COS","올로텐점안액,파타딘점안액(올로파타딘염산염"
"391709COS","알파데이점안액,파타딘점안액(올로파타딘염산염"
"391730COS","알러비드점안액,알레파타딘점안액,올로텐점안액,파타딘점안액(올로파타딘염산염"
"391731COS","알러비드점안액,알레파타딘점안액,올로파놀점안액,파타딘점안액(올로파타딘염산염"
"391732COS","알레파타딘점안액,알파데이점안액"
"391733COS","데일리원스점안액,라이트올론점안액,베아놀점안액,알러비드점안액,알레파타딘점안액,알파데이점안액,올로루체점안액,올로벨라0.2에스디점안액,올로원스점안액,올로텐플러스점안액"
"391736COS","라이트올론점안액,리타놀점안액,베아놀점안액,아로타딘점안액,알러비드점안액,알레놀점안액,알레리스점안액,알레파타딘점안액,알리놀점안액,알파딘점안액"
"391737COS","라이트올론점안액,로파딘점안액,루체피점안액,리타놀점안액,비타놀점안액,아로타딘점안액,아이올로점안액,아이파딘점안액,알러비드점안액,알레놀점안액"
"391738COS","라이트올론점안액,리타데이점안액,아이파딘점안액,아이파타딘점안액,알러비드점안액,알레리스프로점안액,알레파타딘점안액,알파데이점안액,엑솔점안액,오파딘점안액"
"391740COS","알레파타딘점안액,파타딘점안액"
"391742COS","알레파타딘점안액,오큐올로점안액,올로비드엠점안액,올로타딘점안액,올로텐하이점안액,올로파워점안액,파제오점안액"
"391743COS","라이트올론점안액,타파딘점안액,파타딘큐디점안액,파타원미니점안액"
"391744COS","라이트올론점안액,올로원스점안액,파타딘큐디점안액,휴로타딘점안액"
"391747COS","라이트올론점안액,알레파타딘점안액,올로텐하이점안액,올타딘점안액,파라딘점안액"
"391749COS","알러비드점안액,알레파타딘점안액"
"391751COS","라이트올론점안액,리타맥스점안액,알러비드점안액,알레파타딘점안액,알레프로점안액,엑솔점안액,올로텐하이점안액,올타딘점안액,파라딘점안액"
"391800CSI","심비코트터부헬러160 4.5마이크로그램,심비코트터부헬러1604.5마이크로그램"
"392001CLQ","그린관장약(농글리세린,성광관장약"
"392030CLQ","그린관장약(농글리세린,성광관장약"
"392031CLQ","그린관장약(농글리세린,성광관장약"
"392032CLQ","그린관장약(농글리세린"
"392034CLQ","그린관장약(농글리세린"
"392401CCM","광동프라목신크림,라모카인크림,프라렉신크림,프라맥스크림,헤모렉스크림"
"392430CCM","광동프라목신크림,라모카인크림,프라렉신크림,헤모렉스크림,헤모엔크림"
"393301DPD","크린카트에이,크린카트에이(CleanCartA"
"393501CLQ","그린와이나액,바이덱스액,와이덱스액,이지덱시액"
"393505CLQ","스테리스코프액3w v%,스테리스코프액3wv%"
"399600BIJ","이노엔도부타민프리믹스100mg주,중외염산도부타민100밀리그람과포도당주사액"
"399700BIJ","씨제이도부타민프리믹스200mg주,중외염산도부타민200밀리그람과포도당주사액"
"400200BIJ","녹십자엠에스씨.피.디.에이원항응고액,보인 씨.피.디.에이원항응고액,보인 씨.피.디.에이항응고액,보인씨.피.디.에이원항응고액,보인씨.피.디.에이항응고액"
"400600BIJ","대한포도당가칼륨나트륨주3호,이노엔포도당나트륨칼륨주3"
"401602COS","비바루브리케이팅아이드롭스,중외신약폴리소르베이트80점안액"
"401635COS","비바루브리케이팅아이드롭스,중외신약폴리소르베이트80점안액"
"401637COS","레비타점안액,아이듀점안액,퓨어아이점안액"
"402501ATB","미라펙스정,미라프정,산도스프라미펙솔정,파킨펙솔정,프라펙솔정,피디펙솔정"
"402502ATB","미라펙스정,미라프정,산도스프라미펙솔정,파킨펙솔정,프라미펙스정,프라펙솔정,피디펙솔정,피엠에스프라미펙솔정"
"402503ATB","미라펙스정,미라프정,산도스프라미펙솔정,파킨펙솔정,프라펙솔정,피디펙솔정,피엠에스프라미펙솔정"
"402504ATB","미라펙스정,미라프정,산도스프라미펙솔정,파킨펙솔정,프라미펙스정,프라펙솔정,피디펙솔정,피엠에스프라미펙솔정"
"402505ATR","미라펙스서방정,미라프서방정,프라펙솔서방정,피디펙솔서방정"
"402506ATR","미라펙스서방정,미라프서방정,프라펙솔서방정,피디펙솔서방정"
"402507ATR","미라펙스서방정,미라프서방정,프라펙솔서방정,피디펙솔서방정"
"406201ATB","글리톨정,미그보스필름코팅정"
"406400BIJ","씨제이도부타민프리믹스400mg주,중외염산도부타민400밀리그람과포도당주사액"
"408501DMS","쓰리엠스테리 가스EO카트리지,쓰리엠스테리가스EO카트리지"
"412601ACH","5 에이치티피캅셀,5에이치티피캅셀"
"412701ATB","글로팁정,글리닙정,글리마정,글리벡필름코팅정,글리부렌정,글리티브필름코팅정,뉴티닙필름코팅정,루키벡필름코팅정,류코벡정,메가벡정"
"412702ATB","글리닙정,글리마정,글리부렌정,뉴티닙필름코팅정,루키벡필름코팅정,케어벡정"
"412703ATB","글로팁정,글리닙정,글리마정,글리부렌정,글리티브필름코팅정,뉴티닙필름코팅정,루키벡필름코팅정,류코벡정,메가벡정,이니벡정"
"412901ATB","리네졸린정,리녹사졸정,리조리드정,마이코복스정,씨네졸리드정,자이복스정600밀리그람,한올리네졸리드정600밀리그램"
"412901BIJ","씨네졸리드주 밀리리터,씨네졸리드주밀리리터,자이복스주2밀리그람 밀리리터,자이복스주2밀리그람밀리리터,제이더블유리네졸리드주사,한올리네졸리드주 밀리리터,한올리네졸리드주밀리리터"
"412930BIJ","씨네졸리드주 밀리리터,씨네졸리드주밀리리터,자이복스주2밀리그람 밀리리터,자이복스주2밀리그람밀리리터,제이더블유리네졸리드주사,한올리네졸리드주 밀리리터,한올리네졸리드주밀리리터"
"415501ATD","나그란구강붕해정,나라두구강붕해정,나라탄구강붕해정,나라필구강용해필름,파마나라트립탄구강붕해정"
"415701APD","씨트리락티톨산,유한 락티톨산,유한락티톨산,콜마락티톨산,포탈락산"
"415730APD","유한락티톨산,포탈락산"
"416601ATB","류마스정[위령선 괄루근 하고초에탄올엑스],류마스정[위령선괄루근하고초에탄올엑스],류마프리정,류티스정,보인트정,본조인정,슈넬조인트정,아나판정,아리스타정,아리엘정"
"417201ASY","페리비타시럽,헤모텐시럽,훼마틴에이시럽"
"418400BIJ","엠지티엔에이주페리,카비벤페리페랄주"
"418500BIJ","엠지티엔에이주페리,카비벤페리페랄주"
"418600BIJ","카비벤페리페랄주"
"418801BIJ","콘드론"
"420002ATB","솔리안정,아미썰정,아칸솔정,폴라리스정,한림아미설프리드정400밀리그램"
"420003ATB","솔리안정,아미썰정,아칸솔정,폴라리스정,한림아미설프리드정100밀리그램"
"420004ATB","솔리안정,아미썰정,한림아미설프리드정200밀리그램"
"420101ATB","지아겐정,지아겐정300밀리그람"
"420500CLQ","베리플라스트 피콤비세트1mL,베리플라스트피콤비세트1mL"
"420701BIJ","조메본프리필드주사,조메타레디주사액,조메타주사액4밀리그람,조본주사액,졸레닉주"
"420702BIJ","산도스졸레드론산주사액,아클라스타주사액5밀리그람,유라스타주사액"
"420730BIJ","조메타레디주사액"
"420731BIJ","조메본프리필드주사,조메타주사액,조본주사액,졸레닉주"
"420732BIJ","대웅졸레드론산주사액,대한싸이텍주,대화졸레드론산주사액,동광졸레드론산주,산도스졸레드론산주사액,스타드론주,씨엠지졸레드론산주,원스본주,유니온졸레드론산주,유라스타주"
"421001APD","가스모틴산,가스모틴산제"
"421001ATB","가나모티정,가나티란정,가모드정,가모사드정,가모시드정,가모틴정,가모프리정,가모피드정,가스루정,가스리드정"
"421004ATR","가나모티에스알정,가모드서방정,가모시드에스알정,가모텍에스알서방정,가모틴에스알정,가모피드서방정,가스모사씨알정,가스모틴에스알정,가스젯에스알정,가스탁서방정"
"421100ATB","글리보메트정,메티벤정400"
"422300BIJ","아미노글루주,아미노풀주"
"422400BIJ","글라민주,글루타솔주,아미노글루주,아미노풀주"
"422500BIJ","엠지티엔에이주,와이즈티엔에이주,카비벤주"
"422630BIJ","맙테라주(리툭시맙,싸이시맙주(리툭시맙,트룩시마주(리툭시맙"
"422631BIJ","맙테라주(리툭시맙,싸이시맙주(리툭시맙,트룩시마주(리툭시맙"
"423200BIS","다이아닐피디 투액,다이아닐피디투액"
"423400BIS","다이아닐피디 투액,다이아닐피디투액"
"423500BIS","다이아닐피디 투액,다이아닐피디투액"
"423700ATB","고려칸데사르탄플러스정,글로아타플러스정,네오칸데플러스정,데잘탄플러스정16 12.5밀리그램,데잘탄플러스정1612.5밀리그램,비알칸다플러스정,씨살탄플러스정,아나탄플러스정,아라칸플러스정16,아르탄플러스정16"
"423901BIJ","우리스틴주,유나스틴주,유나스틴주(프리필드시린지,유스타틴주"
"423902BIJ","우리스틴주,유나스틴주,유나스틴주(프리필드시린지,유스타틴주"
"425000BIJ","리도카톤주1:80000,캠브리카이나주"
"425100CDS","타코실,타코실 1매,타코실1매"
"426301COM","토피크로연고,프로토픽연고"
"426302COM","타크로연고,토피크로연고,프로토픽연고"
"426330COM","토피크로연고,프로토픽연고"
"426331COM","토피크로연고,프로토픽연고"
"426332COM","타크로연고,토피크로연고,프로토픽연고"
"426333COM","타크로연고,토피크로연고,프로토픽연고"
"427900BIJ","엠지티엔에이주,와이즈티엔에이주,카비벤주,콤비플렉스리피드센트랄주"
"428000BIJ","엠지티엔에이주,카비벤주,콤비플렉스리피드센트랄주"
"428102ATR","니코놉서방정,니코피온서방정,바이넥스부프로피온염산염서방정150mg,부프론서방정,스타피온서방정,안프레스서방정,애드피온서방정,웰부트린서방정,웰부트린엑스엘정,웰뷰더마서방정"
"428601ATB","가스디알정,디맥스정,디메라제정,디메코정,디메크론정,디메클정,디메타제정,디메탈정,디메틴정,디메프로정"
"429001ASS","레보페라스현탁액,콜스틴현탁액,크로날현탁액,클로스틴현탁액,클로투스현탁액,투스타민현탁액,투스타현탁액,투스틴현탁액,팬나스틴현탁액,페라코푸현탁액"
"429030ASS","크로날현탁액,투스타민현탁액,프리비투스현탁액"
"429031ASS","레보페라스현탁액,크로날현탁액,투스타민현탁액,프리비투스현탁액"
"429101BIJ","코팍손주,코팍손프리필드주"
"429102BIJ","코팍손프리필드주"
"429130BIJ","코팍손주,코팍손프리필드주"
"429131BIJ","코팍손프리필드주"
"430101ATB","가스렌정1,가스칸정,가스타놀정,가스토렌정,가스트렌정,가스티렌정,게스타렌정,네오렌정,넥스틸정,넥실렌이정[애엽에탄올연조엑스]"
"430102ATB","가스칸투엑스정,가스타놀투엑스정,가스티렌투엑스정,게스타렌투엑스정,넥스틸투엑스정,넬티렌투엑스정,뉴틸렌투엑스정,무코렌투엑스정,바이틸린투엑스정,베아렌투엑스정"
"430202ATB","그리드정,글라틱정,글루나테정,글루래피드정,글리나데정,글리스틱정,글리톤정,나그린정,나글리드정,나리드정"
"430203ATB","글리나데정,나리드정,네이텍정,파스틱정"
"430600ATB","듀오다인정,라트셋정,아라펜정,아트놀셋정,아트마정,아트셋정,웰트라정,유트렌정,트라임정"
"430603BIJ","레보로카인주,카이로케인주"
"430632BIJ","레보로카인주,카이로케인주"
"430731BIJ","대한칼시톨주,에이플라주,젬시톨주,젬플디주,젬플라주,젬플라주(앰플,파리비엠주,파리시톨주,파리칼주,파리톨주"
"431601BIJ","리콤비네이트,애드베이트주,코지네이트 에프에스 주,코지네이트에프에스주"
"431630BIJ","애드베이트주,코지네이트 에프에스 주,코지네이트에프에스주"
"431631BIJ","애드베이트주,코지네이트 에프에스 주,코지네이트에프에스주"
"431632BIJ","애드베이트주,코지네이트 에프에스 주,코지네이트에프에스주"
"431633BIJ","애드베이트주"
"431701BIJ","베네픽스주"
"431730BIJ","베네픽스주"
"431731BIJ","베네픽스주"
"431732BIJ","베네픽스주"
"431733BIJ","베네픽스주"
"431734BIJ","베네픽스주"
"431901ATB","국제피오글리타존정,그루타존정,그리타존정,그리핀정,글레존정,글루리스정,글루스탑정,글루코논정,글루타존정,글루토스정"
"431902ATB","국제피오글리타존정,그리핀정,글루스탑정,글루코논정,대웅피오글리타존정,라이트피오글리타정,보령피오글리타존정,액타즈정,액토스정,액토스정30밀리그람"
"432000BIJ","카베닌제이주,카베닌주,카베닌주0.5그람"
"433700ATB","페모스톤정1 10,페모스톤정110"
"433900ATB","인디비나정 2.5밀리그램,인디비나정2.5밀리그램"
"434000ATB","인디비나정 5밀리그램,인디비나정5밀리그램"
"434100ATB","인디비나정 5밀리그램,인디비나정5밀리그램"
"434601ATB","듀로바정,레나바정,레노미드정,레루바정,레프미드정10밀리그람,레플루정,레플정,루알바정,류마이드정,류마킨정"
"434602ATB","듀로바정,레나바정,레노미드정,레루바정,레프루정,레프미드정20밀리그람,레프바정,레플루정,레플정,레필로정"
"438901ATB","글로나제정,네오나제정,넥스라제정,누제정,다나제정,도르나제정(스트렙토키나제.스트렙토도르나제,도키나제정,두리다제정,듀오나제정(스토렙토키나제·스트렙토도르나제,레오다제정"
"439101ATB","다브론정,독시마정,렉시핀정,액시마정"
"439201ATB","명인엔타카폰정200밀리그램,엔타폰정,콤탄정"
"439502ATB","모다닐정,프로비질정"
"439601BIJ","젠자임타이로젠주,타이로젠주"
"439701BIJ","젠자임파브라자임주,파바갈주,파브라자임주"
"439901BIJ","아지탑스주사,지스로맥스주사"
"440001BIJ","카스펀주,칸시다스주,칸시다스주50밀리그람"
"440002BIJ","카스펀주,칸시다스주,칸시다스주70밀리그람"
"440100ATB","아모크라듀오정,아목시클정,오구멘틴듀오포르테정,오그멕스듀오정,프리클란정1000밀리그램"
"440300ATB","나라프릴플러스정,듀오프릴정 20,듀오프릴정20,듀오프릴정20 12.5밀리그램,듀오프릴정2012.5밀리그램,에나플러스정,에날듀오정"
"440400COS","란텔티점안액,잘라콤점안액,잘로스트플러스점안액"
"440800ATB","로바프릴플러스정15,모니박시플러스정15,모에스크플러스정15,모엑시플러스정15,바이프릴정15,엑시플러스정15,유니바스크플러스정15 25밀리그람,유니바스크플러스정1525밀리그람,유니플러스정15,유플러스정15"
"441102ATB","딜리드정,저니스타아이알정"
"441301BIJ","노보래피드플렉스펜주 밀리리터,노보래피드플렉스펜주밀리리터"
"441302BIJ","노보래피드주 밀리리터,노보래피드주밀리리터"
"441303BIJ","노보믹스30플렉스펜주 밀리리터,노보믹스30플렉스펜주밀리리터"
"441304BIJ","노보믹스70플렉스펜주 밀리리터,노보믹스70플렉스펜주밀리리터"
"441305BIJ","노보믹스50플렉스펜주 밀리리터,노보믹스50플렉스펜주밀리리터"
"441330BIJ","노보래피드플렉스펜주 밀리리터,노보래피드플렉스펜주밀리리터,피아스프플렉스터치주 밀리리터,피아스프플렉스터치주밀리리터"
"441331BIJ","노보래피드주 밀리리터,노보래피드주밀리리터,피아스프주 밀리리터,피아스프주밀리리터"
"441332BIJ","노보믹스30플렉스펜주 밀리리터,노보믹스30플렉스펜주밀리리터"
"441333BIJ","노보믹스50플렉스펜주 밀리리터,노보믹스50플렉스펜주밀리리터"
"441334BIJ","노보믹스70플렉스펜주 밀리리터,노보믹스70플렉스펜주밀리리터"
"441700CSI","심비코트터부헬러80 4.5마이크로그램,심비코트터부헬러804.5마이크로그램"
"442101BIJ","패스터텍주,패스터텍주1.5밀리그람"
"442301ATB","리드로퀸정,리스넬정,악토넬정5밀리그람"
"442302ATB","건토넬정,네오드론정,니세론정,대원리세드론산정,드로넬정,리골다정35밀리그램,리나트정,리네세이트정,리도넬정,리드로퀸정"
"442330ATB","리도넬정,리드로퀸정,리보넬정150밀리그램,리본정,리세나정,리세드린정150밀리그램,리세로닌정150밀리그램,리세린정,리세맥정150밀리그램,리세즈정"
"442600ATB","네오반플러스에프정,뉴오디반플러스정160,듀오살탄정160 12.5밀리그램,듀오살탄정16012.5밀리그램,듀오탄정160 12.5mg,듀오탄정16012.5mg,디로탄플러스정160 12.5mg,디로탄플러스정16012.5mg,디바코플러스정160 12.5밀리그램,디바코플러스정16012.5밀리그램"
"442902BIJ","팩티브주"
"443200ATB","네오텔미플러스정40 12.5밀리그램,네오텔미플러스정4012.5밀리그램,동구텔미사르탄플러스정40 12.5밀리그램,동구텔미사르탄플러스정4012.5밀리그램,메가텔미클정40 12.5밀리그램,메가텔미클정4012.5밀리그램,미르디스플러스정40 12.5mg,미르디스플러스정4012.5mg,미르텔플러스정40 12.5밀리그램,미르텔플러스정4012.5밀리그램"
"443300ATB","네오텔미플러스정80 12.5밀리그램,네오텔미플러스정8012.5밀리그램,동구텔미사르탄플러스정80 12.5밀리그램,동구텔미사르탄플러스정8012.5밀리그램,메가텔미클정80 12.5밀리그램,메가텔미클정8012.5밀리그램,미르디스플러스정80 12.5mg,미르디스플러스정8012.5mg,미르텔플러스정80 12.5밀리그램,미르텔플러스정8012.5밀리그램"
"443400ATB","글루리아드정500 2.5밀리그람,글루리아드정5002.5밀리그람,글루반정500,글루코반스정500 2.5밀리그램,글루코반스정5002.5밀리그램,글루콤비정500 2.5밀리그램,글루콤비정5002.5밀리그램,글루크린정500 2.5밀리그램,글루크린정5002.5밀리그램,글루트롤정500"
"443500ATB","글루리아드정500 5밀리그람,글루리아드정5005밀리그람,글루반정500,글루코반스정500 5밀리그램,글루코반스정5005밀리그램,글루콤비정500 5밀리그램,글루콤비정5005밀리그램,글루크린정500 5.0밀리그램,글루크린정5005.0밀리그램,글루트롤정500 5.0밀리그람"
"446401CCM","듀그란크림,엘리델크림"
"446500ASY","맥시크란네오시럽,목사멘틴네오시럽,목시클네오시럽14:1,아모라닉이에스시럽,아모크라네오시럽,아목클란네오시럽,아목타심네오건조시럽,아시크라네오시럽,아클라네오건조시럽,아클란네오시럽"
"447100ATB","트리아핀정2.5 2.5mg,트리아핀정2.52.5mg"
"447200ATB","트리아핀정5 5mg,트리아핀정55mg"
"448000ACH","가나슨캡슐,가네듀오캡슐,간디바캡슐,갈스파에스캡슐,디디비플러스캡슐,러버비캡슐,레가덱스캡슐,리바텍플러스캡슐,리버디캡슐,리비디캡슐"
"448600ATB","트리테이스플러스정2.5 12.5mg,트리테이스플러스정2.512.5mg,하트프릴플러스정2.5"
"448700ATB","트리테이스플러스정5 25mg,트리테이스플러스정525mg,하트프릴플러스정5"
"448801BIJ","테세오스주,텍시빌테세오스주"
"449600ATB","메토펜정,메트바정,아메토정"
"450200BIJ","셉타네스트주1 100 000,셉타네스트주1100000,유니온아티카인·에피네프린주1 10만,유니온아티카인·에피네프린주110만,포시카인주100,휴메딕스아티카인에피네프린주1 10만,휴메딕스아티카인에피네프린주110만,휴온스아티카인에피네프린주1 10만,휴온스아티카인에피네프린주110만"
"451201ATE","노바멜라인장용정,로메라제장용정,로멜라인장용정,롬멜장용정,메가브로멜정,메로타제장용정,멜라인장용정,멜로신정,멜리제정,벨라제정"
"451202ATE","대원브로멜라인장용정,멜라제장용정45밀리그람,멜로신정,벨라제정,브로마장용정,브로멜린장용정45밀리그람,브로멜장용정,브로자임정(브로멜라인,브로젠장용정"
"451302ATB","클로베네정,하이그로톤정25밀리그람"
"451401ATE","마이렙틱엔장용정,마이폴틱장용정"
"451402ATE","마이렙틱엔장용정,마이폴틱장용정"
"451501ATB","대웅아리피프라졸정,동광아리피프라졸정10mg,레피졸정,베아빌리정,보령아리피프라졸정10밀리그램,산도스아리피프라졸정10mg,삼성아리피프라졸정10밀리그램,싸이파이정,아라빌정,아라졸정"
"451501ATD","서울아리피프라졸구강붕해필름10밀리그램,아리파이큐오디정,아빌리파이오디정"
"451502ATB","대웅아리피프라졸정15밀리그램,동광아리피프라졸정15mg,레피졸정,베아빌리정,보령아리피프라졸정15밀리그램,산도스아리피프라졸정,삼성아리피프라졸정15밀리그램,싸이파이정,아라빌정,아라졸정"
"451502ATD","서울아리피프라졸구강붕해필름15밀리그램,아리파이큐오디정,아빌리파이오디정"
"451503ATB","대웅아리피프라졸정,레피졸정,베아빌리정,보령아리피프라졸정5밀리그램,산도스아리피프라졸정5mg,싸이파이정,아라빌정,아라졸정,아리브이정,아리졸정"
"451504ATB","레피졸정,아라빌정,아리피졸정,아리피진정,아빌라핀정,아빌리파이정"
"451505ATB","레피졸정,아리피졸정"
"451508ATB","레피졸정,아라빌정,아리피졸정,아리피진정,아빌라핀정,아빌리파이정"
"451601CLQ","뉴실크,로푸록스네일라카,트록시네일라카"
"451631CLQ","로푸록스네일라카,트록시네일라카"
"451901CCM","독세덤크림,루세핀크림,세피드린크림"
"452101CPC","네오날린패취,노테몬패취,대웅바이오툴로부테롤패취0.5밀리그램,레스날린패취,보령툴로부테롤패취0.5밀리그램,부테날린패취,부테롤패취,부테맥스패취,브레톨패취,브로날린패취"
"452102CPC","네오날린패취,노테몬패취,대웅바이오툴로부테롤패취1밀리그램,레스날린패취,보령툴로부테롤패취1밀리그램,부테날린패취,부테롤패취,부테맥스패취,브레톨패취,브로날린패취"
"452103CPC","네오날린패취,노테몬패취,대웅바이오툴로부테롤패취2밀리그램,더마부테롤패취,레스날린패취,보령툴로부테롤패취2밀리그램,부테날린패취,부테롤패취,브레톨패취,브리테린패취"
"452200BIJ","멀티플렉스페리주,콤비플렉스페리주"
"452400ACH","테고캡슐20,티에스원캡슐20"
"452500ACH","테고캡슐25,티에스원캡슐25"
"452601BIJ","페가시스주180마이크로그램프로클릭,페가시스프리필드주180마이크로그람"
"452602BIJ","페가시스주135마이크로그램프로클릭,페가시스프리필드주135마이크로그람"
"452630BIJ","페가시스주180마이크로그램프로클릭,페가시스프리필드주180마이크로그람"
"452700ATB","아반다메트정4밀리그람 500밀리그람,아반다메트정4밀리그람500밀리그람"
"452900ATB","아반다메트정2밀리그람 500밀리그람,아반다메트정2밀리그람500밀리그람"
"453001ATB","레피사정,스펙사정,이레사정,이레티닙정,이레피논정,제피티닙정"
"453300BIS","드라이세이트디에프 225,드라이세이트디에프225"
"453400CSI","심비코트터부헬러320 9마이크로그램,심비코트터부헬러3209마이크로그램"
"453600ATB","코에포트릴정5 12.5밀리그람,코에포트릴정512.5밀리그람"
"453700ATB","바세릭정10,바세틱정,코에포트릴정10 25밀리그람,코에포트릴정1025밀리그람"
"453902ATB","가리온정,광동베포타스틴베실산염정,글로리온정,대우베스틴정,동화베포타스틴정,두리온정,리노포스틴정,메가베스틴정,메티온정,베레스틴정"
"453904ATR","두리온서방정,베포엠서방정,베포타온서방정,베포틴서방정,베프서방정,유니베포타서방정,이포산서방정,타리민서방정,타베온서방정"
"453930COS","타리온점안액,투리온점안액"
"454001ATB","넬라스토정,뉴로스틴정,뉴슈바틴정,뉴스타틴알정,뉴스토정,대웅로수바스타틴정,동광로수바스타틴칼슘정10mg,동성로수바스타틴정,동화로수바스타틴정,레스타정"
"454002ATB","넬라스토정,뉴슈바틴정,뉴스타틴알정,뉴스토정,대웅로수바스타틴정,동광로수바스타틴칼슘정20mg,동성로수바스타틴정,동화로수바스타틴정,라이트로수바스타틴칼슘정,레스타정"
"454003ATB","뉴슈바틴정,뉴스타틴알정,대웅로수바스타틴정,동광로수바스타틴칼슘정5mg,동성로수바스타틴정,동화로수바스타틴정,레스타정,로레스토정,로바스로정,로바스타정"
"454005ATB","뉴스타틴알정,대웅로수바스타틴정,로레스토정,로수틴정,메가로수틴정,수바스트정,콜로스타정,크라틴정,크레스바정,크레첵정"
"454205CDS","써지가드거즈(산화재생셀룰로오스,써지셀(산화재생셀룰로오스"
"454206CDS","써지가드거즈(산화재생셀룰로오스,써지셀(산화재생셀룰로오스,에큐탐프"
"454600CDS","성광리도아가아제,아도카인즈거즈"
"454801BIJ","페그인트론 클리어클릭 주사 50마이크로그램,페그인트론레디펜주사50마이크로그람,페그인트론주사50마이크로그램,페그인트론클리어클릭주사50마이크로그램"
"454802BIJ","페그인트론 클리어클릭 주사 80마이크로그램,페그인트론레디펜주사80마이크로그람,페그인트론주사80마이크로그램,페그인트론클리어클릭주사80마이크로그램"
"454803BIJ","페그인트론 클리어클릭 주사 100마이크로그램,페그인트론레디펜주사100마이크로그람,페그인트론주사100마이크로그램,페그인트론클리어클릭주사100마이크로그램"
"454804BIJ","페그인트론 클리어클릭 주사 120마이크로그램,페그인트론레디펜주사120마이크로그람,페그인트론주사120마이크로그램,페그인트론클리어클릭주사120마이크로그램"
"454805BIJ","페그인트론 클리어클릭 주사 150마이크로그램,페그인트론레디펜주사150마이크로그람,페그인트론주사150마이크로그램,페그인트론클리어클릭주사150마이크로그램"
"454830BIJ","페그인트론 클리어클릭 주사 50마이크로그램,페그인트론주사50마이크로그램,페그인트론클리어클릭주사50마이크로그램"
"454831BIJ","페그인트론 클리어클릭 주사 80마이크로그램,페그인트론주사80마이크로그램,페그인트론클리어클릭주사80마이크로그램"
"454832BIJ","페그인트론 클리어클릭 주사 100마이크로그램,페그인트론주사100마이크로그램,페그인트론클리어클릭주사100마이크로그램"
"454833BIJ","페그인트론 클리어클릭 주사 120마이크로그램,페그인트론주사120마이크로그램,페그인트론클리어클릭주사120마이크로그램"
"454834BIJ","페그인트론 클리어클릭 주사 150마이크로그램,페그인트론클리어클릭주사150마이크로그램"
"455701BIJ","아라네스프프리필드시린지주10"
"455702BIJ","네스프 프리필드시린지주 20,네스프프리필드시린지주20,아라네스프프리필드시린지주20"
"455703BIJ","네스프 프리필드시린지주 30,네스프프리필드시린지주30,아라네스프프리필드시린지주"
"455704BIJ","네스프 프리필드시린지주 40,네스프프리필드시린지주40,아라네스프프리필드시린지주"
"455707BIJ","네스프 프리필드시린지주 60,네스프프리필드시린지주60"
"455708BIJ","네스프 프리필드시린지주 120,네스프프리필드시린지주120"
"455735BIJ","네스벨프리필드시린지주20,네스프 프리필드시린지주 20,네스프프리필드시린지주20"
"455736BIJ","네스벨프리필드시린지주30,네스프 프리필드시린지주 30,네스프프리필드시린지주30"
"455737BIJ","네스벨프리필드시린지주40,네스프 프리필드시린지주 40,네스프프리필드시린지주40"
"455738BIJ","네스벨프리필드시린지주60,네스프 프리필드시린지주 60,네스프프리필드시린지주60"
"455739BIJ","네스벨프리필드시린지주120,네스프 프리필드시린지주 120,네스프프리필드시린지주120"
"455801BIJ","엔브렐25밀리그람프리필드주,엔브렐주사25밀리그람"
"455802BIJ","브렌시스50밀리그램프리필드시린지,엔브렐50밀리그람프리필드주,엔브렐주사50밀리그람"
"455803BIJ","엔브렐주사"
"455830BIJ","엔브렐25밀리그램프리필드주,유셉트프리필드시린지주"
"455831BIJ","에톨로체50밀리그램프리필드시린지,에톨로체50밀리그램프리필드펜주,엔브렐50밀리그램프리필드주,엔브렐마이클릭펜주,유셉트오토인젝터주,유셉트프리필드시린지주"
"456501ATB","보리코정,브이펜드정200밀리그람"
"456501BIJ","보리코주,브이펜드주사200밀리그람(보리코나졸"
"457301CCH","스피리바흡입용캡슐,티로피움흡입용캡슐"
"457301CSI","스피리바흡입용캡슐,티로피움흡입용캡슐"
"457330CSI","스피리바흡입용캡슐,티로피움흡입용캡슐"
"457501ATB","동광아데포비어정,동구아데포비어정,리버세라정,리벡실정,바이헤파정,보령아데포비어정,부광아데포비어정,비보존아데포비어정,썬세라정,쎄비어정"
"457601BIJ","도미덴주,레미바주,울티바주,울티바주1밀리그람,울티안주,울티펜주,카비레미펜타닐주,티바레주"
"457602BIJ","도미덴주,레미바주,울티바주,울티바주2밀리그람,울티안주,울티펜주,카비레미펜타닐주,티바레주"
"457603BIJ","도미덴주,레미바주,울티바주,울티바주5밀리그람,울티안주,울티펜주,카비레미펜타닐주,티바레주"
"457701COS","아시쿨러점안액,알러쿨점안액"
"457732COS","아시쿨러점안액,알러쿨점안액"
"458402ATB","뉴모니플트정,동광모니플루메이트정350mg,모노펜정,모니마겐정,모니맥정,모니메르정,모니메이트정,모니메트정,모니큐정,모니트정"
"458801ACS","네오다트연질캡슐,다림두타스테리드연질캡슐0.5밀리그램,다모다트연질캡슐,대웅바이오두타스테리드연질캡슐0.5밀리그램,동구두타리드연질캡슐,두로칸연질캡슐,두모보연질캡슐,두바럽연질캡슐,두아보연질캡슐,두타겟연질캡슐"
"458801ATB","네오다트정,다모다트정,대웅바이오두타스테리드정0.5밀리그램,두나리드정,두다트정,두로칸정,두로케어정,두리드정,두보트정,두타겟정"
"459401BIJ","넥시움주,삼오 에스오메프라졸나트륨 동결건조주사제 40밀리그램,삼오에스오메프라졸나트륨동결건조주사제40밀리그램,에소마크주,오엠피에스주"
"459501ATB","발싸이트정,발싸이트정450밀리그람,비가비르정"
"459701AGN","씨제이크레메진세립,크레메진세립"
"459801ACH","노바로핀캡슐,암로핀캡슐5밀리그람"
"459801ATB","노바디핀정,노바로핀정,노바카딘정,노바코트정,노바텍정,노바핀정,노브카핀정,뉴드로핀정,뉴디핀정,뉴스디핀정"
"460200ATB","아테리돈정100 25mg,아테리돈정10025mg"
"461101ACH","락스타캡슐,람노스캡슐"
"461130AGN","람노스과립"
"461131AGN","람노스과립"
"461401BIJ","푸제온주90밀리그람 밀리리터,푸제온주90밀리그람밀리리터"
"461501BIJ","나파린주,나파몬주,나파벨탄주,나파스타주,나팜주10,동구나파모스타트메실산염주10밀리그램,메나탄주10,주사용후탄,판딕트주"
"461502BIJ","나파린주,나파몬주,나파벨탄주,나파스타주,나팜주50,동구나파모스타트메실산염주50밀리그램,메나탄주50,주사용후탄50,판딕트주"
"461700ATB","멕소자임정,판부론정,판크레아젠정"
"461804BIJ","투제오주솔로스타"
"461830BIJ","글라지아프리필드펜,란투스주솔로스타,베이사글라카트리지 밀리리터,베이사글라카트리지밀리리터,베이사글라퀵펜 밀리리터,베이사글라퀵펜밀리리터"
"461831BIJ","란투스주바이알"
"461832BIJ","투제오주솔로스타"
"462000ATB","듀크라듀오정,라모크린정500밀리그람,맥스실린듀오정500밀리그램,맥시크란듀오정[아목시실린·클라불란산칼륨],명문아모클란듀오정,목사멘틴정[아목시실린·클라불란산칼륨],아모시클듀오정500밀리그램,아모콤비듀오정,아모크라듀오정,아목사정"
"462201ATB","뉴이지타임정,다림에제티미브정10밀리그램,라이트에제티미브정,로우테롤정,서울에제티미브정,에리티브정,에미브정,에제롤정,에제리브정,에제미브정"
"462700ATB","네오칼디정,디카테오400정,시트라칼에프정,엠스칼정,칼디넥스 디정,칼디넥스디정,칼디큐정,칼디플러스정,칼레르디정,칼비타디정"
"462800ATB","네오칼정,엠스칼디정,칼디넥스정,칼레르정,칼비타정,칼테오 80정,칼테오80정"
"463301BIJ","벨조밉주,벨케이드주,벨킨주,보테벨주,테조민주,테조벨주,프로테조밉주"
"463302BIJ","벨킨주,테조민주,프로테조밉주"
"463501AGN","리코베론과립,페미그린과립"
"463601ATB","건일레보세티리진염산염정,네오리진정,네오세틴정,네티진정,녹십자염산레보세티리진정,뉴세레틴정,뉴잘정,디알론정,라스트린정,레로진정"
"463602ALQ","네오세틴액,디알론액,레보로텍액,레보린액,레보세라액,레보세린액,레보세잘액,레보세타액,레보세트린액,레보세트액"
"463630ALQ","알레린액,엘티리진액"
"463631ALQ","알레린액,엘티리진액"
"463632ALQ","쎄잘액,알레린액"
"463633ALQ","네오세틴액,레보세티린액,레보센액,레세잘액,레세티잘액,맥씨액,비알세티액,쎄렌잘액,씨잘액,씨펜액"
"463634ALQ","레보세린액,레보코트액,레세티잘액,레티신액,렙티진액,맥씨액,세노바엘액,씨펜액,씨펜액(레보세티리진염산염,알러반액"
"463637ALQ","건일레보세티리진염산염액,네오세틴액,레리진액,레보세린액,레보세잘액,레보세타액,레보세트린액,레보세티린액,레보센액,레보실잔액"
"463638ALQ","씨펜액,씨펜액(레보세티리진염산염"
"464500BIJ","글라민주,아미노글루주"
"465801BIJ","자이버주2500IUAntiXa"
"465802BIJ","자이버주3500IUAntiXa"
"465830BIJ","자이버주2500IUAntiXa"
"465831BIJ","자이버주3500IUAntiXa"
"466000ATB","에니아스정10 20,에니아스정1020,에니트정10 20,에니트정1020"
"466201BIJ","알두라자임주,젠자임알두라자임주"
"466230BIJ","알두라자임주,젠자임알두라자임주"
"466401BIJ","도타렘주,유니레이프리필드주사"
"466402BIJ","도타렘주,유니레이프리필드주사"
"466403BIJ","도타렘주,유니레이프리필드주사"
"466430BIJ","도타렘주,도타렘주프리필드시린지,유니레이프리필드주사,클라리스캔프리필드시린지주"
"466431BIJ","도타렘주,도타렘주프리필드시린지,유니레이프리필드주사,클라리스캔프리필드시린지주"
"466432BIJ","도타렘주,도타렘주프리필드시린지,유니레이프리필드주사,클라리스캔프리필드시린지주"
"466433BIJ","도타렘주,클라리스캔주"
"466501BIJ","동인당인도시아닌그린주,디아그노그린주,셀비온그린주"
"466701BIJ","보노에이주,옴니스캔주287밀리그람,옴니스캔피.에프.에스.주287밀리그람"
"466702BIJ","보노에이주,옴니스캔주287밀리그람,옴니스캔피.에프.에스.주287밀리그람"
"466703BIJ","보노에이주,옴니스캔주287밀리그람,옴니스캔피.에프.에스.주287밀리그람"
"466731BIJ","옴니스캔주287밀리그람,옴니스캔피.에프.에스.주287밀리그람"
"466732BIJ","옴니스캔주287밀리그람,옴니스캔피.에프.에스.주287밀리그람"
"466733BIJ","옴니스캔주287밀리그람,옴니스캔피.에프.에스.주287밀리그람"
"466802BIJ","멀티핸스주사액,멀티핸스주프리필드시린지"
"466803BIJ","멀티핸스주사액,멀티핸스주프리필드시린지"
"466804BIJ","멀티핸스주사액,멀티핸스주프리필드시린지"
"466830BIJ","멀티핸스주사액,멀티핸스주프리필드시린지"
"466831BIJ","멀티핸스주사액,멀티핸스주프리필드시린지"
"466832BIJ","멀티핸스주사액,멀티핸스주프리필드시린지"
"466901BIJ","마그네비스트주사,메가레이주사,보노아이주,보노아이프리필드주,엠알룩스주사,엠알베스터주,엠알베스터프리필드실린지주"
"466902BIJ","마그네비스트주사,메가레이주사,보노아이주,보노아이프리필드주,엠알룩스주사,엠알베스터주,엠알베스터프리필드실린지주"
"466903BIJ","마그네비스트주사,메가레이주사,보노아이주,보노아이프리필드주,엠알룩스주사,엠알베스터주,엠알베스터프리필드실린지주"
"466904BIJ","보노아이주,보노아이프리필드주"
"467200ATB","라목크라현탁정,맥시크란현탁정,아목트란현탁정125밀리그람,제니맥스현탁정,카모딕스현탁정125밀리그람"
"467300ASS","카모딕스현탁정156.25밀리그람,크라목신현탁정156.25밀리그람"
"467300ATB","듀오넥스현탁정,라목크라현탁정,맥시크란현탁정,아목클란현탁정,아목트란현탁정156.25밀리그람,오구맥현탁정"
"467400ASS","맥시크란현탁정,오구맥현탁정,카모딕스현탁정250밀리그람,크라목신현탁정250밀리그람"
"467400ATB","듀오넥스현탁정,라목크라현탁정,아목클란현탁정,아목트란현탁정250밀리그람,제니맥스현탁정,크라모넥스현탁정250밀리그람,투멘현탁정250밀리그람,포타신현탁정250밀리그람"
"467600ATB","라목크라현탁정,맥시크란현탁정,아목클란현탁정,아목트란현탁정78.125밀리그람,카모딕스현탁정78.125밀리그람[아목시실린·클라불란산칼륨],크라모넥스현탁정78.125밀리그람"
"468300ATB","스타레보필름코팅정100 25 200밀리그람,스타레보필름코팅정100 25 200밀리그램,스타레보필름코팅정10025200밀리그람,스타레보필름코팅정10025200밀리그램,이지레보정100 25 200mg,이지레보정10025200mg,트리도파정100 25 200밀리그램,트리도파정10025200밀리그램,트리레보정100 25 200mg,트리레보정10025200mg"
"468400ATB","스타레보필름코팅정50 12.5 200밀리그람,스타레보필름코팅정50 12.5 200밀리그램,스타레보필름코팅정5012.5200밀리그람,스타레보필름코팅정5012.5200밀리그램,이지레보정50 12.5 200mg,이지레보정5012.5200mg,트리도파정50 12.5 200밀리그램,트리도파정5012.5200밀리그램,트리레보정50 12.5 200mg,트리레보정5012.5200mg"
"468501ATB","뉴메살탄정,뉴오르살탄정,대웅올메사탄정,대한올메사탄정,라이트올메사르탄정,로우텍정,메사르정,메사올정,메살탄정,바이올정"
"468502ATB","뉴메살탄정,뉴오르살탄정,대웅올메사탄정,라이트올메사르탄정,메사올정,바이올정,벨메텍정,셀메텍정,에스올정,에이알비 에스정"
"468503ATB","뉴메살탄정,뉴오르살탄정,대웅올메사탄정,라이트올메사르탄정,로우텍정,메사올정,벨메텍정,셀메텍정,에스올정,오메르텍정"
"468900ATB","스타레보필름코팅정150 37.5 200밀리그람,스타레보필름코팅정150 37.5 200밀리그램,스타레보필름코팅정15037.5200밀리그람,스타레보필름코팅정15037.5200밀리그램,트리도파정150 37.5 200밀리그램,트리도파정15037.5200밀리그램,트리레보정150 37.5 200mg,트리레보정15037.5200mg"
"469100ATB","아반다메트정2밀리그람 1000밀리그람,아반다메트정2밀리그람1000밀리그람"
"469800ATB","로비스정2.5 6.25밀리그람,로비스정2.56.25밀리그람,코비스정2.5 6.25밀리그람,코비스정2.56.25밀리그람"
"469900ATB","로비스정5 6.25밀리그람,로비스정56.25밀리그람,제니프로짓정5 6.25밀리그람,제니프로짓정56.25밀리그람,코비스정5 6.25밀리그람,코비스정56.25밀리그람"
"470000ATB","비클로정10,제니프로짓정10 6.25밀리그람,제니프로짓정106.25밀리그람,코비스정10 6.25밀리그람,코비스정106.25밀리그람"
"470400BIJ","클리니믹스엔9지15이주사,피엔믹스페리주2호"
"470500BIJ","클리니믹스엔9지15이주사,피엔믹스페리주2호"
"470600APD","코리트에프산"
"470801ATB","동화암로디핀메실산염정,암로굿정,암로다핀정,암로디엠정,암로맥스정,암로메실정,암로엠정(구.노바틴 엠정,암로엠정(구.노바틴엠정,암로칸정,암비피정"
"470901ATB","건피타정,뉴바로정,대웅피타바스타틴칼슘정2밀리그램,동광피타바스타틴정,디엠타틴정,로바로우정,로피타정,리디엘정,리바로정,리바스타정"
"470902ATB","건피타정,로바로우정,리바로정,리바피타정,리피타파정,이바틴정,케이바로정,타스틴정,페바로정,피타스탄정"
"470903ATB","건피타정,동광피타바스타틴정,로바로우정,리바로정,리바피타정,리피타파정,엘제로정,이바틴정,케이바로정,타바스타정"
"471000ATB","듀오심바정10 10밀리그램,듀오심바정1010밀리그램,듀오토린정10 10mg,듀오토린정1010mg,리페토린정 10,리페토린정10,마이토린정10 10밀리그램,마이토린정1010밀리그램,메디토린정10 10밀리그램,메디토린정1010밀리그램"
"471100ATB","듀오심바정10,듀오토린정10 20mg,듀오토린정1020mg,리페토린정 10,리페토린정10,마이토린정10 20밀리그램,마이토린정1020밀리그램,메디토린정10 20밀리그램,메디토린정1020밀리그램,바로젯정10 20밀리그램"
"471300ASY","코에라민시럽,트리아미닉씨앤에이시럽"
"471630BIJ","가도브릭스프리필드실린지주,가도비스트주사프리필드시린지,가도비전프리필드주사"
"471631BIJ","가도브릭스프리필드실린지주,가도비스트주사프리필드시린지,가도비전프리필드주사,가도큐프리필드주"
"471632BIJ","가도브릭스주,가도비스트주사바이알,가도비스트주사프리필드시린지,가도비전프리필드주사"
"471634BIJ","가도브릭스프리필드실린지주,가도비전프리필드주사"
"471900ATB","글루리아드정 1.25mg,글루리아드정1.25mg"
"472000BIJ","엠지콤비주1호,피엔믹스주1호"
"472200BIJ","엠지콤비주페리1호,피엔믹스페리주"
"472300ATB","가두에정5 10밀리그램,가두에정510밀리그램,노토바정 10mg,노토바정10mg,뉴펙스듀오정 10mg,뉴펙스듀오정10mg,더블에이정5 10mg,더블에이정510mg,듀스틴정,듀얼페코정5 10밀리그램"
"472400ATB","가두에정5 20밀리그램,가두에정520밀리그램,노토바정 20mg,노토바정20mg,뉴펙스듀오정 20mg,뉴펙스듀오정20mg,더블에이정5 20mg,더블에이정520mg,듀오브이정,듀오스크정5"
"472500ATB","카듀엣정 40mg,카듀엣정40mg"
"472701BIJ","캐리엠아이비지주사액(진단용) 20MBq,캐리엠아이비지주사액(진단용)20MBq,캐리엠아이비지주사액20MBq"
"472702BIJ","캐리엠아이비지주사액(진단용) 40MBq,캐리엠아이비지주사액(진단용)40MBq,캐리엠아이비지주사액40MBq"
"472703BIJ","캐리엠아이비지주사액 3704MBq,캐리엠아이비지주사액3704MBq"
"472704BIJ","캐리엠아이비지주사액 74MBq,캐리엠아이비지주사액74MBq"
"472705BIJ","캐리엠아이비지주사액 1852MBq,캐리엠아이비지주사액1852MBq"
"472706BIJ","캐리엠아이비지주사액 7406MBq,캐리엠아이비지주사액7406MBq"
"472707BIJ","캐리엠아이비지주사액 1110MBq,캐리엠아이비지주사액1110MBq"
"472708BIJ","캐리엠아이비지주사액 5556MBq,캐리엠아이비지주사액5556MBq"
"472709BIJ","캐리엠아이비지주사액 37MBq,캐리엠아이비지주사액37MBq"
"472710BIJ","캐리엠아이비지주사액 111MBq,캐리엠아이비지주사액111MBq"
"473001ATR","니아스파노지속정375밀리그람,니아틴이알정"
"473002ATR","니아르서방정500밀리그람,니아스파노지속정500밀리그람,니아틴이알정,로콜서방정500밀리그람,스파나신서방정500밀리그람,엑스립서방정500밀리그람,하이디엘서방정500밀리그람"
"473100BIS","보령헤모시스에이지액,보령헤모시스지액,에취디졸 비씨지액,에취디졸비씨지액,에취디졸비씨지에이액"
"473401BIJ","아시반주사,트랙시반주,트랙토실주"
"473402BIJ","아시반주사,트랙시반주,트랙토실주"
"473430BIJ","아시반주사,트랙시반주,트랙시반주(아토시반아세트산염,트랙토실주"
"473431BIJ","아시반주사,트랙시반주,트랙토실주"
"473502ACE","메디락에스장용캡슐"
"473503ACE","락토바이장용캡슐,락토웰장용캡슐,메디락디에스장용캡슐,바시쿠스장용캡슐,인테날장용캡슐"
"473530APD","메디락에스산"
"473531APD","메디락에스산"
"473532APD","메디락에스산"
"473533APD","메디락에스산"
"473800ATB","고칼디정,디오본1000정,디카렉정,디카맥스1000정,디카본500정,본디칼맥스정,본스칼디,비카페롤플러스정,알카본플러스정,에버칼정"
"474200ATB","글라포민엠정1 250 밀리그램,글라포민엠정1250밀리그램,글레아정1 250밀리그램,글레아정1250밀리그램,글리마릴엠정1 250밀리그램,글리마릴엠정1250밀리그램,글리마엠정1 250밀리그램,글리마엠정1250밀리그램,글리매핀엠정1 250밀리그램,글리매핀엠정1250밀리그램"
"474300ATB","게리드엠정,게리메트정2 500밀리그램,게리메트정2500밀리그램,그루리스엠정,그리드엠정2 500밀리그램,그리드엠정2500밀리그램,그리마린엠정2 500밀리그램,그리마린엠정2500밀리그램,글라포민엠정2 500밀리그램,글라포민엠정2500밀리그램"
"474300ATR","그리메폴서방정2 500밀리그램,그리메폴서방정2500밀리그램,그리멕스서방정2 500밀리그램,그리멕스서방정2500밀리그램,글라포민에스알정2 500mg,글라포민에스알정2500mg,글리팜 멕스서방정2 500밀리그램,글리팜멕스서방정2500밀리그램,글리필멕스정,네오마릴 멕스서방정2"
"474401ATB","대웅세프카펜피복실염산염정,후로목스정"
"474402AGN","세로카펜세립,소아용세카펜세립,소아용세파목스세립,소아용후로목스세립"
"474402ATB","대웅세프카펜피복실염산염정,레스카펜정,세로카펜정,세카펜정,세파목스정,세프렌정,세프피보정,유로카펜정,프로카펜정,후로목스정"
"474432AGN","대웅세프카펜피복실염산염세립,세로카펜세립,소아용세카펜세립,소아용세파목스세립,소아용후로목스세립"
"474601BIJ","리즈톡스주,보톡스주,제오민주"
"474602BIJ","디스포트주"
"474603BIJ","메디톡신 주,메디톡신주,메디톡신주 (클로스트리디움보툴리눔독소A형)[수출명:뉴로녹스주 (클로스트리디움보툴리눔독소A형) 시악스주 (클로스트리디움보툴리눔독소A형) 에복시아주 (클로스트리디움보툴리눔독소A형) 아이록신주 (클로스트리디움보툴리눔독소A형) 보타넥스주 (클로스트리디움보툴리눔독소A형) 큐녹스주 (클로스트리디움보툴리눔독소A형) 보툴리프트주,메디톡신주 (클로스트리디움보툴리눔독소A형)[수출명:뉴로녹스주 (클로스트리디움보툴리눔독소A형) 시악스주 (클로스트리디움보툴리눔독소A형) 에복시아주 (클로스트리디움보툴리눔독소A형) 아이록신주 (클로스트리디움보툴리눔독소A형) 보타넥스주 (클로스트리디움보툴리눔독소A형) 큐녹스주 (클로스트리디움보툴리눔독소A형) 보툴리프트주 (클로스트리디움보툴리눔독소A형)],메디톡신주(클로스트리디움보툴리눔독소A형)[수출명:뉴로녹스주(클로스트리디움보툴리눔독소A형)시악스주(클로스트리디움보툴리눔독소A형)에복시아주(클로스트리디움보툴리눔독소A형)아이록신주(클로스트리디움보툴리눔독소A형)보타넥스주(클로스트리디움보툴리눔독소A형)큐녹스주(클로스트리디움보툴리눔독소A형)보툴리프트주,메디톡신주(클로스트리디움보툴리눔독소A형)[수출명:뉴로녹스주(클로스트리디움보툴리눔독소A형)시악스주(클로스트리디움보툴리눔독소A형)에복시아주(클로스트리디움보툴리눔독소A형)아이록신주(클로스트리디움보툴리눔독소A형)보타넥스주(클로스트리디움보툴리눔독소A형)큐녹스주(클로스트리디움보툴리눔독소A형)보툴리프트주(클로스트리디움보툴리눔독소A형)]"
"474605BIJ","나보타주,보툴렉스주"
"474801ATB","건프람정,넥사론정,뉴프람정,라이트에스정,렉사민정,렉사스타정,렉사원정,렉사콜드정,렉사큐어정,렉사프로정5밀리그람"
"474801ATD","뉴프람오디정,제프람멜츠구강붕해정"
"474802ATB","건프람정,넥사론정,뉴프람정,대원에스시탈로프람정,데이프로정,동광에스시탈로프람정,디푸로정,라이트에스정,럭스푸람정,레시프람정"
"474802ATD","뉴프람오디정,제프람멜츠구강붕해정"
"474803ATB","건프람정,넥사론정,뉴프람정,디푸로정,라이트에스정,렉사멜정,렉사스타정,렉사젠정,렉사콜드정,렉사프로정20밀리그람"
"474803ATD","뉴프람오디정,제프람멜츠구강붕해정"
"474804ATB","뉴프람정,렉사프로정,사로프람정,산도스에스시탈로프람정15밀리그램,에프람정,엑스프람정"
"475101COS","드라이프리점안액,레스타시스점안액,레스타포린점안액0.05,레스트린점안액,레스포린점안액,레타스점안액,바이클로스포린점안액,베아포린점안액,비포린점안액,스포린에스점안액"
"475130COS","드라이프리점안액,라이트포린점안액,레스타시스점안액,레스타인점안액,레스타포린점안액,레스트린점안액,레스포린점안액,레타스점안액,리스포린점안액,바이클로스포린점안액"
"475132COS","드라이프리점안액,레스포린점안액,에스포린점안액"
"475133COS","드라이프리점안액,레스포린점안액,에스포린점안액"
"475300BIJ","올리클리노멜엔4 550이주사,올리클리노멜엔4550이주사"
"475400BIJ","올리클리노멜엔4 550이주사,올리클리노멜엔4550이주사"
"475500BIJ","올리클리노멜엔4 550이주사,올리클리노멜엔4550이주사"
"475600BIJ","뉴트리플렉스리피드페리주사,콤비플렉스엠시티페리주"
"475700BIJ","뉴트리플렉스리피드페리주사,콤비플렉스엠시티페리주"
"477401ATB","광동엘로티닙정,디쎄바정,엘라닙정,엘로쎄타정,엘티닙정,타쎄바정,타쎄원정,테바엘로티닙정"
"477402ATB","광동엘로티닙정,디쎄바정,엘라닙정,엘로쎄타정,엘로팁정,엘티닙정,타쎄바정,타쎄원정,테바엘로티닙정"
"477403ATB","타쎄바정,테바엘로티닙정"
"477501BIJ","시나지스주,시나지스주50밀리그람,시나지스주사액"
"477502BIJ","시나지스주,시나지스주100밀리그람,시나지스주사액"
"477900BIJ","올리클리노멜엔7 1000이주사,올리클리노멜엔71000이주사"
"478000BIJ","올리클리노멜엔7 1000이주사,올리클리노멜엔71000이주사"
"478200BIJ","올리클리노멜엔7 1000이주사,올리클리노멜엔71000이주사"
"478801ATB","메디아벤엘정,메디아벤정"
"479701ATB","베아디핀정,암로텐정"
"480101ACH","메타라이트,사이프린캡슐,트리엔탑캡슐,트리엔탑캡슐(트리엔틴염산염"
"480303BIJ","리본느주사(이반드론산나트륨일수화물,마빌큐주,반드론주,보니엠주,본덱스주,본드론프리필드주사,본비론주,본비바주,본큐어주,본필드주"
"480304ATB","경보이반드로네이트정,동광이반드론산정,드로반정,드로본정,반드론정,보네조아정,보니엠정,본가드정,본단정,본덱스정"
"480330BIJ","동광이반드론산주,드로반주,리본느주사(이반드론산나트륨일수화물,마빌큐주,메가이반론주,미래이반드론산주,반드론주,보네조아주,보니반주,보니엠주"
"480401ACH","가바뉴로캡슐,가바리카캡슐,가바메드캡슐,가벨린캡슐,넥리카캡슐,뉴로가발린캡슐,뉴로발린캡슐,뉴로카바 피지캡슐,뉴로카바피지캡슐,뉴로캅캡슐"
"480401ATB","가벨린정,레가바정,리레카정,센리카정,아이리카정,프레펜틴정,프릴린정,현대프레가발린정75밀리그램"
"480401ATR","가바뉴로서방정,유한프레가발린서방정,젤리프서방정"
"480402ACH","가바뉴로캡슐,가바리카캡슐,가바린캡슐,가바메드캡슐,가벨린캡슐,넥리카캡슐,뉴로가발린캡슐,뉴로발린캡슐,뉴로카바 피지캡슐,뉴로카바피지캡슐"
"480402ATB","가벨린정,레가바정,리레카정,센리카정,프레펜틴정,프릴린정,현대프레가발린정150밀리그램"
"480402ATR","가바뉴로서방정,리카뉴로서방정,슈프레가CR서방정,유한프레가발린서방정,젤리프서방정,카발린CR서방정"
"480403ACH","가바뉴로캡슐,가바리카캡슐,뉴로카바피지캡슐,뉴리카캡슐,리리베아캡슐,리리카캡슐,리카프리캡슐,보령프레가발린캡슐300밀리그램,시리카캡슐,카발린캡슐"
"480403ATR","가바뉴로서방정,리카뉴로서방정,슈프레가CR서방정,유한프레가발린서방정,젤리프서방정,카발린CR서방정"
"480404ACH","가바리카캡슐,테바프레가퀄캡슐,프레갈캡슐"
"480405ACH","가바뉴로캡슐,가바메드캡슐,넥리카캡슐,뉴로가발린캡슐,뉴로카바피지캡슐,동광프레가발린캡슐25밀리그램,레프리카캡슐,루루카캡슐,리레카캡슐,리리베아캡슐"
"480405ATB","가벨린정,레가바정,프릴린정,현대프레가발린정25밀리그램"
"480406ACH","가바뉴로캡슐,가바메드캡슐,넥리카캡슐,뉴로가발린캡슐,뉴로카바피지캡슐,동광프레가발린캡슐50밀리그램,레프리카캡슐,루루카캡슐,리레카캡슐,리리베아캡슐"
"480406ATB","가벨린정,레가바정,프릴린정,현대프레가발린정50밀리그램"
"480500BIJ","엠지티엔에이주페리,와이즈티엔에이페리주,유한쓰리챔버페리주"
"480600ATB","굿트라셋세미정,그린셋세미정,노통펜프러스미니정,뉴트라셋세미정,다노펜세미정,더블셋세미정,도라셋세미정,돌트람셋세미정,듀라셋세미정,듀얼셋세미정"
"480900BIJ","뉴트리플렉스리피드스페셜주사,콤비플렉스엠시티스페셜주"
"481000BIJ","뉴트리플렉스리피드플러스주사,콤비플렉스엠시티플러스주"
"481100ATB","덴시본플러스정,포사맥스플러스정"
"481201BIJ","메인타주,메인타주사액,산도스페메트렉시드주,알렉시아주,알림시드주,알림타주,알지크주사,페림타주,페메드에스주,페메드주"
"481202BIJ","메인타주,산도스페메트렉시드주,알렉시아주,알림시드주,알림타주,알지크주사,페림타주,페메드에스주,페메드주,페메신주"
"481203BIJ","메인타주,메인타주300밀리그램,알지크주사,알지크주사300밀리그램,페림타주,페림타주300밀리그램,페메신액상주 밀리리터,페메신액상주밀리리터,페메신주,페메신주300밀리그램"
"481205BIJ","메인타주사액,알림시드주"
"481230BIJ","메인타주100밀리그램,산도스페메트렉시드주100밀리그램,알렉시아주100mg,알림시드주,알림시드주100밀리그램,알림타주,알지크주사100밀리그램,페림타주100밀리그램,페메드에스주,페메드주"
"481231BIJ","메인타주500밀리그램,산도스페메트렉시드주500밀리그램,알렉시아주500mg,알림시드주,알림시드주500밀리그램,알림타액상주 밀리리터,알림타액상주밀리리터,알림타주,알지크주사500밀리그램,페림타주500밀리그램"
"481232BIJ","페메드에스주,페메신액상주 밀리리터,페메신액상주밀리리터,호스피라페메트렉시드주1g,화이자페메트렉시드주1g"
"481235BIJ","알림시드주,알림시드주800밀리그램,페메신액상주 밀리리터,페메신액상주밀리리터"
"481237BIJ","페메신액상주 밀리리터,페메신액상주밀리리터"
"481400BIS","다이아솔리드에이산 220,다이아솔리드에이산220,드라이세이트디에프 220,드라이세이트디에프220"
"481500BIS","다이아솔리드에이산 240,다이아솔리드에이산240,드라이세이트디에프 240,드라이세이트디에프240"
"482001BIJ","튜베르쿨린피피디알티23에스에스아이 APC,튜베르쿨린피피디알티23에스에스아이APC"
"482101BIJ","옵티마크주,옵티마크주플라스틱시린지"
"482102BIJ","옵티마크주,옵티마크주플라스틱시린지"
"482103BIJ","옵티마크주,옵티마크주플라스틱시린지"
"482130BIJ","옵티마크주,옵티마크주플라스틱시린지"
"482131BIJ","옵티마크주,옵티마크주플라스틱시린지"
"482132BIJ","옵티마크주,옵티마크주플라스틱시린지"
"482201BIJ","펜토탈소디움주사,펜토탈소디움주사0.25그람"
"482202BIJ","펜토탈소디움0.5그람주,펜토탈소디움0.5그램주"
"482300BIJ","뉴트리플렉스리피드스페셜주사,콤비플렉스엠시티스페셜주"
"482400BIJ","뉴트리플렉스리피드플러스주사,콤비플렉스엠시티플러스주"
"482501BIJ","가천대지알피에프디지주사액액,가천의과학대학교 뇌과학연구소 2 데옥시 2 플루오로 D 글루코스 주사액,가천의과학대학교뇌과학연구소2데옥시2플루오로D글루코스주사액,경북대학교병원에프디지주사액,국립암센터에프디지주사액주사액,남북에프디지주사액액,뉴큐어엠에프디지주사액액,동강메디칼시스템에프디지주사액,듀켐바이오에프디지 20주사액,듀켐바이오에프디지20주사액"
"482601COS","노르프로점안액,플록신점안액"
"482801CPO","에폴민카타플라스마(디클로페낙에폴아민) 9X13cm2,에폴민카타플라스마(디클로페낙에폴아민)9X13cm2"
"482802CPO","에폴민카타플라스마(디클로페낙에폴아민) 14X10cm2,에폴민카타플라스마(디클로페낙에폴아민)14X10cm2"
"483001ACH","아탄트캡슐,에멘드캡슐"
"483002ACH","아탄트캡슐,에멘드캡슐"
"483101ATB","레보테놀정25밀리그람,아토닉에스정,에스테놀비정"
"483201ATB","넥스디핀정,노마에스정2.5밀리그램,노브디핀에스정,노텐션정,뉴디핀에스정2.5밀리그램,뉴암로스정,라이트암로정,레보디핀정,레보텐션정2.5밀리그램,로바디핀에스정2.5밀리그람"
"483202ATB","노브디핀에스정,뉴암로스정,라이트암로정,레보디핀정,레보텐션정5밀리그램,비로디정,사브정5밀리그램,암로바에스정,암로스핀에스정5밀리그램,애니디핀에스정"
"483401ACH","디베닐린캡슐,디벤지란캡슐"
"483901BIJ","에피펜주,젝스트"
"483902BIJ","에피펜주,젝스트,패스트젝주"
"484201BIJ","콜리스주,후콜리스티메테이트주"
"484301BIJ","비다자100밀리그램현탁주사용분말,비다자주,비자다킨주,아자리드주"
"484930BIJ","애피드라주솔로스타"
"484931BIJ","애피드라주바이알"
"485101CLQ","헤모크린액(과아세트산액"
"485201ATB","보센브이정,카나보센정,트라시스타정,트라클리어정,파센탄정"
"485202ATB","카나보센정,트라시스타정,파센탄정"
"485303CDS","칼로덤(사람유래피부각질세포) 16cm2,칼로덤(사람유래피부각질세포)16cm2"
"485501ATB","라파로벨정,라파뮨정,라파뮨정1밀리그람"
"485502ATB","라파로벨정,라파뮨정"
"485503ATB","라파로벨정,라파뮨정"
"485601ATB","써티로벨정,써티칸정"
"485602ATB","써티로벨정,써티칸정"
"485603ATB","써티로벨정,써티칸정"
"485604ATB","써티로벨정,써티칸정"
"485605ATB","아피니토정,에리니토정,에베로즈정"
"485606ATB","아피니토정,에리니토정,에베로즈정"
"485607ATB","아피니토정,에베로즈정"
"485701ACH","세엘진탈리도마이드캡슐50밀리그램,알보젠탈리도마이드캡슐,탈라이드캡슐,탈로다캡슐,탈로마캡슐,탈리그로브캡슐"
"485702ACH","탈라이드캡슐,탈로다캡슐,탈로마캡슐,탈리그로브캡슐"
"486001APD","엑스페리드산,제이자이드산,헤모자이드산"
"486001ATD","엑스자이드확산정,헤모시록스확산정"
"486002APD","엑스페리드산,제이자이드산,헤모자이드산"
"486002ATD","엑스자이드확산정,헤모시록스확산정"
"486003APD","엑스페리드산,제이자이드산,헤모자이드산"
"486003ATD","엑스자이드확산정,헤모시록스확산정"
"486009APD","엑스페리드산,제이자이드산,헤모자이드산"
"486501ATB","로디엔정2.5밀리그람,하이탑핀정"
"486601BIJ","진타솔로퓨즈프리필드주(모록토코그알파,진타주(모록토코그알파"
"486602BIJ","진타솔로퓨즈프리필드주(모록토코그알파,진타주(모록토코그알파"
"486603BIJ","진타솔로퓨즈프리필드주(모록토코그알파,진타주(모록토코그알파"
"486604BIJ","진타솔로퓨즈프리필드주(모록토코그알파,진타주(모록토코그알파"
"486605BIJ","진타솔로퓨즈프리필드주(모록토코그알파"
"486800BIJ","스모프리피드주,오마프원리피드주,폼스리피드주"
"486900ATB","로자살탄플러스프로정,로자칸플러스프로정,로자콤프로정,로자타플러스프로정,로자탐플러스프로정,로제트플러스프로정,로카탄플러스프로정,로핀플러스프로정,베아로탄플러스프로정,비알살탄플러스프로정"
"487202ATB","광동엔테카비르정0.5밀리그램,녹십자엔테카비르정0.5밀리그램,동광엔테카비르정0.5mg,라이트엔테카비르정,리바러스정,리버크루드정,리큐버정,명문엔테카비르정0.5밀리그램,바라누보정,바라리버정"
"487202ATD","바라크로스구강용해필름,바라티스구강용해필름,씨엔테구강용해필름,엔비어드구강용해필름,엔테카벨구강붕해정,엔테케어구강용해필름,필크루드구강용해필름"
"487203ATB","광동엔테카비르정1.0밀리그램,녹십자엔테카비르정1밀리그램,동광엔테카비르정1mg,라이트엔테카비르정,리바러스정,리버크루드정,리큐버정,명문엔테카비르정1.0밀리그램,바라누보정,바라리버정"
"487203ATD","바라크로스구강용해필름,바라티스구강용해필름,씨엔테구강용해필름,엔비어드구강용해필름,엔테카벨구강붕해정,엔테케어구강용해필름,필크루드구강용해필름"
"487502BIJ","테로사카트리지주,테로사프리필드펜,포스테오주"
"487802ACH","레보비르캡슐,레보비르캡슐30밀리그람"
"488001ATB","넥사바정,소라닙정"
"488401BIJ","휴미라주40밀리그람,휴미라주40밀리그램바이알"
"488430BIJ","아달로체프리필드시린지주,아달로체프리필드펜주,휴미라주,휴미라주40밀리그램바이알"
"488431BIJ","셀트리온유플라이마펜주,아달로체펜주,아달로체프리필드시린지주,유플라이마펜주,젤렌카오토인젝터주,젤렌카프리필드시린지주,휴미라펜주,휴미라프리필드시린지주"
"488432BIJ","젤렌카프리필드시린지주"
"488433BIJ","휴미라프리필드시린지주"
"488501ATB","동구레비티라세탐정500밀리그램,레비라정,레비로틴정,레비세탐정,레비에필정,레비원정,레비큐어정,레비탐정,레비티라세브이정,레비티퀄정"
"488501ATR","에필라탐서방정,케프라엑스알서방정,케프렙톨서방정,큐팜엑스알서방정"
"488501BIJ","에필라탐주사,케라탐주사 mL,케라탐주사mL,케프렙톨주,큐팜주사"
"488502ATB","동구레비티라세탐정250밀리그램,레비라정,레비로틴정,레비세탐정,레비에필정,레비원정,레비큐어정,레비탐정,레비티라세브이정,레비티퀄정"
"488503ATB","동구레비티라세탐정1000밀리그램,레비라정,레비로틴정,레비세탐정,레비에필정,레비원정,레비큐어정,레비탐정,레비티라세브이정,레비티퀄정"
"488504ALQ","레비라액,케프라액,큐팜액"
"488505ATB","레비라정,에피스크정,큐팜정"
"488505ATR","에필라탐서방정,케프라엑스알서방정,케프렙톨서방정,큐팜엑스알서방정"
"488530ALQ","레비라액,케프라액,큐팜액"
"488531ALQ","케프라액,큐팜액"
"488534BIJ","케라탐주사 mL,케라탐주사mL"
"488701BIJ","레버미어플렉스펜주 밀리리터,레버미어플렉스펜주밀리리터"
"488730BIJ","레버미어플렉스펜주 밀리리터,레버미어플렉스펜주밀리리터"
"488800ATB","아마반정,아반다릴정"
"488900ATB","아마반정,아반다릴정"
"489000ATB","아마반정,아반다릴정"
"489200ATB","유유리파터정"
"489302ATB","광동라푸티딘정,글라티딘정,나푸디정,뉴코티딘정,뉴토가정,디펜티딘정,라스토정,라스틴정,라토가정,라토딘정"
"489501ATB","네베트롤정,네보트론정,네볼민정,네비날정,네비레트엠정,네비레트정,네비롤정,네비베타정,네비스타정,네비스톨정"
"489502ATB","네비레트엠정,네비스톨정"
"489503ATB","네비레트엠정,네비스톨정"
"489601ACH","도모틴캡슐,스트라테라캡슐,아토목신캡슐,아토세라캡슐,아트렉스캡슐,환인아토목세틴캡슐"
"489602ACH","스트라테라캡슐,아토모테라캡슐,아토목신캡슐,아토세라캡슐,아트렉스캡슐,환인아토목세틴캡슐"
"489603ACH","스트라테라캡슐,아토모테라캡슐,아토목신캡슐,아토세라캡슐,아트렉스캡슐,환인아토목세틴캡슐"
"489604ACH","도모틴캡슐,스트라테라캡슐,아토모테라캡슐,아토목신캡슐,아토세라캡슐,아트렉스캡슐,환인아토목세틴캡슐"
"489605ACH","스트라테라캡슐,아토목신캡슐,아트렉스캡슐,환인아토목세틴캡슐"
"489606ACH","스트라테라캡슐,아토목신캡슐,환인아토목세틴캡슐"
"489631ASY","아토세라시럽 mL,아토세라시럽mL"
"489700ACR","디피아녹스서방캡슐,명문디피린서방캡슐,스트록스타서방캡슐,아디녹스캡슐,아피다몰서방캡슐"
"489901BIJ","글루타드주 L 알라닐 L 글루타민,글루타드주L알라닐L글루타민,디펩티벤주 L 알라닐 L 글루타민) L 알라닐 L 글루타민,디펩티벤주L알라닐L글루타민)L알라닐L글루타민"
"489902BIJ","글루타드주 L 알라닐 L 글루타민,글루타드주L알라닐L글루타민,디펩티벤주 L 알라닐 L 글루타민,디펩티벤주L알라닐L글루타민"
"489930BIJ","글루타드주 L 알라닐 L 글루타민,글루타드주L알라닐L글루타민"
"489931BIJ","디펩티벤주 L 알라닐 L 글루타민) L 알라닐 L 글루타민,디펩티벤주L알라닐L글루타민)L알라닐L글루타민"
"490030BIJ","삼성팔로노세트론주,알록시주,알록트론주,유니론주,유세트론주,조팍스주,중헌팔로노세트론염산염주,파니트론주,파록시주,파록시프리필드주"
"490031BIJ","삼성팔로노세트론주,알록시주,알록트론주,유니론주,유세트론주,조팍스주,중헌팔로노세트론염산염주,파니트론주,파록시주,파록시프리필드주"
"490201BIJ","셀비온메브로페닌주,캐리메브로페닌주사액"
"490301ALQ","움카민액,카로아액"
"490302ASY","기치콜시럽·글리세린혼합액,넬카민시럽·글리세린혼합액,뉴카민시럽·글리세린혼합액,루케민시럽·글리세린혼합액,리움시럽·글리세린혼합액,맥시움시럽·글리세린혼합액,뮤카민시럽·글리세린혼합액,민카민시럽·글리세린혼합액,브로닌시럽·글리세린혼합액,브론카민시럽·글리세린혼합액"
"490303ATB","기치콜정,라이트카민정,레스펠라정,뮤카민정,민카민정,브로카민정,브론벤트정,브론카민정,브론키움정,브론키정"
"490331ASY","기치콜시럽ᆞ글리세린혼합액,뉴카민시럽ᆞ글리세린혼합액,맥시움시럽·글리세린혼합액,뮤카민시럽·글리세린혼합액,민카민시럽·글리세린혼합액,브로닌시럽ᆞ글리세린혼합액,브론카민시럽·글리세린혼합액,브론키움시럽·글리세린혼합액,비알펠카민시럽·글리세린혼합액,아가브론시럽·글리세린혼합액"
"490332ASY","움카론시럽·글리세린혼합액,페라쿨시럽·글리세린혼합액"
"490333ASY","움카론시럽·글리세린혼합액,페라쿨시럽·글리세린혼합액"
"490334ASY","맥시움시럽·글리세린혼합액,움키넬시럽·글리세린혼합액,코프카민시럽·글리세린혼합액,펠민시럽·글리세린혼합액,한카민시럽·글리세린혼합액"
"490335ASY","기치콜시럽ᆞ글리세린혼합액,넬카민시럽·글리세린혼합액,뉴카민시럽ᆞ글리세린혼합액,리움시럽·글리세린혼합액,뮤카민시럽·글리세린혼합액,민카민시럽·글리세린혼합액,브로닌시럽ᆞ글리세린혼합액,브론카민시럽·글리세린혼합액,브론키시럽·글리세린혼합액,브론키움시럽·글리세린혼합액"
"490500CCM","다이손올겔,더마올겔,디스테로겔,라이올겔,베타올겔,베트올겔,자리오겔,자미덤겔,자미올겔,카리올겔"
"490500COM","넥스트리올연고,다이보베트연고,다이손올연고,디스테로연고,라이올연고,베타올연고,베타트리올연고,베트올연고,셀베칼연고,소이베트연고"
"490600COS","브리딘플러스점안액,콤비간점안액,콤비모닌점안액"
"492800ATB","글로포지정5 160밀리그램,글로포지정5160밀리그램,네오포지정5 160밀리그램,네오포지정5160밀리그램,넥포정5 160밀리그램,넥포정5160밀리그램,노바살탄정5 160mg,노바살탄정5160mg,노바스크브이정5 160밀리그램,노바스크브이정5160밀리그램"
"492900ATB","글로포지정5 80밀리그램,글로포지정580밀리그램,네오포지정5 80밀리그램,네오포지정580밀리그램,넥포정5 80밀리그램,넥포정580밀리그램,노바살탄정5 80mg,노바살탄정580mg,노바스크브이정5 80밀리그램,노바스크브이정580밀리그램"
"493200ATB","코데농정,코데민정"
"493401ATB","펠로엔정,펠루비정,펠프스정"
"493801ATB","넥스페나신정,뉴페신정,라이트솔리페나신정,메가솔페나정,메디페나신정,베나신정,베스칸정,베시가드정,베시나정,베시드정"
"493802ATB","넥스페나신정,뉴페신정,메디페나신정,베나신정,베스칸정,베시가드정,베시나정,베시드정,베시민정,베시솔정"
"493802ATD","솔리토스구강붕해정,오비케어구강붕해필름"
"493901ATB","녹십자테노포비르디소프록실푸마르산염정,다림테노포비르정,동광테노포비르정,동구테노포비르디소프록실푸마르산염정,라이트테노정,리버포드정,비리바정,비리어드정,우리들테노포비르디소프록실푸마르산염정,이니테노포비르정"
"494001APD","시스타단,시스타단산"
"494201ATB","가스딘정,가스란정,가스론엔정,넥소나정,레토라딘정,레토르정,엔라딘정,이글딘정,이글라딘정,이르딘정"
"494202ATB","가소라딘정,가스딘정,가스라딘정,가스란정,가스론엔정,가스롤정,글라딘정,넥소나정,라이트이르소글라딘정,레토라딘정"
"495201ATB","로라클정,빅스그렐정,클로비드정,클로빅스정,클로핀정,프로빅정,플라맥정"
"495401ACH","바스탁스캡슐,바이티스캡슐,베릭스캡슐,비너스타캡슐,비니스캡슐,비니스틴캡슐,비니티스캡슐,비니페라캡슐,비니페원캡슐,비스림캡슐"
"495501ACE","동광둘록세틴캡슐,두리세틴캡슐,두셀라캡슐,두울세틴캡슐,둘로윈캡슐,둘로틴캡슐,둘록세캡슐,둘세린캡슐,둘세틴캡슐,듀로세틴캡슐"
"495501ATE","둘록사정"
"495502ACE","동광둘록세틴캡슐,두리세틴캡슐,두셀라캡슐,두울세틴캡슐,둘로윈캡슐,둘로틴캡슐,둘록세캡슐,둘세린캡슐,둘세틴캡슐,듀로세틴캡슐"
"495601BIJ","다코젠주,데비킨주"
"495800ATB","글로포지정10 160밀리그램,글로포지정10160밀리그램,네오포지정10 160밀리그램,네오포지정10160밀리그램,넥포정10 160밀리그램,넥포정10160밀리그램,노바스크브이정10 160밀리그램,노바스크브이정10160밀리그램,노발탄정10 160밀리그램,노발탄정10160밀리그램"
"496800BIS","유로솔액,유리온액"
"497200ATB","글루파콤비정500 80mg,글루파콤비정50080mg"
"497401BIJ","마이카민주사,마이카민주사50밀리그람"
"497900ATB","로바프릴플러스정7.5,모니박시플러스정7.5,모에스크플러스정7.5,모엑시정7.5,바이프릴정7.5,엑시플러스정7.5,유니바스크플러스정7.5 12.5밀리그람,유니바스크플러스정7.512.5밀리그람,유니플러스정7.5,유플러스정7.5"
"498100ATB","글레존메트정15 850밀리그램,글레존메트정15850밀리그램,글리타멘정15 850밀리그램,글리타멘정15850밀리그램,넥토스메트정15 850밀리그램,넥토스메트정15850밀리그램,다이아듀오정,다이프로정15 850밀리그램,다이프로정15850밀리그램,대웅피오메트정15 850밀리그램"
"498200ATB","글로칼디정,디오본100정,디카돌정,디카듀오정100 1000,디카듀오정1001000,디카맥스디정,디카본100정,디카킴디정,디칼스디정,본디칼정"
"498300ATB","디오본포르테정,디카듀오정300 1000,디카듀오정3001000,디카맥스디플러스정,디카본300정,디칼스디플러스정,맥스디스정,본디칼플러스정,칼디텍정,칼시맥스300정"
"498401BIJ","엘라프라제주,젠자임엘라프라제주"
"498430BIJ","엘라프라제주,젠자임엘라프라제주"
"498600ATB","글라포민엠정1 500밀리그램,글라포민엠정1500밀리그램,네오마릴엠정1 500밀리그램,네오마릴엠정1500밀리그램,아마릴엠정1 500밀리그램,아마릴엠정1500밀리그램"
"498900ATB","유크리드정250 80밀리그램,유크리드정25080밀리그램,티크민정250 80밀리그램,티크민정25080밀리그램"
"499001BIJ","마이오자임주,젠자임마이오자임주"
"499200ATB","리시탄플러스정 12.5밀리그램,리시탄플러스정12.5밀리그램"
"499300ATB","리시탄플러스정 12.5밀리그램,리시탄플러스정12.5밀리그램"
"499900ATB","스타레보필름코팅정200 50 200밀리그람,스타레보필름코팅정200 50 200밀리그램,스타레보필름코팅정20050200밀리그람,스타레보필름코팅정20050200밀리그램,트리도파정200 50 200밀리그램,트리도파정20050200밀리그램,트리레보정200 50 200mg,트리레보정20050200mg"
"500200ATB","대웅알렌드로네이트디정,덴시본플러스디정,마빌더블유플러스정,보나맥스플러스디정,보노맥스플러스디정,본에이드플러스디정,본플러스디정,본필플러스디정,안국알렌드론산플러스디정,알드맥플러스디정"
"500301BIJ","아로포틴주,아로포틴프리필드주,에리포틴프리필드주 mL,에리포틴프리필드주mL,에스포젠프리필드주,에포론주 mL,에포론주mL,에포론주사액프리필드시린지,에포시스프리필드시린지주,에포카인주2000유니트 ml"
"500302BIJ","아로포틴주,아로포틴프리필드주,에리포틴프리필드주 mL,에리포틴프리필드주mL,에스포젠주,에스포젠프리필드주,에포론주 mL,에포론주mL,에포론주사액프리필드시린지 mL,에포론주사액프리필드시린지mL"
"500303BIJ","아로포틴프리필드주,에스포젠프리필드주,에포론주 mL,에포론주mL,에포론주사액프리필드시린지,에포시스프리필드시린지주,에포카인프리필드주1000유니트"
"500304BIJ","아로포틴프리필드주,에리포틴프리필드주 mL,에리포틴프리필드주mL,에스포젠프리필드주,에포론주,에포론주사액프리필드시린지 mL,에포론주사액프리필드시린지mL,에포시스프리필드시린지주,에포시스프리필드시린지주 ml,에포시스프리필드시린지주ml"
"500305BIJ","에리포틴프리필드주 mL,에리포틴프리필드주mL,에포론주사액프리필드시린지 mL,에포론주사액프리필드시린지mL,에포시스프리필드시린지주,에포시스프리필드시린지주 ml,에포시스프리필드시린지주ml"
"500306BIJ","에리포틴프리필드주 mL,에리포틴프리필드주mL,에스포젠프리필드주,에포론주사액프리필드시린지 mL,에포론주사액프리필드시린지mL,에포시스프리필드시린지주,에포시스프리필드시린지주 ml,에포시스프리필드시린지주ml,에포카인프리필드주6000유니트"
"500307BIJ","에리포틴프리필드주 mL,에리포틴프리필드주mL,에스포젠프리필드주,에포시스프리필드시린지주,에포시스프리필드시린지주 ml,에포시스프리필드시린지주ml,에포카인프리필드주8000유니트"
"500308BIJ","에리포틴프리필드주 mL,에리포틴프리필드주mL,에스포젠주,에스포젠프리필드주,에포론주사액프리필드시린지 mL,에포론주사액프리필드시린지mL,에포시스프리필드시린지주,에포카인주10000유니트 밀리리터,에포카인주10000유니트밀리리터,에포카인프리필드주10000유니트 밀리리터"
"500330BIJ","에포론주 mL,에포론주mL,에포론주사액프리필드시린지,에포카인프리필드주1000유니트"
"500331BIJ","에스포젠프리필드주 mL,에스포젠프리필드주mL"
"500332BIJ","에포론주 mL,에포론주mL,에포카인주2000유니트 밀리리터,에포카인주2000유니트밀리리터"
"500333BIJ","아로포틴주,아로포틴프리필드주,에리포틴프리필드주 mL,에리포틴프리필드주mL,에스포젠프리필드주 mL(인에리스로포이에틴 유전자재조합,에스포젠프리필드주mL(인에리스로포이에틴유전자재조합,에포론주사액프리필드시린지,에포시스프리필드시린지주 0.5mL,에포시스프리필드시린지주0.5mL,에포카인프리필드주2000유니트"
"500334BIJ","에리포틴프리필드주 mL,에리포틴프리필드주mL,에스포젠프리필드주 mL,에스포젠프리필드주mL,에포론주사액프리필드시린지 mL,에포론주사액프리필드시린지mL,에포시스프리필드시린지주 ml,에포시스프리필드시린지주ml,에포카인프리필드주10000유니트 밀리리터,에포카인프리필드주10000유니트밀리리터"
"500335BIJ","에포론주 mL,에포론주mL"
"500336BIJ","아로포틴프리필드주"
"500337BIJ","에리포틴프리필드주 mL,에리포틴프리필드주mL,에스포젠프리필드주 mL,에스포젠프리필드주mL,에포론주사액프리필드시린지 mL,에포론주사액프리필드시린지mL,에포시스프리필드시린지주 ml,에포시스프리필드시린지주ml,에포카인프리필드주10000유니트 밀리리터,에포카인프리필드주10000유니트밀리리터"
"500338BIJ","에리포틴프리필드주 mL,에리포틴프리필드주mL,에스포젠주 mL 4KI.U,에스포젠주mL4KI.U,에포론주 mL,에포론주mL,에포카인주4000유니트 밀리리터,에포카인주4000유니트밀리리터"
"500339BIJ","아로포틴주,아로포틴프리필드주"
"500340BIJ","에리포틴프리필드주 mL,에리포틴프리필드주mL,에포론주사액프리필드시린지 mL,에포론주사액프리필드시린지mL,에포시스프리필드시린지주 ml,에포시스프리필드시린지주ml"
"500341BIJ","에리포틴프리필드주 mL,에리포틴프리필드주mL,에스포젠프리필드주 mL,에스포젠프리필드주mL,에포론주사액프리필드시린지 mL,에포론주사액프리필드시린지mL,에포시스프리필드시린지주 ml,에포시스프리필드시린지주ml,에포카인프리필드주10000유니트 밀리리터,에포카인프리필드주10000유니트밀리리터"
"500342BIJ","에스포젠프리필드주 mL,에스포젠프리필드주mL,에포시스프리필드시린지주 ml,에포시스프리필드시린지주ml,에포카인프리필드주10000유니트 밀리리터,에포카인프리필드주10000유니트밀리리터,에포틴플러스프리필드주 mL,에포틴플러스프리필드주mL"
"500343BIJ","에리포틴프리필드주 mL,에리포틴프리필드주mL,에스포젠주 mL 10KI.U,에스포젠주mL10KI.U,에스포젠프리필드주 mL,에스포젠프리필드주mL,에포론주사액프리필드시린지 mL,에포론주사액프리필드시린지mL,에포시스프리필드시린지주 ml,에포시스프리필드시린지주ml"
"500500ATB","노바스크오정5 20밀리그램,노바스크오정520밀리그램,뉴비카정5 20mg,뉴비카정520mg,두비카정5 20mg,두비카정520mg,로메탄정5 20밀리그램,로메탄정520밀리그램,로우비카정5 20밀리그램,로우비카정520밀리그램"
"500600ATB","세비카정 10 20밀리그람,세비카정1020밀리그람"
"500801ATB","가브빌다정,가브스정,가블리정,다야브스정,동구빌다글립틴정50밀리그램,빌가드정,빌다글립엠정,빌다브스정,빌다틴정,빌다포트정"
"500901ATB","니세론정,리시드로정,슈넬리세드론산나트륨정,청계리세드론산나트륨정"
"501101ATB","시타그립정,시타글루정,시타립틴정,자누맥스정,자누비아정,자누스정"
"501102ATB","스타진정,시타그립정,시타글루정,시타글립정,시타립틴정,시타정,자누글립정,자누맥스정,자누비아정,자누스정"
"501103ATB","광동시타글립틴인산염수화물정100밀리그램,동국시타글립틴정,스타비아정,스타진정,시타그립정,시타글루정,시타글립정,시타립틴정,시타정,자누글립정"
"501501ATB","비알빅스정,인히플라트정"
"502000CSI","포스터100 6에이치에프에이,포스터1006에이치에프에이"
"502300ATB","스타메진정50 1000밀리그램,스타메진정501000밀리그램,시타폴민정50 1000밀리그램,시타폴민정501000밀리그램,자누맥스엠정50 1000밀리그램,자누맥스엠정501000밀리그램,자누메트정50 1000밀리그램,자누메트정501000밀리그램,자누믹스정50 1000밀리그램,자누믹스정501000밀리그램"
"502300ATR","시타메트엑스알서방정50,시타폴민엑스알서방정50 1000밀리그램,시타폴민엑스알서방정501000밀리그램,자누메트엑스알서방정50 1000밀리그램,자누메트엑스알서방정501000밀리그램"
"502400BIS","키도림티30산"
"502600ATB","미카르디스플러스정80 25밀리그램,미카르디스플러스정8025밀리그램,미카르텔미플러스정80 25밀리그램,미카르텔미플러스정8025밀리그램,미카탄플러스정80 25밀리그램,미카탄플러스정8025밀리그램,미카테르플러스정80 25밀리그램,미카테르플러스정8025밀리그램,일양텔미사탄플러스정80 25밀리그램,일양텔미사탄플러스정8025밀리그램"
"502700ATB","아모잘탄정5 100밀리그램,아모잘탄정5100밀리그램,코자엑스큐정5,코자엑스큐정5 100밀리그램,코자엑스큐정5100밀리그램"
"502900ATB","스타메진정50 850밀리그램,스타메진정50850밀리그램,시타폴민정50 850밀리그램,시타폴민정50850밀리그램,자누맥스엠정50,자누메트정50 850밀리그램,자누메트정50850밀리그램,자누믹스정50 850밀리그램,자누믹스정50850밀리그램,자누스듀오정50"
"503000ATB","아모잘탄정5 50밀리그램,아모잘탄정550밀리그램,코자엑스큐정5,코자엑스큐정5 50밀리그램,코자엑스큐정550밀리그램"
"503201ATR","인베가서방정,팔리스펜서방정"
"503202ATR","인베가서방정,팔리스펜서방정"
"503203ATR","인베가서방정,팔리스펜서방정"
"503301ACH","글로코프캡슐,넥스코프캡슐,뉴코프캡슐,대우브로민캡슐,브로스타캡슐,브로코프캡슐,삼성테오브로민캡슐300mg,애니로민캡슐,애니브로캡슐,애니코프캡슐"
"503601BIJ","루센티스주10밀리그람 밀리리터,루센티스주10밀리그람밀리리터"
"503630BIJ","루센비에스주 밀리리터,루센비에스주밀리리터,루센티스주10밀리그람 밀리리터,루센티스주10밀리그람밀리리터"
"503631BIJ","루센티스주 밀리리터,루센티스주밀리리터,아멜리부주 밀리리터,아멜리부주밀리리터"
"503632BIJ","루센비에스프리필드시린지,루센티스프리필드시린지"
"503900CEX","알로스탈프릭 피부단자검사액,알로스탈프릭피부단자검사액"
"504202ACH","넥스로신캡슐,뉴로신캡슐,동구실로도신캡슐,디스로신캡슐,삼성실로도신캡슐4밀리그램,서울실로도신캡슐4밀리그램,실도신캡슐,실로나신캡슐,실로신캡슐,실로패스캡슐"
"504202ATB","뉴패스정,실로도정,실로딘정,실로신정,에스패스정,유리도신정,인패스정,지니패스정,큐어패스정,트루렌정"
"504203ACH","디스로신캡슐,실도신캡슐,실버도신캡슐"
"504203ATD","큐어패스구강붕해정,트루패스구강붕해정"
"504301BIJ","미쎄라프리필드주"
"504302BIJ","미쎄라프리필드주"
"504303BIJ","미쎄라프리필드주"
"504304BIJ","미쎄라프리필드주"
"504305BIJ","미쎄라프리필드주"
"504306BIJ","미쎄라프리필드주"
"504307BIJ","미쎄라프리필드주"
"504308BIJ","미쎄라프리필드주"
"504309BIJ","미쎄라프리필드주"
"504310BIJ","미쎄라프리필드주"
"504311BIJ","미쎄라프리필드주"
"505100BIJ","스모프카비벤주,오마프원주,폼스티엔에이주"
"505200BIJ","스모프카비벤주,오마프원주,폼스티엔에이주"
"505300BIJ","스모프카비벤주,오마프원주,폼스티엔에이주"
"505601ATB","글라맥정,네오맥정,동구폴라프레징크정75밀리그램,맥프로정,베아맥정,삼성폴라프레징크정,슈퍼징크정,아이맥정,에이지폴로맥정,우리들폴라프레징크정75밀리그램"
"506100ATB","기네스타정,긴코스타정,깅스타정,뉴넥신정,니네틸정,동광실로징코정,레녹신정,로넥신정,리네스타정,리네실정"
"506201BIJ","그린진에프주 (베록토코그알파,그린진에프주(베록토코그알파,그린진주(베록토코그알파"
"506230BIJ","그린진에프주(베록토코그알파"
"506231BIJ","그린진에프주(베록토코그알파"
"506232BIJ","그린진에프주(베록토코그알파"
"506900BIS","사이트라세이트3.0,사이트라세이트3.5"
"507000ATB","가브스메트정50 850밀리그램,가브스메트정50850밀리그램,다야브스메트정50,빌다듀오엠정50,빌다브스엠정50,빌다포트메트정50"
"507100ATB","가브스메트정50 1000밀리그램,가브스메트정501000밀리그램,다야브스메트정50,빌다듀오엠정50,빌다브스엠정50,빌다포트메트정50,에이브스메트정50"
"507200ATB","스타레보필름코팅정75 18.75 200밀리그램,스타레보필름코팅정7518.75200밀리그램,이지레보정75 18.75 200mg,이지레보정7518.75200mg,트리도파정75 18.75 200밀리그램,트리도파정7518.75200밀리그램,트리레보정75 18.75 200mg,트리레보정7518.75200mg"
"507300ATB","스타레보필름코팅정125 31.25 200밀리그램,스타레보필름코팅정12531.25200밀리그램,이지레보정125 31.25 200mg,이지레보정12531.25200mg,트리도파정125 31.25 200밀리그램,트리도파정12531.25200밀리그램,트리레보정125 31.25 200mg,트리레보정12531.25200mg"
"507401BIJ","휴마로그믹스 50 카트리지주 밀리리터,휴마로그믹스50카트리지주밀리리터,휴마로그믹스50퀵펜주 밀리리터,휴마로그믹스50퀵펜주밀리리터"
"507800ATB","바이토린정10 40,바이토린정1040"
"508700ATB","원더칼 디츄어블정,원더칼디츄어블정"
"509002COS","타플로탄 에스점안액,타플로탄에스점안액"
"509030COS","타플로탄 에스점안액,타플로탄에스점안액"
"509401ATB","이노베론필름코팅정"
"509402ATB","이노베론필름코팅정"
"509403ATB","이노베론필름코팅정"
"509901ACH","넥사졸캡슐,에소메드캡슐,에소프라졸캡슐,에스졸캡슐"
"509902ACH","넥사졸캡슐,에소메드캡슐,에소프라졸캡슐,에스졸캡슐"
"510100BIS","보령헤모시스에이지액,보령헤모시스지액,에취디졸비씨지에이액,헤모비덱스1호액"
"510200BIS","보령헤모시스지A액,헤모비덱스1호액"
"510300BIS","보령헤모시스에이액,보령헤모시스에이엔액,에취디졸 비씨액,에취디졸비씨액,에취디졸비씨에이액,헤모트레이트비1호"
"510700BIS","페리퓨어액,피지오닐액"
"510800BIS","페리퓨어액,피지오닐액"
"511000BIS","페리퓨어액,피지오닐액"
"511200ATB","뉴토넬플러스정,드로넬플러스정,디세든플러스정,리드넷플러스정,리드론플러스정,리드산플러스정,리론트플러스정,리산드플러스정,리세네플러스정,리세넥스플러스정"
"511301ATB","로나센정,로나큐정,파마블로난세린정2밀리그램"
"511302ATB","로나센정,로나큐정,파마블로난세린정4밀리그램"
"511303ATB","로나센정,로나큐정,파마블로난세린정8밀리그램"
"511401ATB","네오록사반정,뉴록스반정,록사원정,리넬토정,리록사반정,리록스반정,리록시아정,리바렐정,리바로트정,리바록스정"
"511402ATB","네오록사반정,뉴록스반정,록사원정,리넬토정,리록사반정,리록스반정,리록시아정,리바렐정,리바로트정,리바록스정"
"511403ATB","네오록사반정,뉴록스반정,록사원정,리넬토정,리록사반정,리록스반정,리록시아정,리바렐정,리바로트정,리바록스정"
"511404ATB","네오록사반정,리록스반정,리복사반정,명인리바록사반정2.5밀리그램,바렐토정,유록사반정,유한리바록사반정2.5밀리그램,자렉스정,자렐슨정,자렐큐정"
"511500ATB","네오스타정80 5밀리그램,네오스타정805밀리그램,노바스크티정80 5밀리그램,노바스크티정805밀리그램,녹십자텔미아모정80 5밀리그램,녹십자텔미아모정805밀리그램,뉴플러스타정80 5밀리그램,뉴플러스타정805밀리그램,더블로우정80 5밀리그램,더블로우정805밀리그램"
"511600ATB","네오스타정40 5밀리그램,네오스타정405밀리그램,넬스타정40 5밀리그램,넬스타정405밀리그램,노바스크티정40 5밀리그램,노바스크티정405밀리그램,녹십자텔미아모정40 5밀리그램,녹십자텔미아모정405밀리그램,뉴플러스타정40 5밀리그램,뉴플러스타정405밀리그램"
"511700ATB","네오스타정40 10밀리그램,네오스타정4010밀리그램,넬스타정40 10밀리그램,넬스타정4010밀리그램,노바스크티정40 10밀리그램,노바스크티정4010밀리그램,녹십자텔미아모정40 10밀리그램,녹십자텔미아모정4010밀리그램,더블로우정40 10밀리그램,더블로우정4010밀리그램"
"512301ATB","레그칼정,레그파라정,레나세트정,레나트라정,레나파라정,레파세트정,레파트진정,베네프정,시나비엠정,시나세트정"
"512401BIJ","레모둘린주사 ml,레모둘린주사ml"
"512402BIJ","레모둘린주사 ml,레모둘린주사ml"
"512403BIJ","레모둘린주사 ml,레모둘린주사ml"
"512430BIJ","레모둘린주사 mL,레모둘린주사mL"
"512431BIJ","레모둘린주사 mL,레모둘린주사mL"
"512432BIJ","레모둘린주사 mL,레모둘린주사mL"
"513000ATB","굿트라셋정,그린셋정,노통펜프러스정,뉴트라셋정,뉴트라정,다노펜정,더블셋정,도라셋정,돌트람셋정,듀라셋정"
"513000ATR","건트라셋세미서방정,듀얼셋세미서방정,라이트셋세미서방정,마도펜세미서방정,무파인세미서방정,베아셋세미서방정,슈프라펜세미서방정,시너젯이알세미서방정,아마돌ER세미서방정,아세트라셋세미서방정"
"513200BIJ","셉타네스트주1 200 000,셉타네스트주1200000,포시카인주 200,포시카인주200,휴온스아티카인에피네프린주1 20만,휴온스아티카인에피네프린주120만"
"513300APD","에레드롤에프산,페디라산"
"513400BIJ","멀티플렉스주,콤비플렉스주"
"513600ATB","뉴메살탄플러스정20 12.5mg,뉴메살탄플러스정2012.5mg,대웅올메사탄플러스정20 12.5밀리그램,대웅올메사탄플러스정2012.5밀리그램,로우탄플러스정,로우텍플러스정20,로우텍플러스정20 12.5밀리그램,로우텍플러스정2012.5밀리그램,메사르플러스정20 12.5밀리그램,메사르플러스정2012.5밀리그램"
"513700ATB","스타메진정50 500밀리그램,스타메진정50500밀리그램,시타폴민정50 500밀리그램,시타폴민정50500밀리그램,자누맥스엠정50,자누메트정50 500밀리그램,자누메트정50500밀리그램,자누믹스정50 500밀리그램,자누믹스정50500밀리그램,자누스듀오정50"
"513700ATR","시타메트엑스알서방정50,시타폴민엑스알서방정50 500밀리그램,시타폴민엑스알서방정50500밀리그램,자누메트엑스알서방정50 500밀리그램,자누메트엑스알서방정50500밀리그램"
"513900ATB","아모잘탄정10 50밀리그램,아모잘탄정1050밀리그램,코자엑스큐정10 50밀리그램,코자엑스큐정1050밀리그램"
"514100ATR","건트라셋서방정,듀얼셋서방정,라이트셋서방정,마도펜서방정,무파인서방정,베아셋서방정,슈프라펜서방정,시너젯이알서방정,아마돌ER서방정,아세트라셋서방정"
"515001ATB","디테린정,쿠반정,쿠발라용해정"
"515201ATB","알카나정,카나덴정,카나브정,피마모노정,휴나브정"
"515203ATB","알카나정,카나덴정,카나브정,피마모노정,휴나브정"
"515400COS","미드프리점안액,트로페린점안액,프리디아점안액"
"516400COS","코솝에스점안액,티어솝프리점안액"
"516600ATB","칼레트라정100 25,칼레트라정10025"
"516800BIJ","네오카프주,세프카주"
"516900BIS","멀티빅2칼륨액,멀티빅2칼륨액5L"
"517100ATR","타진서방정 5 2.5mg,타진서방정52.5mg"
"517200ATR","타진서방정 40 20mg,타진서방정4020mg"
"517401ATB","도스티넥스정,도스티넨정,카버락틴정"
"517402ATB","도스티넨정,카버락틴정"
"517403ATB","도스티넨정,카버락틴정"
"517701ATB","레나벨정,렌벨라정,벨라비엠정,벨라캅정,세뉴벨라정,세머원정,세벨머정,인벨라정,인세벨정,젠벨라정"
"517900ACE","뉴클로파인듀오캡슐,뉴피도에이캡슐,듀얼렛캡슐,맥스그렐에이캡슐,슈퍼피린캡슐,아나빅스듀오캡슐,아리그렐캡슐,아스그렐캡슐,아스피겔캡슐,아스피도캡슐"
"518000ATB","나소프라정500,낙센에스정500 20밀리그램,낙센에스정50020밀리그램,비모보정 500 20밀리그램,비모보정50020밀리그램,비모엠정500,엑소락센정500,제모보정500"
"518400ATB","리도넬디정,리세넥스엠정,포스넬엠정"
"518500ATR","콤비글라이즈서방정5,콤비글라이즈서방정5 500밀리그램,콤비글라이즈서방정5500밀리그램"
"518600ATR","콤비글라이즈서방정5,콤비글라이즈서방정5 1000밀리그램,콤비글라이즈서방정51000밀리그램"
"518701BIJ","헌터라제"
"518730BIJ","헌터라제"
"518900ATB","암로듀엣정10 20mg,암로듀엣정1020mg,카듀엣정10 20밀리그램,카듀엣정1020밀리그램"
"519201ATE","레토프라정,스토프라졸정,에스토넬정,에스토졸정,엔피판토정,판토렉스정,판토루스정"
"519202ATE","레토프라정,스토프라졸정,에스토졸정,엔피판토정,판토렉스정,판토루스정"
"519203ATE","레토프라정"
"519600ATB","가브스메트정50 500밀리그램,가브스메트정50500밀리그램,가블리메트정,다야브스메트정50,빌가드엠정50 500밀리그램,빌가드엠정50500밀리그램,빌다듀오엠정50,빌다브스엠정50,빌다틴메트정50 500밀리그램,빌다틴메트정50500밀리그램"
"519700ATB","뉴비카플러스정5 40 12.5밀리그램,뉴비카플러스정54012.5밀리그램,로메탄에이치씨티정5 40 12.5밀리그램,로메탄에이치씨티정54012.5밀리그램,로우비카에이치씨티정5 40 12.5밀리그램,로우비카에이치씨티정54012.5밀리그램,삼비카에이치씨티정5 40 12.5밀리그램,삼비카에이치씨티정54012.5밀리그램,세라칸에이치씨티정5 40 12.5밀리그램,세라칸에이치씨티정54012.5밀리그램"
"519800ATB","뉴비카플러스정5 20 12.5밀리그램,뉴비카플러스정52012.5밀리그램,로메탄에이치씨티정5 20 12.5밀리그램,로메탄에이치씨티정52012.5밀리그램,로우비카에이치씨티정5 20 12.5밀리그램,로우비카에이치씨티정52012.5밀리그램,삼비카에이치씨티정5 20 12.5밀리그램,삼비카에이치씨티정52012.5밀리그램,세라칸에이치씨티정5 20 12.5밀리그램,세라칸에이치씨티정52012.5밀리그램"
"519900ATB","세비카에이치씨티정10 40 25밀리그램,세비카에이치씨티정104025밀리그램"
"520000ATB","뉴비카플러스정10 40 12.5밀리그램,뉴비카플러스정104012.5밀리그램,로메탄에이치씨티정10 40 12.5밀리그램,로메탄에이치씨티정104012.5밀리그램,로우비카에이치씨티정10 40 12.5밀리그램,로우비카에이치씨티정104012.5밀리그램,삼비카에이치씨티정10 40 12.5밀리그램,삼비카에이치씨티정104012.5밀리그램,세라칸에이치씨티정10 40 12.5밀리그램,세라칸에이치씨티정104012.5밀리그램"
"520100ATB","세비카에이치씨티정 5 40 25밀리그램,세비카에이치씨티정54025밀리그램"
"520200CSI","나자플렉스나잘스프레이,모테손플러스나잘스프레이"
"520302ATE","뉴브릭이에이치정,로피롤에이정,페노릭스EH정"
"520430BIJ","악템라주(토실리주맙,앱토즈마주(토실리주맙"
"520431BIJ","악템라주(토실리주맙,앱토즈마주(토실리주맙"
"520432BIJ","악템라주(토실리주맙,앱토즈마주(토실리주맙"
"520433BIJ","악템라피하주사(토실리주맙,앱토즈마피하주사(토실리주맙"
"520500ATB","글로틴듀오정2.5,라니글듀오정2.5 1000밀리그램,라니글듀오정2.51000밀리그램,리나디포듀오정2.5,리나로엠정2.5,리나원듀오정2.5,리나제틴듀오정2.5 1000밀리그램,리나제틴듀오정2.51000밀리그램,리나젠타듀오정2.5 1000mg,리나젠타듀오정2.51000mg"
"520600ATB","글로틴듀오정2.5,라니글듀오정2.5 850밀리그램,라니글듀오정2.5850밀리그램,리나디포듀오정2.5,리나로엠정2.5,리나원듀오정2.5,리나제틴듀오정2.5 850밀리그램,리나제틴듀오정2.5850밀리그램,리나젠타듀오정2.5 850mg,리나젠타듀오정2.5850mg"
"520700ATB","글로틴듀오정2.5,라니글듀오정2.5 500밀리그램,라니글듀오정2.5500밀리그램,리나디포듀오정2.5,리나로엠정2.5,리나원듀오정2.5,리나제틴듀오정2.5 500밀리그램,리나제틴듀오정2.5500밀리그램,리나젠타듀오정2.5 500mg,리나젠타듀오정2.5500mg"
"520901ATB","올메세틸정,올메신에스정,올메탄정,올모스에프정"
"520902ATB","올메세틸정,올메탄정"
"521200ATB","텔미누보정40 2.5밀리그램,텔미누보정402.5밀리그램"
"521300ATB","텔미누보정40 5밀리그램,텔미누보정405밀리그램"
"521400ATB","텔미누보정80 2.5밀리그램,텔미누보정802.5밀리그램"
"521601ATB","베리온정,베포린정,베포스타정,베포탄정,타리에스정"
"521602ATR","베리온서방정,베포린서방정,베포스타서방정,베포큐서방정,베포탄서방정,타리에스서방정"
"522000ATB","라코르정60 12.5밀리그램,라코르정6012.5밀리그램,카나브플러스정60 12.5mg,카나브플러스정6012.5mg"
"522200ATB","레바캄정10 80밀리그램,레바캄정1080밀리그램"
"522300ATB","레바캄정10 160밀리그램,레바캄정10160밀리그램"
"522400ATB","레바캄정20 160밀리그램,레바캄정20160밀리그램"
"522600ATB","레보발사정2.5 80밀리그램,레보발사정2.580밀리그램,레보살탄정2.5 80밀리그램,레보살탄정2.580밀리그램"
"522700ATB","레보발사정2.5 160밀리그램,레보발사정2.5160밀리그램,레보살탄정2.5 160밀리그램,레보살탄정2.5160밀리그램"
"522800ATB","레보발사정5 160밀리그램,레보발사정5160밀리그램,레보살탄정5 160밀리그램,레보살탄정5160밀리그램"
"522900ATB","엑스원정5 80밀리그램,엑스원정580밀리그램"
"523000ATB","엑스원정5 160밀리그램,엑스원정5160밀리그램"
"523100ATB","엑스원정10 160밀리그램,엑스원정10160밀리그램"
"523200ATB","오로살탄정5 80밀리그램,오로살탄정580밀리그램"
"523300ATB","오로살탄정5 160밀리그램,오로살탄정5160밀리그램"
"523400ATB","오로살탄정10 160밀리그램,오로살탄정10160밀리그램"
"523500ATB","낙소졸정500 20밀리그램,낙소졸정50020밀리그램"
"523600ATB","보그메트정0.2 250밀리그램,보그메트정0.2250밀리그램"
"523700ATB","보그메트정0.2 500밀리그램,보그메트정0.2500밀리그램"
"523800ATR","제미메트서방정25 500밀리그램,제미메트서방정25500밀리그램"
"524000ATB","로벨리토정150"
"524100ATB","로벨리토정150"
"524700ATR","시타메트엑스알서방정100,시타폴민엑스알서방정100 1000밀리그램,시타폴민엑스알서방정1001000밀리그램,자누메트엑스알서방정100 1000밀리그램,자누메트엑스알서방정1001000밀리그램"
"524800ATB","코슈엘정,코싹엘정"
"524901ATB","네오캄정,네옥트알정,뉴로시드정,뉴로치드정,뉴옥시드정,뉴치옥트민정,뉴티오정,다이뉴시드정,대웅바이오알티옥트산정,더치드정"
"525000ATB","로바르탄정10 80밀리그램,로바르탄정1080밀리그램,로바엑스정10 80밀리그램,로바엑스정1080밀리그램,로바티탄정10 80밀리그램,로바티탄정1080밀리그램,로바하이정10 80밀리그램,로바하이정1080밀리그램,로수발탄정10 80밀리그램,로수발탄정1080밀리그램"
"525100ATB","로바르탄정10 160밀리그램,로바르탄정10160밀리그램,로바엑스정10 160밀리그램,로바엑스정10160밀리그램,로바티탄정10 160밀리그램,로바티탄정10160밀리그램,로바하이정10 160밀리그램,로바하이정10160밀리그램,로수발탄정10 160밀리그램,로수발탄정10160밀리그램"
"525200ATB","로바르탄정20 80밀리그램,로바르탄정2080밀리그램,로바엑스정20 80밀리그램,로바엑스정2080밀리그램,로바티탄정20 80밀리그램,로바티탄정2080밀리그램,로바하이정20 80밀리그램,로바하이정2080밀리그램,로수발탄정20 80밀리그램,로수발탄정2080밀리그램"
"525300ATB","로바르탄정20 160밀리그램,로바르탄정20160밀리그램,로바엑스정20 160밀리그램,로바엑스정20160밀리그램,로바티탄정20 160밀리그램,로바티탄정20160밀리그램,로수발탄정20 160밀리그램,로수발탄정20160밀리그램,발사로브정20 160밀리그램,발사로브정20160밀리그램"
"525400COS","톨론티점안액,플로테라점안액,후메론 플러스점안현탁액,후메론플러스점안현탁액"
"525500ATB","액토스릴정30 2밀리그램,액토스릴정302밀리그램"
"525600ATB","액토스릴정30 4밀리그램,액토스릴정304밀리그램"
"526030BIJ","시노비안주,하이알 원샷주,하이알원샷주,하이히알원스주"
"526300ATB","로셀메텍정20 10밀리그램,로셀메텍정2010밀리그램,올레로수정20 10밀리그램,올레로수정2010밀리그램,올로듀엣정20 10밀리그램,올로듀엣정2010밀리그램,올로스타정20 10밀리그램,올로스타정2010밀리그램,올르메틴정20 10밀리그램,올르메틴정2010밀리그램"
"526400ATB","올레로수정20 20밀리그램,올레로수정2020밀리그램,올로듀엣정20 20밀리그램,올로듀엣정2020밀리그램,올로스타정20 20밀리그램,올로스타정2020밀리그램,올르메틴정20 20밀리그램,올르메틴정2020밀리그램,올메로바정20 20밀리그램,올메로바정2020밀리그램"
"526500ATB","올로스타정40 20밀리그램,올로스타정4020밀리그램"
"526600COS","도르티솝에스점안액,코도르에스점안액"
"526800ATB","라코르정120 12.5밀리그램,라코르정12012.5밀리그램,카나브플러스정120 12.5mg,카나브플러스정12012.5mg"
"526900ATB","올레로수정20 5밀리그램,올레로수정205밀리그램,올로듀엣정20 5밀리그램,올로듀엣정205밀리그램,올로스타정20 5밀리그램,올로스타정205밀리그램,올르메틴정20 5밀리그램,올르메틴정205밀리그램,올메로바정20 5밀리그램,올메로바정205밀리그램"
"527000ATB","로벨리토정300"
"527100ATB","로벨리토정300"
"527301ATB","네오다파정,다글로진정,다파그린정,다파글리엠정,다파로정,다파린정,다파릴정,다파프로진정,다파하나정,다퓨라정"
"527302ATB","글리플로정,네오다파정,뉴시가정,뉴팜다파글리플로진정,다글로진정,다파그린정,다파글루정,다파글리엠정,다파글정,다파로정"
"527400ATB","나프라졸정,나프메드정500 20밀리그램,나프메드정50020밀리그램,신플랙스세이프정500 20밀리그램,신플랙스세이프정50020밀리그램,에소록센정"
"528201ATR","아다핀오스모서방정,아달라트오로스정30"
"528800CCM","라파엘크림,트라보코트크림"
"530001COS","라이트히알미니점안액,아이누리점안액,유니알디스포점안액,하일렌점안액,히론아이점안액,히아레인미니점안액,히아렌프리점안액,히알산점안액,히알유니점안액,히알캡점안액"
"530002COS","라이트히알미니점안액,리블리스점안액,베아레인점안액,아이누리점안액,아이레인프리점안액,아이히알점안액,아일리점안액,유니알디스포점안액,제노벨라0.1에스디점안액,제이레인점안액"
"530003COS","베아레인점안액,티어린프리점안액,하메론점안액,히아루론점안액"
"530004COS","리블리스점안액,아이누리점안액,제노벨라0.1에스디점안액,카이닉스점안액,프로산점안액,하메론점안액,히알캡점안액"
"530005COS","라이트히알미니점안액,리블리스점안액,베아레인점안액,아이누리점안액,아이레인프리점안액,아일리점안액,오코히알점안액,유니알디스포점안액,제이레인점안액,카이닉스점안액"
"530007COS","라이트히알미니점안액,루체에이치에이점안액,베아레인점안액,아이히알점안액,아일리점안액,오코히알점안액,유니알디스포점안액,티어린프리점안액,하메론점안액,하이퓨어점안액"
"530008COS","리블리스점안액,베아레인점안액,아루엔점안액,아이누리점안액,오코히알점안액,제이레인점안액,카이닉스점안액,티어린프리점안액,프로산점안액,히아루론점안액"
"530009COS","유니알디스포점안액,큐알론점안액,히아레인미니점안액,히알산점안액,히알유니점안액"
"530010COS","베아레인프리점안액,아이누리점안액,오코히알점안액,제노벨라0.18에스디점안액,티어린에스점안액,하메론 에스점안액,하메론에스점안액,히알룩스점안액,히알큐점안액"
"530011COS","뉴히알유니점안액,루체에이치에이점안액,아루엔점안액(히알루론산나트륨,큐알론점안액,프로산점안액,히알루론미니점안액,히알루론미니점안액(히알루론산나트륨"
"530012COS","제이레인점안액,카이닉스2점안액,히알루미니점안액,히알룩스점안액"
"530013COS","리블리스점안액,제이레인점안액,프로산점안액"
"530014COS","티어엠맥스점안액,히아루론맥스점안액,히알미니 디점안액,히알미니디점안액"
"530015COS","제이레인점안액,카이닉스2점안액"
"530016COS","프로산점안액,하메론피점안액"
"530017COS","아이누리점안액,제노벨라0.3에스디점안액,큐알론점안액,티어린에프점안액,프로산점안액,히알루미니점안액,히알룩스더블유점안액,히알산점안액"
"530018COS","리블리스점안액,카이닉스3점안액,프로산점안액,히알유니점안액"
"530019COS","라큐아점안액,아이레인점안액"
"530020COS","글로아이점안액,라큐아점안액,리블리스점안액,베아레인점안액,산텐히아레인0.1점안액,아이레인점안액,유니알점안액,제노벨라점안액,큐알론점안액,티아렌점안액"
"530021COS","글로아이점안액,라이트히알점안액,루체에이치에이점안액,리블리스점안액,리히알점안액,비비알점안액,아루엔점안액,아이레인점안액,아이히알점안액,아일리점안액"
"530023COS","라이트히알점안액,유니알점안액,히알산점안액"
"530024BIJ","마이크로비스크주,프로비스크주,히알2000주,히알루주사,힐론주"
"530025COS","뉴히알드롭점안액,아이히알점안액,알론점안액,하메론에이점안액,히알루론미니점안액,히알미니 아이점안액,히알미니아이점안액,히알산점안액,히알젠점안액"
"530029COS","글로아이점안액,라이트히알점안액,라큐아점안액,루체에이치에이점안액,리블리스점안액,리히알점안액,아루엔점안액,아이레인점안액,아이히알점안액,유니알점안액"
"530030BIJ","마이크로비스크플러스주,힐론지브이주"
"530031COS","글로히알우론산나트륨점안액,유니알점안액,티어린프리점안액,하메론점안액,히알룩스미니점안액,히알산점안액"
"530032BIJ","국제히알우론산아이주,비스크로텍주(히알루론산나트륨,알론프로텍트주(히알루론산나트륨,유니알주15밀리그람(히알루론산나트륨,카타힐론주,프로힐론주(히알루론산나트륨,하메론주(히알루론산나트륨,하이아이주,하이힐룬주,히아렌주(프리필드"
"530036BIJ","히알플러스주(히알루론산나트륨"
"530037COS","뉴히알드롭점안액,아이히알점안액,알론점안액,유니알디스포점안액,하메론에이점안액,히아박점안액,히알루론미니점안액,히알미니 아이점안액,히알미니아이점안액,히알산점안액"
"530039COS","라큐아점안액,하메론피점안액,히아레인0.3점안액,히알유니드롭하이도즈점안액"
"530042COS","유니알디스포점안액,히알루드롭점안액"
"530045BIJ","네오히알주(히알루론산나트륨,네오힐론주(프리필드,니론플러스주(프리필드,대웅히알루론산주(히알루론산나트륨,동구히알루론산플러스주(프리필드,라이트에이주(프리필드,류마플러스주(히알루론산나트륨,마이알주,미래히알루론산주,보니센주(프리필드"
"530046BIJ","니론주,동구히알루론산주,라이트에이치주(프리필드,아라간주(히알루론산나트륨,아트리주,알루론주,유닐론디스포주(히알루론산나트륨)(프리필드,지엘히알루론산나트륨주,코러스히알우론산나트륨주,하루닉5주(히알루론산나트륨"
"530048COS","라이트히알점안액,비비알점안액,아이누리점안액,아이레인프리점안액,알론점안액,유니알디스포점안액,제노벨라0.18에스디점안액,제이레인점안액,카이닉스2점안액,큐알론점안액"
"530051COS","프로산점안액,히아루론맥스점안액"
"530052COS","라이트히알미니점안액,리블리스점안액,아이누리점안액,아이레인프리점안액,아이히알점안액,알론점안액,유니알디스포점안액,제노벨라0.1에스디점안액,카이닉스점안액,큐알론점안액"
"530053COS","라이트히알미니점안액,리블리스점안액,베아레인점안액,비비알점안액,아루엔점안액,아이누리점안액,아이레인프리점안액,아이히알점안액,알론점안액,유니알디스포점안액"
"530054COS","노블리안점안액,뉴히알드롭점안액,알론점안액,하메론에이점안액,히아루론맥스점안액,히아린점안액,히알루론미니점안액,히알산점안액"
"530055COS","제노벨라0.3에스디점안액,티어린에프점안액,프로산점안액,하메론피점안액,히알산점안액"
"530056COS","아이히알점안액,티어린피점안액,프로산점안액,하메론에이점안액,히알산점안액"
"530057COS","뉴히알유니점안액,리블리스점안액,아루엔점안액(히알루론산나트륨,알론점안액,유니알디스포점안액,큐알론점안액,티어린피점안액,프로산점안액,하메론에이점안액,히알산점안액"
"530058COS","뉴히알유니점안액,리블리스점안액,아루엔점안액(히알루론산나트륨,알론점안액,유니알디스포점안액,제이레인점안액,큐알론점안액,티어린피점안액,프로산점안액,하메론에이점안액"
"530059COS","노블리안점안액,뉴히알유니점안액,리블리스점안액,아루엔점안액(히알루론산나트륨,아이레인프리점안액,알론점안액,유니알디스포점안액,제이레인점안액,큐알론점안액,티아렌점안액"
"530060COS","뉴히알유니점안액,아루엔점안액(히알루론산나트륨,아이레인프리점안액,아이히알점안액,알론점안액,유니알디스포점안액,제이레인점안액,큐알론점안액,티어린피점안액,프로산점안액"
"530061COS","리블리스점안액,큐알론점안액,프로산점안액,하메론에이점안액"
"530062COS","리블리스점안액,아이누리점안액,아이레인프리점안액,유니알디스포점안액,제노벨라0.3에스디점안액,카이닉스3점안액,큐알론점안액,티어린에프점안액,프로산점안액,하메론피점안액"
"530063COS","아이누리점안액,아이레인프리점안액,유니알디스포점안액,제노벨라0.3에스디점안액,카이닉스3점안액,큐알론점안액,티어린에프점안액,프로산점안액,하메론피점안액,하일렌맥스점안액"
"530064COS","리블리스점안액,아이누리점안액,아이레인프리점안액,유니알디스포점안액,제노벨라0.3에스디점안액,카이닉스3점안액,큐알론점안액,티어린에프점안액,프로산점안액,하메론피점안액"
"530065COS","뉴히알루론미니점안액,리블리스점안액,아이누리점안액,아이레인프리점안액,유니알디스포점안액,카이닉스3점안액,큐알론점안액,티어린에프점안액,프로산점안액,하메론피점안액"
"530066COS","리블리스점안액,제노벨라0.3에스디점안액,큐알론점안액,프로산점안액,하메론피점안액,히알유니점안액"
"530067COS","라이트히알점안액,비비알점안액,아이누리점안액,아이레인프리점안액,알론점안액,유니알디스포점안액,제노벨라0.18에스디점안액,카이닉스2점안액,큐알론점안액,티어린에스점안액"
"530068COS","라이트히알점안액,비비알점안액,아이레인프리점안액,알론점안액,유니알디스포점안액,제노벨라0.18에스디점안액,제이레인점안액,카이닉스2점안액,큐알론점안액,티어린에스점안액"
"530069COS","라이트히알점안액,비비알점안액,아이누리점안액,아이레인프리점안액,알론점안액,유니알디스포점안액,제노벨라0.18에스디점안액,제이레인점안액,큐알론점안액,티어린에스점안액"
"530070COS","제노벨라0.18에스디점안액,큐알론점안액,하메론 에스점안액,하메론에스점안액"
"530071COS","라이트히알점안액,베아레인프리점안액,비비알점안액,아이누리점안액,아이레인프리점안액,아이히알에프점안액,알론점안액,유니알디스포점안액,제이레인점안액,카이닉스2점안액"
"530072COS","라이트히알미니점안액,리블리스점안액,베아레인점안액,비비알점안액,아이누리점안액,아이레인프리점안액,아이히알점안액,아일리점안액,알론점안액,유니알디스포점안액"
"530073COS","루체에이치에이점안액,제노벨라0.1에스디점안액,제이레인점안액,큐알론점안액,하메론점안액,히알유니점안액"
"530074COS","뉴히알유니점안액,루체에이치에이점안액,리블리스점안액,아루엔점안액(히알루론산나트륨,유니알디스포점안액,제이레인점안액,큐알론점안액,티어린피점안액,프로산점안액,하일렌플러스점안액"
"530076COS","티어엠점안액,히아렌프리점안액,히아루론점안액"
"530079COS","티어린피점안액,프로산점안액,하메론에이점안액,히알산점안액"
"530084COS","제이레인점안액,히알루미니점안액"
"530098BIJ","유니알주15밀리그람(히알루론산나트륨,히알플러스주(히알루론산나트륨"
"530098COS","티어린에스점안액,하메론 에스점안액,하메론에스점안액"
"5300B4COS","라이트히알점안액,히알산점안액"
"5300B5COS","라이트히알점안액,히알산점안액"
"5300B6COS","라이트히알점안액,히알산점안액"
"530600ASY","콜민 에이시럽,콜민에이시럽"
"530800ASY","리노콜드시럽,바이콜시럽,비알코에이시럽,코린시럽,코미시럽,코벤시럽,코비안에스시럽,코윈시럽,콜민 에이시럽,콜민에이시럽"
"531300ASY","액티피드시럽,지코에스시럽,코스펜에이시럽"
"531400ASY","소아용가네카시럽,코스펜에이시럽"
"531500ASY","소아용가네카시럽,액티피드시럽,지코에스시럽,코스펜에이시럽"
"531700ASY","록솔씨시럽,솔반시럽,암브로콜시럽,코니톱시럽"
"531800ASY","암부테롤시럽,암브로콜시럽"
"531900ASY","솔반시럽,크레나스시럽"
"532000ASY","록솔씨시럽,뮤코벤실시럽,비브락스시럽,암브로콜시럽,암브론시럽,암스펜시럽,제이록솔시럽,카벤시럽,코니톱시럽,크란톨시럽"
"532100ASY","록솔씨시럽,브론코반시럽,비브락스시럽,솔반시럽,암부테롤시럽,암브로콜시럽,암브론시럽,암스펜시럽,코니톱시럽,크란톨시럽"
"532500ASY","비알코시럽,제로코푸시럽,코담시럽,코대원포르테시럽,코데날시럽,코디프로시럽,코포나시럽,코푸시럽,코푸진시럽,코프난시럽"
"532600ASY","비알코시럽,제로코푸시럽,코담시럽,코대원포르테시럽,코데날시럽,코디캄에스시럽,코디프로시럽,코포나시럽,코푸시럽,코푸진시럽"
"532700ASY","코대원시럽,코데날액"
"533000ASY","뮤코에이시럽,뮤코코푸시럽,세브론에이시럽,세코라시럽,아미듀오시럽,유라민시럽,콜브론에이시럽,클로르에이시럽"
"533800ALQ","링거라이트액,페디라액"
"533900APD","에레드롤에프산,페디라산"
"534100ASY","맥시크란시럽(아목시실린 클라불란산칼륨,맥시크란시럽(아목시실린클라불란산칼륨"
"534200ASY","오구멘틴시럽"
"534400ASY","넥모클린시럽,락타목스시럽,맥시크란시럽(아목시실린 클라불란산칼륨,맥시크란시럽(아목시실린클라불란산칼륨,목사멘틴시럽,목시클시럽,아모라닉시럽,아모크라시럽,아목클란시럽,아목타심건조시럽"
"534500ASY","크라목신건조시럽[아목시실린·클라불란산칼륨]"
"534600ASY","맥시크란시럽(아목시실린 클라불란산칼륨,맥시크란시럽(아목시실린클라불란산칼륨,오메틴건조시럽"
"534700ASY","락타목스시럽,아모라닉시럽,아모크라시럽,아목클란시럽,오클라틴건조시럽,크라모넥스네오건조시럽,크라목스건조시럽,크라목신건조시럽[아목시실린·클라불란산칼륨]"
"534800ASY","오구멘틴듀오시럽"
"535000ASY","구멘틴시럽[아목시실린.클라불란산칼륨],글로실린듀오시럽,네오크라듀오건조시럽[아목시실린.클라불란산칼륨],넥모클린듀오시럽,노보클란듀오시럽[아목시실린 클라불란산칼륨],노보클란듀오시럽[아목시실린클라불란산칼륨],뉴목크라듀오시럽,뉴클라시럽[아목시실린·클라불란산칼륨],듀오넥스건조시럽[],듀오크라건조시럽"
"535100ASY","오구멘틴듀오시럽"
"535200ASY","크라목신듀오건조시럽[아목시실린·클라불란산칼륨]"
"535300ASY","목시블듀오시럽,아목틴듀오시럽,자쿠텍스듀오건조시럽,크라몬듀오시럽[아목시실린 클라불란산칼륨],크라몬듀오시럽[아목시실린클라불란산칼륨]"
"535400ASY","오구멘틴듀오시럽"
"535500ASY","글로실린듀오시럽,네오크라듀오건조시럽,넥모클린듀오시럽,듀오넥스건조시럽[],락타목스듀오건조시럽[],맥시크란듀오시럽[아목시실린 클라불란산칼륨],맥시크란듀오시럽[아목시실린클라불란산칼륨],목시블듀오시럽,바이크라듀오시럽,아모라닉듀오시럽"
"535600ASY","박타목스건조시럽"
"535700ASY","박타목스건조시럽"
"535800ASY","맥시썰탐건조시럽"
"535900ASY","프라목스건조시럽"
"536000ASY","프라목스건조시럽"
"536100ASY","썰타실린건조시럽"
"536200ASY","라모탐건조시럽,박타목신건조시럽,설타몬건조시럽 5mL,설타몬건조시럽5mL,썰박스건조시럽,썰박타민건조시럽,썰타목스건조시럽,아모박실건조시럽,애니목스건조시럽,프라목스건조시럽"
"536300ASY","구멘틴네오시럽,넥모클린네오시럽,뉴목크라네오시럽,듀오크라네오건조시럽,라모크린네오시럽,락타목스네오시럽,리유목스네오시럽,맥시크란네오시럽,명문아모클란네오시럽,목사멘틴네오시럽"
"536700ALQ","콜크린액,포스파놀액,프리트포스포소다액"
"538100COS","라이트토덱스점안액,오클렉스점안액,토라빈덱스점안액,토바렌점안액,토바신디점안액,토베손점안액,토브덱사점안액,토브라덱스점안액,토브리치점안액"
"538200COS","라이트토덱스점안액,리토덱스점안액,비토덱스점안액,아이덱신점안액,아이토덱스점안액,토바덱스점안액,토베손점안액,토브덱사점안액,토브리치점안액,토브투점안액"
"538300COS","도르티솝점안액,도티몰점안액,듀얼콥점안액,라이트솝점안액,로이옵점안액,루체디티점안액,바티도르점안액,아이솝점안액,에스솝점안액,옵티코스점안액"
"538400COS","듀얼콥점안액,바티도르점안액"
"538800COS","레보플루점안액,옵티브이플러스점안액,유니메론점안액,유니메토론플러스점안액,톨론티점안액,풀아이론티점안액,플루오론티점안액,플루졸린점안액,후루손플러스점안액,후메론 플러스점안현탁액"
"538900COS","라이트플론티플러스점안액,레보플루점안액,리플루 티점안액,리플루티점안액,비바플로점안액,아이플루플러스점안액,오로메토론투점안액,옵티브이플러스점안액,유니메토론플러스점안액,테라아인점안액"
"539000COS","미드린피점안제,산텐미드린피점안액"
"539200COS","비소드점안액,비트렌점안액,유니렌점안액,큐아렌점안액,클라우딘점안액,클리드점안액,클리원점안액,포소드점안액"
"539800COO","네오덱스안연고,맥시트롤안연고,포러스안연고"
"539900COO","네오덱스안연고,포러스안연고"
"540200COS","포러스점안액"
"540600COS","잘라콤점안액,잘로스트플러스점안액"
"540900COS","브리딘플러스점안액,콤비간점안액,콤비모닌점안액"
"541500COS","에스솝점안액,코솝에스점안액,티어솝프리점안액"
"541600COS","글라졸에스점안액,도티몰점안액"
"541700COS","로이옵점안액,에스솝점안액,티어솝프리점안액"
"541900COS","도르티솝에스점안액,리솝점안액,제티이솝에스점안액,코도르에스점안액,휴솝에스점안액"
"542000CSS","라이트시프로점이현탁액,싸이록사신점이현탁액"
"542200CSS","한국노바티스시프로바이점이현탁액,한국알콘시프로바이점이현탁액"
"542800CSI","플루티폼흡입제 5μg,플루티폼흡입제5μg"
"542900CSI","플루티폼흡입제 5μg,플루티폼흡입제5μg"
"543000CSI","플루티폼흡입제 10μg,플루티폼흡입제10μg"
"543100CSI","세레타이드100디스커스,에어플루잘포스피로100,콤포나콤팩트에어100 50,콤포나콤팩트에어10050,플루테롤흡입용캡슐100 50,플루테롤흡입용캡슐10050"
"543300CSI","세레타이드250디스커스,에어플루잘포스피로250,콤포나콤팩트에어250 50,콤포나콤팩트에어25050,플루테롤흡입용캡슐250 50,플루테롤흡입용캡슐25050"
"543500CSI","세레타이드500디스커스,에어플루잘포스피로500,콤포나콤팩트에어500 50,콤포나콤팩트에어50050,플루테롤흡입용캡슐500 50,플루테롤흡입용캡슐50050"
"543800CSI","심비코트터부헬러160 4.5마이크로그램,심비코트터부헬러1604.5마이크로그램"
"543900CSI","듀오레스피 스피로맥스 160 4.5마이크로그램,듀오레스피스피로맥스1604.5마이크로그램,심비코트라피헬러160 4.5마이크로그램,심비코트라피헬러1604.5마이크로그램,심비코트터부헬러160 4.5마이크로그램,심비코트터부헬러1604.5마이크로그램"
"544000CSI","심비코트터부헬러80 4.5마이크로그램,심비코트터부헬러804.5마이크로그램"
"544100CSI","듀오레스피 스피로맥스 320 9마이크로그램,듀오레스피스피로맥스3209마이크로그램,심비코트터부헬러320 9마이크로그램,심비코트터부헬러3209마이크로그램"
"544200CSI","포스터100 6 에이치에프에이,포스터1006에이치에프에이,포스터넥스트할러"
"544700CLQ","렉크린액,콜크린에스액,프리트이네마"
"545200COM","베로신연고,클로타신연고"
"545300COM","베로신연고,베타디엔연고"
"545500CCM","에코론크림,엔딕스크림"
"545600CCM","나시론크림,에코론크림,에코암시론크림,엔딕스크림"
"545800CCM","에코나팬크림,에코론크림,에코암시론크림,엔딕스크림"
"545900CCM","나시론크림,에코론크림,에코암시론크림"
"546600CCM","엘린플러스크림,카네스졸플러스크림,카네스텐플러스크림,하이드로졸크림,하이졸크림,하이트리크림"
"546900CCM","엘린플러스크림,카네스졸플러스크림"
"547100CCM","스테로신지크림,실크론지크림"
"547300CCM","새로겐타크림,실크론지크림"
"547400CCM","스테로신지크림,실크론지크림"
"547500ATB","올로비카정10 40mg,올로비카정1040mg"
"547600ATB","올듀오정5 40밀리그램,올듀오정540밀리그램,올로비카정5 40mg,올로비카정540mg"
"547700ATB","올듀오정5 20밀리그램,올듀오정520밀리그램,올로비카정5 20mg,올로비카정520mg"
"547800ATB","로디비카정2.5 20밀리그램,로디비카정2.520밀리그램"
"547900ATB","로디비카정2.5 40밀리그램,로디비카정2.540밀리그램"
"548000ATB","로디비카정5 40밀리그램,로디비카정540밀리그램"
"548200CCM","라이코트크림,라파엘크림,스테안크림"
"548500CCM","라이코트크림,라파엘크림,스테안크림"
"548600CCM","겐트리손크림,데마코트크림,시아날크림,실크론크림,아사다크림,아크라손크림(수출명:사프티덤크림(Saftidermcream) 젠트리크림,아크라손크림(수출명:사프티덤크림(Saftidermcream)젠트리크림,트리마손크림"
"548700CCM","더모젠크림,데마코트크림,라벤다크림,베데스타크림,세레나크림,아몰지크림,트로나인크림,트리마손크림,파나덤크림,하이덤크림"
"548800CCM","겐트리손크림,나미야지크림,아사다크림,아크라손크림(수출명:사프티덤크림(Saftidermcream) 젠트리크림,아크라손크림(수출명:사프티덤크림(Saftidermcream)젠트리크림"
"548900CCM","네오덤크림,데마코트크림,베데스타크림,아사다크림,트로나인크림,트리벤다크림"
"549300CCM","겐트리손크림,겐티존크림,나미야지크림,네오덤크림,베데스타크림,시아날크림,아사다크림,아크라손크림(수출명:사프티덤크림(Saftidermcream)젠트리크림,트로나인크림,트리마손크림"
"549400CCM","네오덤크림,데마코트크림,라벤다크림,세레나크림,트리벤다크림"
"549700CCM","다이손올겔,더마올겔,디스테로겔,라이올겔,베타트리올겔,베트올겔,자리오겔,자미덤겔,자미올겔,카리올겔"
"549700COM","다이보베트연고,디스테로연고,라이올연고,칼시덤연고,칼시베타연고,칼시보트연고"
"549800CCM","더마올겔,디스테로겔,베타올겔,베타트리올겔,베트리올겔,베트올겔,칼시덤겔,칼시베타겔,칼시보트겔"
"549800COM","넥스트리올연고,다이보베트연고,다이손올연고,듀오베칼연고,디스테로연고,라이올연고,베타올연고,베타트리올연고,셀베칼연고,소이베트연고"
"550602ATB","메네스에스정,메네신정,유턴정"
"550603ATB","엔티베타정,유턴정"
"551501ATB","에리우스정"
"553301ATB","레바나필정,파데나필정,파텐션정"
"554330BIJ","베그젤마주(베바시주맙,아림시스주,아바스틴주,온베브지주"
"554331BIJ","베그젤마주(베바시주맙,아림시스주,아바스틴주,온베브지주"
"556301BIJ","세트로타이드주,유레릭스주"
"556401BIJ","얼비툭스주 ml,얼비툭스주ml"
"556402BIJ","얼비툭스주 ml,얼비툭스주ml"
"556430BIJ","얼비툭스주 mL,얼비툭스주mL"
"556431BIJ","얼비툭스주 ml,얼비툭스주ml"
"557400BIJ","세포박탐주2그램,페라탐주"
"558902BIJ","렘트라다주(알렘투주맙"
"564000ATR","타진서방정 10 5mg,타진서방정105mg"
"564100ATR","타진서방정 20 10mg,타진서방정2010mg"
"564701ATB","볼리브리스정,암퍼룸정"
"564702ATB","볼리브리스정,암퍼룸정"
"565601BIJ","가니레버프리필드시린지주,오가루트란주"
"566102BIJ","로이코소듐주,보리나주사"
"567104BIJ","답토신주,답토주,보령답토마이신주,펜토신주"
"567105BIJ","답토신주,답토주,보령답토마이신주,펜토신주"
"567401ATB","가오브릭정,넥소타정,동구페북소스타트정80mg,라이트페북소정,명문페북소스타트정80밀리그램,비고트정,삼성페북소스타트정80mg,서울페북소스타트정80밀리그램,스타릭정,엠브릭정"
"567403ATB","동구페북소스타트정40mg,라이트페북소정,명문페북소스타트정40밀리그램,비고트정,삼성페북소스타트정40mg,서울페북소스타트정40밀리그램,스타릭정,엔티페북정,엠브릭정,원브릭정"
"568400CLQ","베리플라스트 피콤비세트3mL,베리플라스트피콤비세트3mL"
"568931BIJ","엘브라칸주,파슬로덱스주,풀베트주"
"572531BIJ","고나도핀엔에프주사액프리필드시린지"
"572532BIJ","고나도핀엔에프주사액프리필드시린지"
"572533BIJ","고나도핀엔에프주사액프리필드시린지"
"572534BIJ","고나도핀엔에프주사액프리필드시린지"
"572535BIJ","폴리트롭프리필드시린지주"
"572536BIJ","폴리트롭프리필드시린지주"
"572537BIJ","폴리트롭프리필드시린지주"
"572538BIJ","폴리트롭프리필드시린지주"
"572903BIJ","옴리클로프리필드시린지주,졸레어프리필드시린지주150"
"572904BIJ","옴리클로프리필드시린지주,졸레어프리필드시린지주75"
"582200ATB","노바스크오정5 40밀리그램,노바스크오정540밀리그램,뉴비카정5 40mg,뉴비카정540mg,두비카정5 40mg,두비카정540mg,로메탄정5 40밀리그램,로메탄정540밀리그램,로우비카정5 40밀리그램,로우비카정540밀리그램"
"582400ATB","노바스크오정10 40밀리그램,노바스크오정1040밀리그램,뉴비카정10 40mg,뉴비카정1040mg,두비카정10 40mg,두비카정1040mg,로메탄정10 40밀리그램,로메탄정1040밀리그램,로우비카정10 40밀리그램,로우비카정1040밀리그램"
"588201ACH","레날도캡슐,레날로마캡슐,레블리미드캡슐,레블리킨캡슐,알보젠레날리도마이드캡슐10밀리그램"
"588202ACH","레날도캡슐,레날로마캡슐,레블리미드캡슐,레블리킨캡슐,알보젠레날리도마이드캡슐15밀리그램"
"588203ACH","레날도캡슐,레날로마캡슐,레블리미드캡슐,레블리킨캡슐,알보젠레날리도마이드캡슐25밀리그램"
"588204ACH","레날도캡슐,레날로마캡슐,레블리미드캡슐,레블리킨캡슐,알보젠레날리도마이드캡슐5밀리그램"
"588205ACH","레날도캡슐,레날로마캡슐,레블리미드캡슐"
"588206ACH","레날도캡슐,레날로마캡슐,레블리미드캡슐"
"588207ACH","레날도캡슐,레날로마캡슐,레블리미드캡슐,레블리킨캡슐"
"588430BIJ","아시트리주,트리세녹스주"
"588431BIJ","트리세녹스주 mL(삼산화비소,트리세녹스주mL(삼산화비소"
"588530BIJ","솔리리스주,에피스클리주"
"590530BIJ","모빌리아주,모조빌주"
"590701ATB","레볼레이드정,엘팍정"
"590702ATB","레볼레이드정,엘팍정"
"593201BIJ","피니박스주사,피니페넴주사"
"597401ATB","멀택정,삼진드론정"
"598900BIJ","스모프카비벤페리페랄주,유한쓰리챔버폼스페리주,폼스티엔에이페리주"
"607900BIJ","스모프카비벤페리페랄주,오마프원페리주,유한쓰리챔버폼스페리주,폼스티엔에이페리주"
"608000BIJ","스모프카비벤페리페랄주,오마프원페리주,폼스티엔에이페리주"
"611702ATB","네오팻정,라사로틴정,라코정,라코팻정,빔스크정,빔코사정,빔프로정"
"611703ATB","네오팻정,라사로틴정,라코정,라코팻정,빔스크정,빔코사정,빔프로정"
"611704ATB","네오팻정,라코정,빔스크정,빔프로정"
"611705ATB","네오팻정,라코정,빔스크정,빔프로정"
"614201ATB","나토피딜정,나프딜정,나프바스정,서울나프토피딜정25밀리그램,플리바스정"
"614202ATB","나스타정,나토피딜정,나프딜정,나프바스정,나프투정,서울나프토피딜정50밀리그램,중헌나프토피딜정50밀리그램,플리바스정"
"614203ATB","나스타정,나토딜정,나토바스정,나토피딜정,나토피아정,나포피딜정,나프딜정,나프바스정,나프토엠정,나프토정"
"614500ATB","에스 듀오액틴정,에스듀오액틴정"
"614601BIJ","벤다리드주,벤코드주,심벤다주,테바벤다무스틴주"
"614602BIJ","벤다리드주,벤코드주,심벤다주,테바벤다무스틴주"
"614701ATB","닥사스정500마이크로그램,삼아로플루정500마이크로그램"
"614901ATB","모티리톤정 에탄올 연조엑스,모티리톤정에탄올연조엑스"
"615030BIJ","스테키마프리필드주,스텔라라프리필드주,스텔라라피하주사,에피즈텍프리필드주"
"615031BIJ","스테키마프리필드주,스텔라라프리필드주,에피즈텍프리필드주"
"615032BIJ","스테키마정맥주사,스텔라라정맥주사,에피즈텍정맥주사"
"615102BIJ","프로핸스주,프로핸스주프리필드시린지"
"615103BIJ","프로핸스주,프로핸스주프리필드시린지"
"615131BIJ","프로핸스주,프로핸스주프리필드시린지"
"615132BIJ","프로핸스주,프로핸스주프리필드시린지"
"615701ATB","디라엔정,디에노정,디에논정,디에잔정,로라엔정,로잔정,비디엠정,비자니정,비잔정,알보비자니정"
"615901ATB","브릴러정,브릴린타정,타그렐정,티글러정,티렐러정,티카그린정,티카렉스정,티카젠정,휴로린타정,휴티카정"
"615902ATB","브릴러정,브릴린타정,타그렐정,티글러정,티렐러정,티카그린정,티카렉스정,티카젠정,휴로린타정,휴티카정"
"616001BIJ","에멘드IV주"
"616300APD","내시쿨산,레디프리산,맥스쿨산,비보존쿨산,씨엠쿨산,알파콜론산,에스콜론산,엔도클린산,엔드프렙산,엠디에스콜론프렙산"
"616401ATB","글레린정,글로틴정,글리젠타정,나리젠타정,뉴라젠타정,리나그린정,리나글로정,리나글정,리나디엠정,리나디포정"
"616503ATB","명인톨밥탄정15밀리그램,톨비스정"
"616504ATB","명인톨밥탄정,명인톨밥탄정30밀리그램,톨비스정"
"617001ATB","동구아픽사반정2.5밀리그램,리사반정,리퀴시아정,명인아픽사반정2.5mg,비알아픽스정,아퀴스정,아피가반정,아피퀴스정,아픽사정,아픽사젠정"
"617002ATB","동구아픽사반정5밀리그램,리퀴시아정,명인아픽사반정5mg,비알아픽스정,아퀴스정,아피가반정,아피퀴스정,아픽사정,아픽사젠정,아픽솔정"
"617101ATB","바독시정,바독펜정,바이본정,바인트정,바제메디정,바제본정,바제솔정,바제스타모노정,바제탑정,본모어정"
"617330COS","디쿠아론점안액,디쿠아솔점안액,디쿠아스점안액,디쿠아폴점안액,디쿠아프리점안액"
"617331COS","디쿠아스 에스점안액,디쿠아스에스점안액"
"617332COS","디아포솔점안액,디알큐점안액,디어큐어점안액,디쿠모점안액,디쿠솔점안액,디쿠스점안액,디쿠아론점안액,디쿠아룩스점안액,디쿠아벨점안액,디쿠아솔점안액"
"617333COS","디알큐점안액,디어큐어점안액,디쿠스점안액,디쿠아론점안액,디쿠아스 에스점안액,디쿠아스에스점안액,디쿠아이점안액,디쿠아폴점안액,디쿠아프리점안액,디쿠알론점안액"
"617334COS","디알큐점안액,디쿠스점안액,디쿠아론점안액,디쿠아이점안액,디쿠아프리점안액,디쿠알론점안액,라이트포솔점안액"
"617335COS","디알큐점안액,디어큐어점안액,디쿠스점안액,디쿠아론점안액,디쿠아이점안액,디쿠아프리점안액,디쿠알론점안액,라이트포솔점안액"
"617338COS","디쿠스점안액,디쿠아인점안액,디쿠아프리점안액"
"617901BIJ","큐피스템주 (자가 지방유래 중간엽줄기세포,큐피스템주(자가 지방유래 중간엽줄기세포,큐피스템주(자가지방유래중간엽줄기세포"
"618201ATB","가드본정,네이날정,네일락정,노페라정,뉴라일라정,라스본정,라이티스정,레나본정,레라본정,레맥스정"
"618830BIJ","뉴라스타프리필드시린지주,싸이쎄그프리필드시린지주"
"619202COS","바로낙점안액,브로낙점안액,브로모낙점안액,브로페낙점안액"
"619204COS","브로낙점안액,브로모낙점안액,브롬텔라점안액,브롬페린점안액,브롬핀점안액"
"619205COS","라이트브롬점안액,리브롬점안액,바로낙점안액,보낙점안액,브로나점안액,브로낙점안액,브로아이점안액,브로페낙점안액,브롬아이점안액,브롬펜점안액"
"619206COS","브로모낙점안액,브롬펜점안액"
"620301ATB","유니페니돈정,파이브로정,피레스코정,피레스파정,피르엠정"
"620302ATB","유니페니돈정,파이브로정,피레스코정"
"620303ATB","파이브로정,피레스코정"
"620402ATB","아비론정,아비테론정,자이티가정"
"621201BIJ","심퍼니오토인젝터주,심퍼니프리필드시린지주"
"621202BIJ","심퍼니오토인젝터주,심퍼니프리필드시린지주"
"621203BIJ","심퍼니주"
"621230BIJ","심퍼니오토인젝터주,심퍼니프리필드시린지주"
"621231BIJ","심퍼니오토인젝터주,심퍼니프리필드시린지주"
"621232BIJ","심퍼니주"
"621701ATB","넥실렌정[애엽이소프로판올연조엑스],디스텍정[애엽이소프로판올연조엑스],아르티스정[애엽이소프로판올연조엑스],오티렌정[애엽이소프로판올연조엑스],유파시딘에스정[애엽이소프로판올연조엑스],지소렌정[애엽이소프로판올연조엑스]"
"621702ATB","넥실렌에스정[애엽이소프로판올연조엑스],디스텍에프정[애엽이소프로판올연조엑스],아르티스F정[애엽이소프로판올연조엑스],엘티스에프정[애엽이소프로판올연조엑스],오티렌F정[애엽이소프로판올연조엑스],유파시딘R정[애엽이소프로판올연조엑스]"
"621901ACR","덱시라졸캡슐,덱실란트디알캡슐"
"621902ACR","덱시라졸캡슐,덱실란트디알캡슐"
"622001ATB","동구프루칼로정,레졸엠정,루칼로정,모비졸로정,엔티칼로정,우리들프루칼로프라이드숙신산염정1mg"
"622002ATB","동구프루칼로정,레졸엠정,루칼로정,모비졸로정,엔티칼로정,우리들프루칼로프라이드숙신산염정2mg"
"623100ATB","투탑스정80 10밀리그램,투탑스정8010밀리그램,트윈베타정80 10밀리그램,트윈베타정8010밀리그램"
"623931BIJ","아일리아주사,아필리부주 밀리리터,아필리부주밀리리터"
"624001ACS","더마톡연질캡슐,아리톡연질캡슐,알리가연질캡슐,알리덤연질캡슐,알리손연질캡슐,알리톡연질캡슐,알리톤연질캡슐,알리트노연질캡슐,알티논연질캡슐,알티톡연질캡슐"
"624002ACS","더마톡연질캡슐,아리톡연질캡슐,알레인연질캡슐,알리가연질캡슐,알리덤연질캡슐,알리손연질캡슐,알리톡연질캡슐,알리톤연질캡슐,알리트노연질캡슐,알티논연질캡슐"
"624701ATB","오라테립정,오바지오필름코팅정"
"625201ATB","길렉트정,녹십자라사길린정,뉴질렉트정,라사갈린정,라사길정,라사렉트정,라사린정,라사민정,라사원정,라사질트정"
"625202ATB","길렉트정,녹십자라사길린정,뉴질렉트정,라사갈린정,라사길정,라사린정,라사민정,라사원정,라사질트정,라사트정"
"625701ATR","뉴미가서방정,라베그론서방정,라블론서방정,미가론서방정,미라론서방정,미라베가서방정,미라베서방정,미라벡서방정,미라엠서방정,미라큐론서방정"
"625702ATR","베타미가서방정,셀레베타서방정"
"626401ATR","데스프리서방정,파마데스벤라팍신서방정,프리스틱서방정"
"626402ATR","데스프리서방정,파마데스벤라팍신서방정,프리스틱서방정"
"626700BIJ","리조덱플렉스터치주 밀리리터,리조덱플렉스터치주밀리리터"
"626801BIJ","트레시바플렉스터치주 밀리리터,트레시바플렉스터치주밀리리터"
"626802BIJ","트레시바플렉스터치주 밀리리터,트레시바플렉스터치주밀리리터"
"626830BIJ","트레시바플렉스터치주 밀리리터,트레시바플렉스터치주밀리리터"
"626831BIJ","트레시바플렉스터치주 밀리리터,트레시바플렉스터치주밀리리터"
"627205ASY","젤잔즈시럽 mL,젤잔즈시럽mL"
"628001ACH","포말리스트캡슐,포말리킨캡슐"
"628002ACH","포말리스트캡슐,포말리킨캡슐"
"628003ACH","포말리스트캡슐,포말리킨캡슐"
"628004ACH","포말리스트캡슐,포말리킨캡슐"
"628901BIJ","가싸이바주"
"629001BIJ","스토보클로프리필드시린지,오보덴스프리필드시린지,프롤리아프리필드시린지"
"629002BIJ","엑스브릭주,엑스지바주,오센벨트주"
"629400ATB","세비살탄정 10 40밀리그램,세비살탄정1040밀리그램"
"629500ATB","세비살탄정 5 20밀리그램,세비살탄정520밀리그램"
"629600ATB","세비살탄정 5 40밀리그램,세비살탄정540밀리그램"
"629700ATB","로바르탄정5 80밀리그램,로바르탄정580밀리그램,로바엑스정5 80밀리그램,로바엑스정580밀리그램,로바티탄정5 80밀리그램,로바티탄정580밀리그램,로바하이정5 80밀리그램,로바하이정580밀리그램,로수발탄정5 80밀리그램,로수발탄정580밀리그램"
"629800ATB","로바티탄정5 160밀리그램,로바티탄정5160밀리그램"
"629900ATB","듀로텔정40 10밀리그램,듀로텔정4010밀리그램,듀오스타정40 10밀리그램,듀오스타정4010밀리그램,듀오웰정40 10밀리그램,듀오웰정4010밀리그램,듀오텔미정40 10밀리그램,듀오텔미정4010밀리그램,로미텔정40 10밀리그램,로미텔정4010밀리그램"
"630000ATB","듀로텔정40 20밀리그램,듀로텔정4020밀리그램,듀오웰정40 20밀리그램,듀오웰정4020밀리그램,듀오텔미정40 20밀리그램,듀오텔미정4020밀리그램,로미텔정40 20밀리그램,로미텔정4020밀리그램,로수웰정40 20밀리그램,로수웰정4020밀리그램"
"630100ATB","듀로텔정80 10밀리그램,듀로텔정8010밀리그램,듀오스타정80 10밀리그램,듀오스타정8010밀리그램,듀오웰정80 10밀리그램,듀오웰정8010밀리그램,듀오텔미정80 10밀리그램,듀오텔미정8010밀리그램,로미텔정80 10밀리그램,로미텔정8010밀리그램"
"630200ATB","듀로텔정80 20밀리그램,듀로텔정8020밀리그램,듀오웰정80 20밀리그램,듀오웰정8020밀리그램,듀오텔미정80 20밀리그램,듀오텔미정8020밀리그램,로미텔정80 20밀리그램,로미텔정8020밀리그램,로수웰정80 20밀리그램,로수웰정8020밀리그램"
"630300ATB","네시나액트정12.5 15밀리그램,네시나액트정12.515밀리그램"
"630400ATB","네시나액트정12.5 30밀리그램,네시나액트정12.530밀리그램"
"630500ATB","네시나액트정25,네시나액트정25 15밀리그램,네시나액트정2515밀리그램"
"630600ATB","네시나액트정25,네시나액트정25 30밀리그램,네시나액트정2530밀리그램"
"630800APD","장싹산,콜론피코산,피콜렙산"
"631300ATB","로디비카정5 20밀리그램,로디비카정520밀리그램"
"631400ATB","콜립정145 20밀리그램,콜립정14520밀리그램"
"631500ATB","콜립정145 40밀리그램,콜립정14540밀리그램"
"631600ATB","듀로텔정40 5밀리그램,듀로텔정405밀리그램,듀오스타정40 5밀리그램,듀오스타정405밀리그램,듀오웰정40 5밀리그램,듀오웰정405밀리그램,듀오텔미정40 5밀리그램,듀오텔미정405밀리그램,로미텔정40 5밀리그램,로미텔정405밀리그램"
"631700ATB","듀오웰정80 5밀리그램,듀오웰정805밀리그램,듀오텔미정80 5밀리그램,듀오텔미정805밀리그램,로미텔정80 5밀리그램,로미텔정805밀리그램,로수웰정80 5밀리그램,로수웰정805밀리그램,로스텔정80 5밀리그램,로스텔정805밀리그램"
"631800ATB","개스포린에프정,넥시나디정,더블원정,라니무스디정,라니젠디정,라니트디정,라비수디정,라비크라디정,라비트디정,라스비디정"
"631900ATB","파스틱메트정120 500밀리그램,파스틱메트정120500밀리그램"
"632000ATR","제미메트서방정50 1000밀리그램,제미메트서방정501000밀리그램"
"632100ATB","레파넘엠정2 500mg,레파넘엠정2500mg"
"632201ATB","마시텐정,옵서미트정"
"632800ATB","레보모스정2.5 20밀리그램,레보모스정2.520밀리그램,올메비카정2.5 20밀리그램,올메비카정2.520밀리그램"
"632900ATB","레보모스정 2.5 40밀리그램,레보모스정2.540밀리그램,올메비카정2.5 40밀리그램,올메비카정2.540밀리그램"
"633000ATB","레보모스정5 40밀리그램,레보모스정540밀리그램,올메비카정5 40밀리그램,올메비카정540밀리그램"
"633330BIJ","여보이주"
"633331BIJ","여보이주"
"633800ATB","글로젯정10 10밀리그램,글로젯정1010밀리그램,뉴아토르젯정10 10밀리그램,뉴아토르젯정1010밀리그램,뉴토젯정10 10밀리그램,뉴토젯정1010밀리그램,듀얼아토정10 10밀리그램,듀얼아토정1010밀리그램,듀오피토정10 10밀리그램,듀오피토정1010밀리그램"
"633900ATB","글로젯정10 20밀리그램,글로젯정1020밀리그램,뉴아토르젯정10 20밀리그램,뉴아토르젯정1020밀리그램,뉴토젯정10 20밀리그램,뉴토젯정1020밀리그램,듀얼아토정10 20밀리그램,듀얼아토정1020밀리그램,듀오피토정10 20밀리그램,듀오피토정1020밀리그램"
"634000ATB","디카맥스500 350정,디카맥스500350정"
"634600ATB","아토젯정10 80밀리그램,아토젯정1080밀리그램"
"634700ALQ","수클리어액,수프렙액,이노프리솔루션액,크리프렙액"
"634700APD","수클리어산,에스프리산,이노쿨산"
"634800ATB","뉴아토르젯정10 40밀리그램,뉴아토르젯정1040밀리그램,뉴토젯정10 40밀리그램,뉴토젯정1040밀리그램,듀얼아토정10 40밀리그램,듀얼아토정1040밀리그램,듀오피토정10 40밀리그램,듀오피토정1040밀리그램,라도젯정10 40밀리그램,라도젯정1040밀리그램"
"634900ATB","리바로브이정2 160밀리그램,리바로브이정2160밀리그램"
"635000ATB","리바로브이정2 80밀리그램,리바로브이정280밀리그램"
"635100ATB","리바로브이정4 160밀리그램,리바로브이정4160밀리그램"
"635200ATB","리바로브이정4 80밀리그램,리바로브이정480밀리그램"
"635300CSI","듀어클리어제뉴에어400 12마이크로그램,듀어클리어제뉴에어40012마이크로그램"
"635400BIJ","오마프원페리주,폼스티엔에이페리주"
"635500BIJ","오마프원페리주,유한쓰리챔버폼스페리주,폼스티엔에이페리주"
"635600ATB","네시나메트정12.5 500밀리그램,네시나메트정12.5500밀리그램"
"635600ATR","네시나메트서방정12.5"
"635700ATB","네시나메트정12.5 1000밀리그램,네시나메트정12.51000밀리그램"
"635700ATR","네시나메트서방정12.5"
"635903CSI","씨브리흡입용캡슐 50마이크로그램,씨브리흡입용캡슐50마이크로그램"
"636101ATB","슈글렛정"
"636401ACH","건폴렉스캡슐,아셀렉스캡슐,아셀콕스캡슐,페콕시브캡슐,폴렉스캡슐,폴마렉스캡슐,폴마콕스캡슐,폴비트캡슐,폴시브캡슐"
"636901ATB","뉴콕시아정,다나콕스정,알리콕시브정,알콕시브정,알콕시아정,에톡시아정,유콕시아정,테라콕시브정"
"637101ATB","자보란테정"
"637200ATB","레파넘엠정1 500mg,레파넘엠정1500mg"
"637400ATB","네오잘탄정5 50밀리그램,네오잘탄정550밀리그램,노마로핀정5 50밀리그램,노마로핀정550밀리그램,동구잘탄정5 50밀리그램,동구잘탄정550밀리그램,디스잘탄정5 50밀리그램,디스잘탄정550밀리그램,로사디핀정5 50밀리그램,로사디핀정550밀리그램"
"637500ATB","네오잘탄정10 50밀리그램,네오잘탄정1050밀리그램,동구잘탄정10 50밀리그램,동구잘탄정1050밀리그램,디스잘탄정10 50밀리그램,디스잘탄정1050밀리그램,로사디핀정10 50밀리그램,로사디핀정1050밀리그램,로사베실정10 50밀리그램,로사베실정1050밀리그램"
"637600ATB","네오잘탄정5 100밀리그램,네오잘탄정5100밀리그램,노마로핀정5 100밀리그램,노마로핀정5100밀리그램,동구잘탄정5 100밀리그램,동구잘탄정5100밀리그램,디스잘탄정5 100밀리그램,디스잘탄정5100밀리그램,로사디핀정5 100밀리그램,로사디핀정5100밀리그램"
"638101ATB","다클린자정"
"638401BIJ","옵디보주"
"638402BIJ","옵디보주"
"638403BIJ","옵디보주"
"639001BIJ","키트루다주"
"639301BIJ","사이람자주 밀리리터,사이람자주밀리리터"
"639302BIJ","사이람자주 밀리리터,사이람자주밀리리터"
"639501ATB","유포타민정,타리민정"
"639701BIJ","트루리시티 (둘라글루타이드 유전자재조합) 일회용 펜,트루리시티(둘라글루타이드유전자재조합)일회용펜"
"639702BIJ","트루리시티 (둘라글루타이드 유전자재조합) 일회용 펜,트루리시티(둘라글루타이드유전자재조합)일회용펜"
"639800ATR","다파글루엠서방정10,다파글엠서방정10,다파로엠서방정10 1000밀리그램,다파로엠서방정101000밀리그램,다파로진듀오서방정10 1000밀리그램,다파로진듀오서방정101000밀리그램,다파루틴듀오서방정10 1000밀리그램,다파루틴듀오서방정101000밀리그램,다파릴듀오서방정10 1000밀리그램,다파릴듀오서방정101000밀리그램"
"640200ATB","가나플럭스정40 1100밀리그램,가나플럭스정401100밀리그램,제로시드정40 1100밀리그램,제로시드정401100밀리그램"
"640500COS","유니메론점안액,후메론 플러스점안현탁액,후메론플러스점안현탁액"
"640700ATB","뉴스타젯알정10 5밀리그램,뉴스타젯알정105밀리그램,다비듀오정10 5밀리그램,다비듀오정105밀리그램,듀오논정10 5밀리그램,듀오논정105밀리그램,듀오로반정10 5밀리그램,듀오로반정105밀리그램,드롭탑정10 5밀리그램,드롭탑정105밀리그램"
"640800ATB","뉴스타젯알정10 10밀리그램,뉴스타젯알정1010밀리그램,다비듀오정10 10밀리그램,다비듀오정1010밀리그램,듀오논정10 10밀리그램,듀오논정1010밀리그램,듀오로반정10 10밀리그램,듀오로반정1010밀리그램,드롭탑정10 10밀리그램,드롭탑정1010밀리그램"
"640900ATB","뉴스타젯알정10 20밀리그램,뉴스타젯알정1020밀리그램,다비듀오정10 20밀리그램,다비듀오정1020밀리그램,듀오논정10 20밀리그램,듀오논정1020밀리그램,듀오로반정10 20밀리그램,듀오로반정1020밀리그램,드롭탑정10 20밀리그램,드롭탑정1020밀리그램"
"641400ATR","다파그린엠서방정10,다파글루엠서방정10,다파글엠서방정10,다파로엠서방정10 500밀리그램,다파로엠서방정10500밀리그램,다파릴듀오서방정10 500밀리그램,다파릴듀오서방정10500밀리그램,다파엠듀오서방정10 500밀리그램,다파엠듀오서방정10500밀리그램,다파포민서방정10 500밀리그램"
"641800ATR","테넬리아엠서방정10 500밀리그램,테넬리아엠서방정10500밀리그램"
"641900ATR","테넬리아엠서방정10 750밀리그램,테넬리아엠서방정10750밀리그램"
"642000ATR","테넬리아엠서방정20 1000밀리그램,테넬리아엠서방정201000밀리그램"
"642200COS","유니메론점안액,톨론티점안액,후메론 플러스점안현탁액,후메론플러스점안현탁액"
"642301ACR","트리리픽스캡슐,페노코린캡슐"
"642401ATB","파이콤파필름코팅정,페라넬정,페리콤파정"
"642402ATB","파이콤파필름코팅정,페라넬정,페리콤파정"
"642403ATB","파이콤파필름코팅정,페라넬정,페리콤파정"
"642404ATB","파이콤파필름코팅정,페라넬정,페리콤파정"
"642405ATB","파이콤파필름코팅정,페라넬정,페리콤파정"
"642406ATB","파이콤파필름코팅정,페라넬정,페리콤파정"
"642407ASS","파이콤파현탁액 mL,파이콤파현탁액mL"
"642701BIJ","벤리스타주(벨리무맙"
"642702BIJ","벤리스타주(벨리무맙"
"643100COS","유니메론점안액,톨론티점안액,플로테라점안액"
"643401ATD","뉴로셉트구강용해필름5,리메셉트구강용해필름"
"643402ATD","뉴로셉트구강용해필름10,리메셉트구강용해필름"
"643403CPC","도네리온패취,도네시브패취"
"643404CPC","도네리온패취,도네시브패취"
"644000COS","유니메론점안액,톨론티점안액,플로테라점안액"
"644100ATB","올로스타정10 10밀리그램,올로스타정1010밀리그램"
"644200ATB","올로스타정10 5밀리그램,올로스타정105밀리그램"
"644300BIJ","폭실리움인산액1.2mmol L,폭실리움인산액1.2mmolL"
"644501BIJ","이페르잔주"
"644502BIJ","이페르잔주"
"644601BIJ","코센틱스주사"
"644602BIJ","코센틱스센소레디펜,코센틱스프리필드시린지"
"644603BIJ","코센틱스우노레디펜"
"644604BIJ","코센틱스프리필드시린지"
"644800ATB","텔미누보정80 5밀리그램,텔미누보정805밀리그램"
"644900ATB","파스틱메트정90 500밀리그램,파스틱메트정90500밀리그램"
"645000ATR","제미메트서방정50 500밀리그램,제미메트서방정50500밀리그램"
"645100BIS","다이아솔리드에이플러스산,씨디에스씨산"
"645601CSS","케라힐 알로,케라힐알로"
"646906ASS","한미플루현탁용분말,한미플루현탁용분말 mL,한미플루현탁용분말mL"
"647200COS","유니메론점안액,톨론티점안액,플로테라점안액,후메론 플러스점안현탁액,후메론플러스점안현탁액"
"647500COS","후메론 플러스점안현탁액,후메론플러스점안현탁액"
"647701BIJ","블린사이토주35마이크로그램"
"647901BIJ","실반트주"
"647902BIJ","실반트주"
"648001BIJ","도파체크주사,도파체크주사액"
"648400ATB","가드메트정100 1000밀리그램,가드메트정1001000밀리그램"
"648500ATB","가드메트정100 500밀리그램,가드메트정100500밀리그램"
"648600ATB","가드메트정100 850밀리그램,가드메트정100850밀리그램"
"649000ATB","자디앙듀오정5 1000밀리그램,자디앙듀오정51000밀리그램"
"649100ATB","자디앙듀오정12.5 850밀리그램,자디앙듀오정12.5850밀리그램"
"649200ATB","자디앙듀오정12.5 1000밀리그램,자디앙듀오정12.51000밀리그램"
"649300ATB","자디앙듀오정12.5 500밀리그램,자디앙듀오정12.5500밀리그램"
"649400ATB","자디앙듀오정5 500밀리그램,자디앙듀오정5500밀리그램"
"649500ATB","자디앙듀오정5 850밀리그램,자디앙듀오정5850밀리그램"
"649701BIJ","릭수비스주"
"649702BIJ","릭수비스주"
"649703BIJ","릭수비스주"
"649704BIJ","릭수비스주"
"649705BIJ","릭수비스주"
"649900ATR","슈가메트서방정5 1000밀리그램,슈가메트서방정51000밀리그램"
"650000ATR","슈가메트서방정2.5 850밀리그램,슈가메트서방정2.5850밀리그램"
"650100ATR","슈가메트서방정2.5 500밀리그램,슈가메트서방정2.5500밀리그램"
"650300BIS","다이아솔리드에이산,씨디에스에이산"
"650401BIJ","스트렌식주 mL,스트렌식주mL"
"650402BIJ","스트렌식주 mL,스트렌식주mL"
"650403BIJ","스트렌식주 mL,스트렌식주mL"
"650404BIJ","스트렌식주 mL,스트렌식주mL"
"650405BIJ","스트렌식주 mL,스트렌식주mL"
"650800BIJ","에드 엠(ADD M)액,에드엠(ADDM)액"
"651000BIJ","보인 씨피디액,보인씨피디액"
"651201BIJ","누칼라주"
"651900ATB","듀카브정30 5밀리그램,듀카브정305밀리그램"
"652000ATB","듀카브정30 10밀리그램,듀카브정3010밀리그램"
"652100ATB","듀카브정60 10밀리그램,듀카브정6010밀리그램"
"652700ATB","듀카브정60 5밀리그램,듀카브정605밀리그램"
"652900ATB","마하칸정8 5밀리그램,마하칸정85밀리그램,칸데디핀정8 5밀리그램,칸데디핀정85밀리그램,칸데암로정8 5밀리그램,칸데암로정85밀리그램,칸타벨정8 5밀리그램,칸타벨정85밀리그램"
"653000ATB","노바칸정16 5밀리그램,노바칸정165밀리그램,다비로드정16 5밀리그램,다비로드정165밀리그램,마하칸정16 5밀리그램,마하칸정165밀리그램,칸데디핀정16 5밀리그램,칸데디핀정165밀리그램,칸데암로정16 5밀리그램,칸데암로정165밀리그램"
"653100ATB","노바칸정16 10밀리그램,노바칸정1610밀리그램,다비로드정16 10밀리그램,다비로드정1610밀리그램,마하칸정16 10밀리그램,마하칸정1610밀리그램,칸데디핀정16 10밀리그램,칸데디핀정1610밀리그램,칸데암로정16 10밀리그램,칸데암로정1610밀리그램"
"653200ATB","올로스타정40 10밀리그램,올로스타정4010밀리그램"
"653700BIJ","대한포도당가칼륨나트륨주2호,이노엔포도당나트륨칼륨주2,포도당가엔에이.케이주2"
"653800ATR","듀비메트서방정0.25 750밀리그램,듀비메트서방정0.25750밀리그램"
"653900ATR","듀비메트서방정0.25 1000밀리그램,듀비메트서방정0.251000밀리그램"
"654000ATR","듀비메트서방정0.5 1000밀리그램,듀비메트서방정0.51000밀리그램"
"654100ATR","제미메트서방정25 1000밀리그램,제미메트서방정251000밀리그램"
"654500ATE","디너지아장용정,디클렉틴장용정,마미렉틴장용정,이지모닝장용정,파렌스장용정,프리렉틴장용정"
"654600ATB","투베로정120 20밀리그램,투베로정12020밀리그램"
"654700ATB","투베로정60 10밀리그램,투베로정6010밀리그램"
"654800ATB","투베로정60 5밀리그램,투베로정605밀리그램"
"654900ATB","투베로정30 10밀리그램,투베로정3010밀리그램"
"655000ATB","투베로정30 5밀리그램,투베로정305밀리그램"
"655700ATR","듀비메트서방정0.25 500밀리그램,듀비메트서방정0.25500밀리그램"
"656000ALQ","듀오콜론액,세이프렙액,쿨리파액"
"656101ATB","닌테브로정,에피다닙정,오필드정"
"656102ATB","닌테브로정,에피다닙정,오필드정,큐닌타정"
"658300ATB","데스코비정 200 10 mg,데스코비정20010mg"
"658400ATB","데스코비정 200 25 mg,데스코비정20025mg"
"658801BIJ","잘트랩주 mL,잘트랩주mL"
"658802BIJ","잘트랩주 mL,잘트랩주mL"
"658901BIJ","라트루보주 밀리리터,라트루보주밀리리터"
"659200ACH","라본디캡슐"
"659200ATB","라로본플러스정,랄록시플러스정,명문본두베정,본두베정,썸디정,에비스타플러스정"
"659900ACH","몬테리진캡슐"
"659900ATB","레보루카정,레보몬정,레보몽정,레보카스정,루카레보정,몬카리진정,몬테듀오정,몬테라젠정10,몬테레진정,몬테레플정"
"661800ATB","로수칸데정5 8밀리그램,로수칸데정58밀리그램,로칸듀오정 5 8밀리그램,로칸듀오정58밀리그램,로타칸정 5 8밀리그램,로타칸정58밀리그램,칸데로바정5 8밀리그램,칸데로바정58밀리그램,칸데로원정5,칸데칸듀오정5 8밀리그램"
"661900ATB","로수칸데정10 8밀리그램,로수칸데정108밀리그램,로칸듀오정10 8밀리그램,로칸듀오정108밀리그램,로타칸정 10 8밀리그램,로타칸정108밀리그램,칸데로바정10 8밀리그램,칸데로바정108밀리그램,칸데로원정10,칸데칸듀오정10 8밀리그램"
"662000ATB","로수칸데정10 16밀리그램,로수칸데정1016밀리그램,로칸듀오정10 16밀리그램,로칸듀오정1016밀리그램,로타칸정 10 16밀리그램,로타칸정1016밀리그램,칸데로바정10 16밀리그램,칸데로바정1016밀리그램,칸데로원정10,칸데칸듀오정10 16밀리그램"
"662100ATB","로수칸데정20 32밀리그램,로수칸데정2032밀리그램,로칸듀오정20 32밀리그램,로칸듀오정2032밀리그램,로타칸정 20 32밀리그램,로타칸정2032밀리그램,칸데로원정20,칸데칸듀오정20 32밀리그램,칸데칸듀오정2032밀리그램,콤비로칸정20 32밀리그램"
"662301ATB","누비질정,아모닐정"
"662302ATB","누비질정,아모닐정"
"662800ATB","아모잘탄플러스정 5 50 12.5밀리그램,아모잘탄플러스정5 50,아모잘탄플러스정550,아모잘탄플러스정55012.5밀리그램"
"662900ATB","아모잘탄플러스정 5 100 12.5밀리그램,아모잘탄플러스정5 100,아모잘탄플러스정5100,아모잘탄플러스정510012.5밀리그램"
"663000ATB","아모잘탄플러스정 5 100 25밀리그램,아모잘탄플러스정5 100,아모잘탄플러스정5100,아모잘탄플러스정510025밀리그램"
"663400ACS","뉴마코알연질캡슐,로메가연질캡슐,로수맥콤비젤연질캡슐,로수메가연질캡슐,로수바코연질캡슐,로수코마연질캡슐,로제코연질캡슐,메가로반연질캡슐5 1000밀리그램,메가로반연질캡슐51000밀리그램,메가엠듀얼연질캡슐"
"663500ATB","텔미디핀플러스정40 5 12.5밀리그램,텔미디핀플러스정40512.5밀리그램,투탑스플러스정40 5 12.5밀리그램,투탑스플러스정40512.5밀리그램"
"663600ATB","텔미디핀플러스정80 5 12.5밀리그램,텔미디핀플러스정80512.5밀리그램,투탑스플러스정80 5 12.5밀리그램,투탑스플러스정80512.5밀리그램"
"663700ATB","텔미디핀플러스정80 10 12.5밀리그램,텔미디핀플러스정801012.5밀리그램,투탑스플러스정80 10 12.5밀리그램,투탑스플러스정801012.5밀리그램"
"663800ATB","텔미디핀플러스정80 10 25밀리그램,텔미디핀플러스정801025밀리그램,투탑스플러스정80 10 25밀리그램,투탑스플러스정801025밀리그램"
"663900ATB","아모잘탄큐정5 50,아모잘탄큐정550"
"664000ATB","아모잘탄큐정5 50,아모잘탄큐정550"
"664100ATB","아모잘탄큐정5 50,아모잘탄큐정550"
"664200ATB","아모잘탄큐정5 100,아모잘탄큐정5100"
"664300ATB","아모잘탄큐정5 100,아모잘탄큐정5100"
"664400ATB","아모잘탄큐정5 100,아모잘탄큐정5100"
"664500ATB","가나플럭스정20 1100밀리그램,가나플럭스정201100밀리그램,제로시드정20 1100밀리그램,제로시드정201100밀리그램"
"664600ATB","제미로우정50 5밀리그램,제미로우정505밀리그램"
"664700ATB","제미로우정50 10밀리그램,제미로우정5010밀리그램"
"664800ATB","제미로우정50 20밀리그램,제미로우정5020밀리그램"
"664901ATB","리노페드정,리버리드정,리버포딘정,바이리프정,비리헤파정,에스비르정,테노리드정,테노원정,테노포린정,테리어드정"
"665501ATB","넥리드정,에스헤파정,테노비어정,테노비정,테노펙션정,테노포유정,테노프정,테노핀정,테노헤파정,텐포버정"
"665600ATB","디카테오엘씨정,칼디쓰리정"
"666801BIJ","알프로릭스주[혈액응고인자IX Fc융합단백(rFIXFc) 에프트레노나코그 알파(유전자재조합)],알프로릭스주[혈액응고인자IXFc융합단백(rFIXFc)에프트레노나코그알파(유전자재조합)]"
"666802BIJ","알프로릭스주[혈액응고인자IX Fc융합단백(rFIXFc) 에프트레노나코그 알파(유전자재조합)],알프로릭스주[혈액응고인자IXFc융합단백(rFIXFc)에프트레노나코그알파(유전자재조합)]"
"666803BIJ","알프로릭스주[혈액응고인자IX Fc융합단백(rFIXFc) 에프트레노나코그 알파(유전자재조합)],알프로릭스주[혈액응고인자IXFc융합단백(rFIXFc)에프트레노나코그알파(유전자재조합)]"
"666804BIJ","알프로릭스주[혈액응고인자IX Fc융합단백(rFIXFc) 에프트레노나코그 알파(유전자재조합)],알프로릭스주[혈액응고인자IXFc융합단백(rFIXFc)에프트레노나코그알파(유전자재조합)]"
"666805BIJ","알프로릭스주[혈액응고인자IX Fc융합단백(rFIXFc) 에프트레노나코그 알파(유전자재조합)],알프로릭스주[혈액응고인자IXFc융합단백(rFIXFc)에프트레노나코그알파(유전자재조합)]"
"667500ACE","슈퍼피린캡슐75 75mg,슈퍼피린캡슐7575mg,클라빅신듀오캡슐75 75밀리그램,클라빅신듀오캡슐7575밀리그램,클라스핀캡슐75 75밀리그램,클라스핀캡슐7575밀리그램"
"667600ATR","타진서방정80 40mg,타진서방정8040mg"
"667801BIJ","탈츠오토인젝터주,탈츠프리필드시린지주"
"669500BIS","보령헤모시스에이지엘액,케이바이카트761"
"670201BIJ","엘록테이트주[에프모록토코그알파(혈액응고인자VIII Fc융합단백 유전자재조합)],엘록테이트주[에프모록토코그알파(혈액응고인자VIIIFc융합단백유전자재조합)]"
"670202BIJ","엘록테이트주[에프모록토코그알파(혈액응고인자VIII Fc융합단백 유전자재조합)],엘록테이트주[에프모록토코그알파(혈액응고인자VIIIFc융합단백유전자재조합)]"
"670203BIJ","엘록테이트주[에프모록토코그알파(혈액응고인자VIII Fc융합단백 유전자재조합)],엘록테이트주[에프모록토코그알파(혈액응고인자VIIIFc융합단백유전자재조합)]"
"670204BIJ","엘록테이트주[에프모록토코그알파(혈액응고인자VIII Fc융합단백 유전자재조합)],엘록테이트주[에프모록토코그알파(혈액응고인자VIIIFc융합단백유전자재조합)]"
"670205BIJ","엘록테이트주[에프모록토코그알파(혈액응고인자VIII Fc융합단백 유전자재조합)],엘록테이트주[에프모록토코그알파(혈액응고인자VIIIFc융합단백유전자재조합)]"
"670401BIJ","듀피젠트프리필드주,듀피젠트프리필드펜"
"670402BIJ","듀피젠트프리필드주,듀피젠트프리필드펜"
"670501BIJ","애디노베이트주[루리옥토코그알파페골(혈액응고인자VIII 유전자재조합)],애디노베이트주[루리옥토코그알파페골(혈액응고인자VIII유전자재조합)]"
"670502BIJ","애디노베이트주[루리옥토코그알파페골(혈액응고인자VIII 유전자재조합)],애디노베이트주[루리옥토코그알파페골(혈액응고인자VIII유전자재조합)]"
"670503BIJ","애디노베이트주[루리옥토코그알파페골(혈액응고인자VIII 유전자재조합)],애디노베이트주[루리옥토코그알파페골(혈액응고인자VIII유전자재조합)]"
"670504BIJ","애디노베이트주[루리옥토코그알파페골(혈액응고인자VIII 유전자재조합)],애디노베이트주[루리옥토코그알파페골(혈액응고인자VIII유전자재조합)]"
"670505BIJ","애디노베이트주[루리옥토코그알파페골(혈액응고인자VIII 유전자재조합)],애디노베이트주[루리옥토코그알파페골(혈액응고인자VIII유전자재조합)]"
"670506BIJ","애디노베이트주[루리옥토코그알파페골(혈액응고인자VIII 유전자재조합)],애디노베이트주[루리옥토코그알파페골(혈액응고인자VIII유전자재조합)]"
"670700ATB","네메올듀오정20 800밀리그램,네메올듀오정20800밀리그램,네오듀오정20 800밀리그램,네오듀오정20800밀리그램,넥소듀오정20 800밀리그램,넥소듀오정20800밀리그램,넥스졸듀오정20 800밀리그램,넥스졸듀오정20800밀리그램,넥스파듀오정20 800밀리그램,넥스파듀오정20800밀리그램"
"670901BIJ","트렘피어원프레스오토인젝터주,트렘피어프리필드시린지주"
"671200ATB","듀오웰에이정40 5 5밀리그램,듀오웰에이정4055밀리그램,텔로스톱플러스정40 5 5밀리그램,텔로스톱플러스정4055밀리그램,텔미듀오플러스정40 5 5밀리그램,텔미듀오플러스정4055밀리그램,텔미디핀알정40 5,텔미디핀알정405,텔미로드큐정40 5 5밀리그램,텔미로드큐정4055밀리그램"
"671300ATB","듀오웰에이정80 5 5밀리그램,듀오웰에이정8055밀리그램,텔로스톱플러스정80 5 5밀리그램,텔로스톱플러스정8055밀리그램,텔미듀오플러스정80 5 5밀리그램,텔미듀오플러스정8055밀리그램,텔미디핀알정80 5,텔미디핀알정805,텔미로드큐정80 5 5밀리그램,텔미로드큐정8055밀리그램"
"671400ATB","뉴스타틴티에스정40 5 10mg,뉴스타틴티에스정40510mg,듀오웰에이정40 5 10밀리그램,듀오웰에이정40510밀리그램,로스텔플러스정40 5 10밀리그램,로스텔플러스정40510밀리그램,텔로스톱플러스정40 5 10밀리그램,텔로스톱플러스정40510밀리그램,텔로타틴정40 5 10밀리그램,텔로타틴정40510밀리그램"
"671500ATB","뉴스타틴티에스정80 5 10mg,뉴스타틴티에스정80510mg,듀오웰에이정80 5 10밀리그램,듀오웰에이정80510밀리그램,로스텔플러스정80 5 10밀리그램,로스텔플러스정80510밀리그램,텔로스톱플러스정80 5 10밀리그램,텔로스톱플러스정80510밀리그램,텔로타틴정80 5 10밀리그램,텔로타틴정80510밀리그램"
"671600ATB","텔로스톱플러스정80 10 10밀리그램,텔로스톱플러스정801010밀리그램,트레블정80 10 10밀리그램,트레블정801010밀리그램,트리인원정80 10 10mg,트리인원정801010mg"
"671700ATB","뉴스타틴티에스정80 10 20mg,뉴스타틴티에스정801020mg,텔로스톱플러스정80 10 20밀리그램,텔로스톱플러스정801020밀리그램,텔미듀오플러스정80 10 20밀리그램,텔미듀오플러스정801020밀리그램,트레블정80 10 20밀리그램,트레블정801020밀리그램,트리인원정80 10 20mg,트리인원정801020mg"
"671800ATR","리피메트서방정10 500밀리그램,리피메트서방정10500밀리그램,리피토엠서방정10 500밀리그램,리피토엠서방정10500밀리그램,아토메트서방정10 500밀리그램,아토메트서방정10500밀리그램"
"671900ATR","리피메트서방정10 750밀리그램,리피메트서방정10750밀리그램,리피토엠서방정10 750밀리그램,리피토엠서방정10750밀리그램,아토메트서방정10 750밀리그램,아토메트서방정10750밀리그램"
"672000ATR","리피메트서방정20 500밀리그램,리피메트서방정20500밀리그램,리피토엠서방정20 500밀리그램,리피토엠서방정20500밀리그램,아토메트서방정20 500밀리그램,아토메트서방정20500밀리그램"
"672100ATR","리피메트서방정20 750밀리그램,리피메트서방정20750밀리그램,리피토엠서방정20 750밀리그램,리피토엠서방정20750밀리그램,아토메트서방정20 750밀리그램,아토메트서방정20750밀리그램"
"672500ATR","듀오메트엑스알정500 5밀리그램,듀오메트엑스알정5005밀리그램,로수메트서방정5 500밀리그램,로수메트서방정5500밀리그램,로수탄메트정500 5밀리그램,로수탄메트정5005밀리그램,크레비스정500 5밀리그램,크레비스정5005밀리그램"
"672600ATR","듀오메트엑스알정750 5밀리그램,듀오메트엑스알정7505밀리그램,로수메트서방정5 750밀리그램,로수메트서방정5750밀리그램,로수탄메트정750 5밀리그램,로수탄메트정7505밀리그램,크레비스정750 5밀리그램,크레비스정7505밀리그램"
"672700ATR","듀오메트엑스알정500 10밀리그램,듀오메트엑스알정50010밀리그램,로수메트서방정10 500밀리그램,로수메트서방정10500밀리그램,로수탄메트정500 10밀리그램,로수탄메트정50010밀리그램,알엠서방정500 10밀리그램,알엠서방정50010밀리그램,크레비스정500 10밀리그램,크레비스정50010밀리그램"
"672800ATR","듀오메트엑스알정750 10밀리그램,듀오메트엑스알정75010밀리그램,로수메트서방정10 750밀리그램,로수메트서방정10750밀리그램,로수탄메트정750 10밀리그램,로수탄메트정75010밀리그램,알엠서방정750 10밀리그램,알엠서방정75010밀리그램,크레비스정750 10밀리그램,크레비스정75010밀리그램"
"672900ATR","로수메트서방정20 500밀리그램,로수메트서방정20500밀리그램"
"673000ATR","로수메트서방정20 750밀리그램,로수메트서방정20750밀리그램"
"673500ATB","이달비클로정40,이달비클로정40 12.5밀리그램,이달비클로정4012.5밀리그램"
"673600ATB","이달비클로정40,이달비클로정40 25밀리그램,이달비클로정4025밀리그램"
"673700ATB","로수칸데정5 16밀리그램,로수칸데정516밀리그램,로칸듀오정5 16밀리그램,로칸듀오정516밀리그램,로타칸정 5 16밀리그램,로타칸정516밀리그램,칸데로원정5,칸데칸듀오정5 16밀리그램,칸데칸듀오정516밀리그램,콤비로칸정5 16밀리그램"
"673800ATR","리피메트서방정10 1000밀리그램,리피메트서방정101000밀리그램,리피토엠서방정10 1000밀리그램,리피토엠서방정101000밀리그램,아토메트서방정10 1000밀리그램,아토메트서방정101000밀리그램"
"673900ATB","로수암핀정5 5밀리그램,로수암핀정55밀리그램,로토디핀정5"
"674000ATB","로수암핀정10 5밀리그램,로수암핀정105밀리그램,로토디핀정10"
"674100ATB","로수암핀정20 5밀리그램,로수암핀정205밀리그램,로토디핀정20"
"674301ATB","스테글라트로정"
"674302ATB","스테글라트로정"
"674500ATB","바독시플러스정,바디본정,바비본정,바제듀오정,바제디플러스정,바제롤정,바제비타정,바제스타정,바제칼디정,바제콤디정"
"675100ATB","스테글루잔정5 100밀리그램,스테글루잔정5100밀리그램"
"675500ATB","네시나메트정12.5 850밀리그램,네시나메트정12.5850밀리그램"
"676701BIJ","헴리브라피하주사"
"676702BIJ","헴리브라피하주사"
"676703BIJ","헴리브라피하주사"
"676704BIJ","헴리브라피하주사"
"676705BIJ","헴리브라피하주사"
"677000ATB","듀오웰에이정40 5 20밀리그램,듀오웰에이정40520밀리그램"
"677100ATB","듀오웰에이정80 5 20밀리그램,듀오웰에이정80520밀리그램"
"677200ASY","코푸시럽,코푸진시럽"
"677300ATB","올로맥스정20 5 5밀리그램,올로맥스정2055밀리그램"
"677400ATB","올로맥스정20 5 10밀리그램,올로맥스정20510밀리그램"
"677500ATB","올로맥스정40 10 10밀리그램,올로맥스정401010밀리그램"
"677600ATB","올로맥스정40 10 20밀리그램,올로맥스정401020밀리그램"
"678600ATB","로수암핀정10 10밀리그램,로수암핀정1010밀리그램"
"679300ACH","뉴스타틴듀오캡슐,리로우펜캡슐,리바펜캡슐,리페스틴캡슐,스타페노캡슐,스타펜캡슐,업타바캡슐,타스페노캡슐,페바로에프캡슐,피바펜캡슐"
"679300ATB","바로페노정2,제피노정2,피타로우에프정2,피타스론정2"
"679401ACS","뉴메틴미니연질캡슐,메가엠미니연질캡슐2그램,미니플로연질캡슐2그램,오마론미니연질캡슐2그램,오마스미니연질캡슐2그램,오마코미니연질캡슐2그램,오마티지미니연질캡슐2그램,오메가원프로연질캡슐,오메티드큐티렛연질캡슐,오메틸큐티렛연질캡슐"
"679402ACS","글로메가연질캡슐,뉴마코연질캡슐,뉴메틴연질캡슐,다림오메가3연질캡슐1000밀리그램,동구오메가3연질캡슐,로마코연질캡슐,로티지연질캡슐,메가로우연질캡슐,메가엠연질캡슐,메가트리연질캡슐"
"679403ACS","뉴마론연질캡슐0.5그램,뉴마코에스연질캡슐500밀리그램,미니마코연질캡슐500밀리그램,미니메가연질캡슐500밀리그램"
"679500ATB","발트리오정5 80 10밀리그램,발트리오정58010밀리그램,브이포지알정5 80 10밀리그램,브이포지알정58010밀리그램,아모르탄알정5 80 10밀리그램,아모르탄알정58010밀리그램,암로반플러스정5 80 10밀리그램,암로반플러스정58010밀리그램,엑스원알정5 80 10밀리그램,엑스원알정58010밀리그램"
"679600ATB","발트리오정5 160 10밀리그램,발트리오정516010밀리그램,브이포지알정5 160 10밀리그램,브이포지알정516010밀리그램,아모르탄알정5 160 10밀리그램,아모르탄알정516010밀리그램,엑스원알정5 160 10밀리그램,엑스원알정516010밀리그램,엑스크레스바정5 160 10밀리그램,엑스크레스바정516010밀리그램"
"679700ATB","브이포지알정5 160 5밀리그램,브이포지알정51605밀리그램,아모르탄알정5 160 5밀리그램,아모르탄알정51605밀리그램,엑스원알정5 160 5밀리그램,엑스원알정51605밀리그램,엑스크레스바정5 160 5밀리그램,엑스크레스바정51605밀리그램"
"680300ATB","브이포지알정5 80 5밀리그램,브이포지알정5805밀리그램,아모르탄알정5 80 5밀리그램,아모르탄알정5805밀리그램,암로반플러스정5 80 5밀리그램,암로반플러스정5805밀리그램,엑스원알정5 80 5밀리그램,엑스원알정5805밀리그램,엑스크레스바정5 80 5밀리그램,엑스크레스바정5805밀리그램"
"680401ATB","에조스타정,영진조피클론정,조스정,조피스타정,파마에스조피클론정1mg"
"680402ATB","에조스타정,영진조피클론정,조스정,조피스타정,파마에스조피클론정2mg"
"680403ATB","에조스타정,영진조피클론정,조스정,조피스타정,파마에스조피클론정3mg"
"680701BIJ","이베니티주프리필드시린지"
"681000CSI","제피러스흡입용캡슐300 25마이크로그램,제피러스흡입용캡슐30025마이크로그램"
"681100CSI","제피러스흡입용캡슐150 25마이크로그램,제피러스흡입용캡슐15025마이크로그램"
"681600BIS","비카베라포도당 칼슘1.75mmol L 복막투석액,비카베라포도당칼슘1.75mmolL복막투석액"
"681700BIS","비카베라포도당 칼슘1.75mmol L 복막투석액,비카베라포도당칼슘1.75mmolL복막투석액"
"681800BIS","비카베라포도당 칼슘1.75mmol L 복막투석액,비카베라포도당칼슘1.75mmolL복막투석액"
"681900BIS","비카베라포도당 칼슘1.75mmol L 복막투석액,비카베라포도당칼슘1.75mmolL복막투석액"
"682000BIS","비카베라포도당 칼슘1.75mmol L 복막투석액,비카베라포도당칼슘1.75mmolL복막투석액"
"682100BIS","비카베라포도당 칼슘1.75mmol L 복막투석액,비카베라포도당칼슘1.75mmolL복막투석액"
"682700ATB","트루셋정40 5 12.5밀리그램,트루셋정40512.5밀리그램"
"682800ATB","트루셋정80 5 12.5밀리그램,트루셋정80512.5밀리그램"
"682900ATB","트루셋정 80 5 25밀리그램,트루셋정80525밀리그램"
"683000ATB","네비로스타정5 10밀리그램,네비로스타정510밀리그램,크레비스타정5"
"683100ATB","네비로스타정5 20밀리그램,네비로스타정520밀리그램"
"683200ATB","네비로스타정2.5 10밀리그램,네비로스타정2.510밀리그램,크레비스타정2.5"
"683300ATR","듀오메트엑스알정1000 5밀리그램,듀오메트엑스알정10005밀리그램,크레비스정1000 5밀리그램,크레비스정10005밀리그램"
"683400ATR","듀오메트엑스알정1000 10밀리그램,듀오메트엑스알정100010밀리그램,크레비스정1000 10밀리그램,크레비스정100010밀리그램"
"683800CSI","트림보우흡입제100 6 12.5,트림보우흡입제100612.5"
"683901BIJ","앰겔러티 밀리리터프리필드시린지주,앰겔러티 밀리리터프리필드펜주,앰겔러티밀리리터프리필드시린지주,앰겔러티밀리리터프리필드펜주"
"684000ASY","뮤코에이시럽,뮤코코푸시럽,세코라시럽,아미듀오시럽,유라민시럽,콜브론에이시럽,클로르에이시럽"
"684100ATB","에소듀오정40 800밀리그램,에소듀오정40800밀리그램"
"684300ATB","듀카로정30 5 5밀리그램,듀카로정3055밀리그램"
"684400ATB","듀카로정30 5 10밀리그램,듀카로정30510밀리그램"
"684500ATB","듀카로정60 5 5밀리그램,듀카로정6055밀리그램"
"684600ATB","듀카로정60 5 10밀리그램,듀카로정60510밀리그램"
"684700ATB","듀카로정60 10 20밀리그램,듀카로정601020밀리그램"
"686201BIJ","스카이리치프리필드시린지주"
"686202BIJ","스카이리치프리필드펜주 mL,스카이리치프리필드펜주mL"
"686800ATB","올로맥스정40 5 5밀리그램,올로맥스정4055밀리그램"
"686900ATB","올로맥스정40 5 10밀리그램,올로맥스정40510밀리그램"
"687100ASY","로민콤프시럽,펠라닌콤프시럽,펠라움에스시럽"
"687601ATR","데스베라서방정,에스벤서방정,프리넥사서방정"
"687602ATR","데스베라서방정,에스벤서방정,프리넥사서방정"
"687603ATR","데스베라서방정,에스벤서방정,프리넥사서방정"
"688100ATB","아카브정30 10밀리그램,아카브정3010밀리그램"
"688200ATB","아카브정60 10밀리그램,아카브정6010밀리그램"
"688300ATB","아카브정30 20밀리그램,아카브정3020밀리그램"
"688400ATB","아카브정60 20밀리그램,아카브정6020밀리그램"
"688500ATB","아카브정120 40밀리그램,아카브정12040밀리그램"
"689002BIJ","울토미리스주 mL,울토미리스주mL"
"689003BIJ","울토미리스주 mL,울토미리스주mL"
"690400ATB","아바트리정5 80 20밀리그램,아바트리정58020밀리그램,아발탄에이플러스정5 80 20밀리그램,아발탄에이플러스정58020밀리그램,엑스아토르정5 80 20밀리그램,엑스아토르정58020밀리그램,엑스원에이정5 80 20밀리그램,엑스원에이정58020밀리그램,하이포지에이정5 80 20밀리그램,하이포지에이정58020밀리그램"
"690500ATB","아바트리정5 80 10밀리그램,아바트리정58010밀리그램,아발탄에이플러스정5 80 10밀리그램,아발탄에이플러스정58010밀리그램,엑스아토르정5 80 10밀리그램,엑스아토르정58010밀리그램,엑스원에이정5 80 10밀리그램,엑스원에이정58010밀리그램,하이포지에이정5 80 10밀리그램,하이포지에이정58010밀리그램"
"690600ATB","아바트리정5 160 20밀리그램,아바트리정516020밀리그램,아발탄에이플러스정5 160 20밀리그램,아발탄에이플러스정516020밀리그램,엑스아토르정5 160 20밀리그램,엑스아토르정516020밀리그램,엑스원에이정5 160 20밀리그램,엑스원에이정516020밀리그램,하이포지에이정5 160 20밀리그램,하이포지에이정516020밀리그램"
"690700ATB","아바트리정5 160 10밀리그램,아바트리정516010밀리그램,아발탄에이플러스정5 160 10밀리그램,아발탄에이플러스정516010밀리그램,엑스아토르정5 160 10밀리그램,엑스아토르정516010밀리그램,엑스원에이정5 160 10밀리그램,엑스원에이정516010밀리그램,하이포지에이정5 160 10밀리그램,하이포지에이정516010밀리그램"
"691200ATB","네비로스타정2.5 5밀리그램,네비로스타정2.55밀리그램,크레비스타정2.5"
"691301BIJ","루타테라주 옥소도트레오타이드,루타테라주옥소도트레오타이드"
"691400ATB","발트리오정10 160 10밀리그램,발트리오정1016010밀리그램"
"691500ATB","발트리오정10 160 20밀리그램,발트리오정1016020밀리그램"
"691701BIJ","크리스비타주사액"
"691702BIJ","크리스비타주사액"
"691703BIJ","크리스비타주사액"
"691901BIJ","레시노원주,보니센원스주,히알본플러스원스주,히알식스주,히알탄원주"
"692000ATB","아모잘탄엑스큐정 5 50 5 10밀리그램,아모잘탄엑스큐정550510밀리그램"
"692100ATB","아모잘탄엑스큐정 5 50 20 10밀리그램,아모잘탄엑스큐정5502010밀리그램"
"692200ATB","아모잘탄엑스큐정 5 50 10 10밀리그램,아모잘탄엑스큐정5501010밀리그램"
"692300ATB","아모잘탄엑스큐정 5 100 5 10밀리그램,아모잘탄엑스큐정5100510밀리그램"
"692400ATB","아모잘탄엑스큐정 5 100 20 10밀리그램,아모잘탄엑스큐정51002010밀리그램"
"692500ATB","아모잘탄엑스큐정 5 100 10 10밀리그램,아모잘탄엑스큐정51001010밀리그램"
"693000ATB","네비로스타정1.25 5밀리그램,네비로스타정1.255밀리그램"
"693101CSI","산소 93,산소93"
"693201ATB","다포진정,엑시글루정"
"693202ATB","다포진정,엑시글루정"
"693301ATB","다파론정,다파진정,트루다파정"
"693302ATB","다파론정,다파진정,다포르정,트루다파정"
"693402ATB","다파리진정,다파칸정,다플디엠정,다플로진정,슈가파정,젠시가정,포시글리정,포시디정,포실로진정"
"694201ATB","글로시타글정,글루시타정,글리시타정,나누비아정,네오시타정,넥스글립틴정,다누비아정,당이자누정,삼시타정,시글립정"
"694202ATB","글로시타글정,글루시타정,글리시타정,글리자누큐정,나누비아정,네오시타정,넥스글립틴정,다누비아정,당이자누정,비아틴정"
"694203ATB","글로시타글정,글루시타정,글리시타정,글리자누큐정,나누비아정,네오시타정,넥스글립틴정,다누비아정,당이자누정,비아틴정"
"694301BIJ","앱스틸라주[로녹토코그알파(혈액응고인자VIII 유전자재조합)],앱스틸라주[로녹토코그알파(혈액응고인자VIII유전자재조합)]"
"694302BIJ","앱스틸라주[로녹토코그알파(혈액응고인자VIII 유전자재조합)],앱스틸라주[로녹토코그알파(혈액응고인자VIII유전자재조합)]"
"694303BIJ","앱스틸라주[로녹토코그알파(혈액응고인자VIII 유전자재조합)],앱스틸라주[로녹토코그알파(혈액응고인자VIII유전자재조합)]"
"694304BIJ","앱스틸라주[로녹토코그알파(혈액응고인자VIII 유전자재조합)],앱스틸라주[로녹토코그알파(혈액응고인자VIII유전자재조합)]"
"694305BIJ","앱스틸라주[로녹토코그알파(혈액응고인자VIII 유전자재조합)],앱스틸라주[로녹토코그알파(혈액응고인자VIII유전자재조합)]"
"694400ATB","에소카보정20 600밀리그램,에소카보정20600밀리그램,에소카정20 600밀리그램,에소카정20600밀리그램,에소피드정20 600밀리그램,에소피드정20600밀리그램"
"694500ATB","에소카보정40 600밀리그램,에소카보정40600밀리그램,에소카정40 600밀리그램,에소카정40600밀리그램,에소피드정40 600밀리그램,에소피드정40600밀리그램"
"695301ATB","다낼리아정,디포테리정,에이테넬정,유테네정,테글리정,테네그린정,테네글로정,테네글리틴정,테네글립정,테네글정"
"695401ATB","테네글리정,테네로틴정,테네리칸정,테네필정,테넬로드정,테넬리엘정,테넬리탁정,테리글정,테리아정,테리움정"
"696700CSI","포스터200 6에이치에프에이흡입제,포스터2006에이치에프에이흡입제"
"696900ATB","에스글리토정10 5밀리그램,에스글리토정105밀리그램"
"697000ATB","에스글리토정25 5밀리그램,에스글리토정255밀리그램"
"697300ATB","로디엔티정80 2.5밀리그램,로디엔티정802.5밀리그램"
"697400ATB","로디엔티정40 2.5밀리그램,로디엔티정402.5밀리그램"
"697500ATB","로디엔티정80 5밀리그램,로디엔티정805밀리그램"
"697600ATB","로디엔티정40 5밀리그램,로디엔티정405밀리그램"
"698200ATB","라로듀오정,라보니디정,에비맥스디정"
"698400CSI","어택트라흡입용캡슐150 80마이크로그램,어택트라흡입용캡슐15080마이크로그램"
"698500CSI","어택트라흡입용캡슐150 160마이크로그램,어택트라흡입용캡슐150160마이크로그램"
"698600CSI","어택트라흡입용캡슐150 320마이크로그램,어택트라흡입용캡슐150320마이크로그램"
"698700CSI","에너제어흡입용캡슐150 50 80마이크로그램,에너제어흡입용캡슐1505080마이크로그램"
"698800CSI","에너제어흡입용캡슐150 50 160마이크로그램,에너제어흡입용캡슐15050160마이크로그램"
"699400ATB","리바로젯정2 10밀리그램,리바로젯정210밀리그램,스타젯정2,엘제로젯정2 10밀리그램,엘제로젯정210밀리그램,타바로젯정2 10밀리그램,타바로젯정210밀리그램,페바로젯정2 10밀리그램,페바로젯정210밀리그램,피제트정2 10밀리그램"
"699500ATB","리바로젯정4 10밀리그램,리바로젯정410밀리그램,스타젯정4,엘제로젯정4 10밀리그램,엘제로젯정410밀리그램,타바로젯정4 10밀리그램,타바로젯정410밀리그램,페바로젯정4 10밀리그램,페바로젯정410밀리그램,피제트정4 10밀리그램"
"699601BIJ","아조비오토인젝터주,아조비프리필드시린지주"
"699901ATB","브론패스정·옥수수전분 혼합건조물,브론패스정·옥수수전분혼합건조물"
"701100ATB","다비듀오정10,로바젯정10 2.5밀리그램,로바젯정102.5밀리그램,로수바미브정10,로수엠젯정10,로수젯정10 2.5밀리그램,로수젯정102.5밀리그램,로우로제정10,로제듀오정10,에제로수정10"
"701401ATB","아제로핀정,아제리아정,아젤디핀정,아젤블럭정8밀리그램,아젤핀정"
"701402ATB","아제로핀정,아제리아정,아젤디핀정,아젤블럭정16밀리그램,아젤핀정"
"701500BIJ","페스코피하주사600"
"701600BIJ","페스코피하주사1200"
"701700ATB","듀오웰플러스정80 20 10밀리그램,듀오웰플러스정802010밀리그램,로제텔정80 20 10밀리그램,로제텔정802010밀리그램"
"701800ATB","듀오웰플러스정80 10 10밀리그램,듀오웰플러스정801010밀리그램,로제텔정80 10 10밀리그램,로제텔정801010밀리그램"
"701900ATB","듀오웰플러스정80 5 10밀리그램,듀오웰플러스정80510밀리그램,로제텔정80 5 10밀리그램,로제텔정80510밀리그램"
"702000ATB","듀오웰플러스정40 20 10밀리그램,듀오웰플러스정402010밀리그램,로제텔정40 20 10밀리그램,로제텔정402010밀리그램,텔미로젯정40 20 10밀리그램,텔미로젯정402010밀리그램"
"702100ATB","듀오웰플러스정40 5 10밀리그램,듀오웰플러스정40510밀리그램,로제텔정40 5 10밀리그램,로제텔정40510밀리그램,텔미로젯정40 5 10밀리그램,텔미로젯정40510밀리그램"
"702200ATB","듀오웰플러스정40 10 10밀리그램,듀오웰플러스정401010밀리그램,로제텔정40 10 10밀리그램,로제텔정401010밀리그램,텔미로젯정40 10 10밀리그램,텔미로젯정401010밀리그램"
"702400ATB","큐턴정5 10밀리그램,큐턴정510밀리그램"
"702500ATB","빌다글메트정50"
"702600ATB","빌다글메트정50"
"702700ATB","빌다글메트정50"
"702800ATB","에제슈프라정,에제페노정,페노제티브정"
"703201ATB","도브프렐라정"
"703500ATB","팍스로비드정"
"704100ATB","빌다메트정50 850밀리그램,빌다메트정50850밀리그램"
"704200ATB","빌다메트정50 500밀리그램,빌다메트정50500밀리그램"
"704300ATB","빌다메트정50 1000밀리그램,빌다메트정501000밀리그램"
"704600ATB","라베뉴정10,라베듀엣정10,라베모어정10,라베올듀오정10,라비듀오정10,라비에트듀오정10"
"704701ATB","벨록스캡정,앱시토정,위캡정,펙수클루정"
"704702ATB","벨록스캡정,앱시토정,위캡정,펙수클루정"
"705100ATB","글로시타포민정50 1000밀리그램,글로시타포민정501000밀리그램,글루시타듀오정50 1000밀리그램,글루시타듀오정501000밀리그램,글리메자큐정50,글리시타메트정50 1000밀리그램,글리시타메트정501000밀리그램,나누메트정50 1000밀리그램,나누메트정501000밀리그램,넥스글립틴듀오정50 1000밀리그램"
"705200ATB","글로시타포민정50 500밀리그램,글로시타포민정50500밀리그램,글루시타듀오정50 500밀리그램,글루시타듀오정50500밀리그램,글리메자큐정50,글리시타메트정50 500밀리그램,글리시타메트정50500밀리그램,나누메트정50 500밀리그램,나누메트정50500밀리그램,넥스글립틴듀오정50 500밀리그램"
"705300ATB","글로시타포민정50 850밀리그램,글로시타포민정50850밀리그램,글루시타듀오정50 850밀리그램,글루시타듀오정50850밀리그램,글리메자큐정50,글리시타메트정50 850밀리그램,글리시타메트정50850밀리그램,나누메트정50 850밀리그램,나누메트정50850밀리그램,넥스글립틴듀오정50 850밀리그램"
"705900ATB","라베뉴정20 500밀리그램,라베뉴정20500밀리그램,라베듀엣정20 500밀리그램,라베듀엣정20500밀리그램,라베모어정20 500밀리그램,라베모어정20500밀리그램,라베올듀오정20 500밀리그램,라베올듀오정20500밀리그램,라비듀오정20 500밀리그램,라비듀오정20500밀리그램"
"706000ATB","라베듀오정20 800밀리그램,라베듀오정20800밀리그램,라베콤비정,라베프탑정20 800밀리그램,라베프탑정20800밀리그램"
"706100ATB","에소메졸플러스정40 350밀리그램,에소메졸플러스정40350밀리그램"
"706300ATB","칸타벨에이정8 5 10밀리그램,칸타벨에이정8510밀리그램"
"706400ATB","칸타벨에이정16 5 20밀리그램,칸타벨에이정16520밀리그램"
"706500ATB","칸타벨에이정16 10 40밀리그램,칸타벨에이정161040밀리그램"
"706600ATB","칸타벨에이정8 5 20밀리그램,칸타벨에이정8520밀리그램"
"706700ATB","칸타벨에이정16 5 10밀리그램,칸타벨에이정16510밀리그램"
"706900ATB","글루듀오정10 100밀리그램,글루듀오정10100밀리그램,글리로우싯정10 100밀리그램,글리로우싯정10100밀리그램,나누당시가정10 100밀리그램,나누당시가정10100밀리그램,뉴시타글로진정10,다글로시타정10 100밀리그램,다글로시타정10100밀리그램,다글립정10 100밀리그램"
"707500ATB","듀카브플러스정30 5 12.5밀리그램,듀카브플러스정30512.5밀리그램"
"707600ATB","듀카브플러스정60 5 12.5밀리그램,듀카브플러스정60512.5밀리그램"
"707700ATB","듀카브플러스정60 10 12.5밀리그램,듀카브플러스정601012.5밀리그램"
"708000ATB","에소메졸플러스정20 350밀리그램,에소메졸플러스정20350밀리그램"
"708200ATR","다낼리아엠서방정20 1000밀리그램,다낼리아엠서방정201000밀리그램,디포테리엠서방정20 1000밀리그램,디포테리엠서방정201000밀리그램,에이테넬엠서방정20 1000밀리그램,에이테넬엠서방정201000밀리그램,유테네엠서방정20 1000밀리그램,유테네엠서방정201000밀리그램,테글리엠서방정20 1000밀리그램,테글리엠서방정201000밀리그램"
"708300ATR","다낼리아엠서방정10 750밀리그램,다낼리아엠서방정10750밀리그램,디포테리엠서방정10 750밀리그램,디포테리엠서방정10750밀리그램,에이테넬엠서방정10 750밀리그램,에이테넬엠서방정10750밀리그램,유테네엠서방정10 750밀리그램,유테네엠서방정10750밀리그램,테글리엠서방정10 750밀리그램,테글리엠서방정10750밀리그램"
"708400ATR","다낼리아엠서방정10 500밀리그램,다낼리아엠서방정10500밀리그램,디포테리엠서방정10 500밀리그램,디포테리엠서방정10500밀리그램,에이테넬엠서방정10 500밀리그램,에이테넬엠서방정10500밀리그램,유테네엠서방정10 500밀리그램,유테네엠서방정10500밀리그램,테글리엠서방정10 500밀리그램,테글리엠서방정10500밀리그램"
"708900ATB","네비로스타정2.5 20밀리그램,네비로스타정2.520밀리그램"
"709000ATB","클로잘탄정50,클로잘탄정50 12.5밀리그램,클로잘탄정5012.5밀리그램"
"709100ATB","클로잘탄정100,클로잘탄정100 12.5밀리그램,클로잘탄정10012.5밀리그램"
"709300ATR","글로시타포민서방정50 500밀리그램,글로시타포민서방정50500밀리그램,글루시타듀오서방정50 500밀리그램,글루시타듀오서방정50500밀리그램,글리시타메트엑스알서방정50 500밀리그램,글리시타메트엑스알서방정50500밀리그램,나누메트엑스알서방정50 500밀리그램,나누메트엑스알서방정50500밀리그램,다누메트엑스알서방정50 500밀리그램,다누메트엑스알서방정50500밀리그램"
"709400ATR","글로시타포민서방정50 1000밀리그램,글로시타포민서방정501000밀리그램,글루시타듀오서방정50 1000밀리그램,글루시타듀오서방정501000밀리그램,글리시타메트엑스알서방정50 1000밀리그램,글리시타메트엑스알서방정501000밀리그램,나누메트엑스알서방정50 1000밀리그램,나누메트엑스알서방정501000밀리그램,다누메트엑스알서방정50 1000밀리그램,다누메트엑스알서방정501000밀리그램"
"709500ATR","글로시타포민서방정100 1000밀리그램,글로시타포민서방정1001000밀리그램,글루시타듀오서방정100 1000밀리그램,글루시타듀오서방정1001000밀리그램,글리시타메트엑스알서방정100 1000밀리그램,글리시타메트엑스알서방정1001000밀리그램,나누메트엑스알서방정100 1000밀리그램,나누메트엑스알서방정1001000밀리그램,다누메트엑스알서방정100 1000밀리그램,다누메트엑스알서방정1001000밀리그램"
"709700ATB","로제텔핀정40 5 10 5밀리그램,로제텔핀정405105밀리그램,텔미칸큐정40 5 10 5밀리그램,텔미칸큐정405105밀리그램"
"709800ATB","로제텔핀정40 10 10 5밀리그램,로제텔핀정4010105밀리그램,텔미칸큐정40 10 10 5밀리그램,텔미칸큐정4010105밀리그램"
"709900ATB","로제텔핀정40 20 10 5밀리그램,로제텔핀정4020105밀리그램,텔미칸큐정40 20 10 5밀리그램,텔미칸큐정4020105밀리그램"
"710000ATB","로제텔핀정80 5 10 5밀리그램,로제텔핀정805105밀리그램,텔미칸큐정80 5 10 5밀리그램,텔미칸큐정805105밀리그램"
"710100ATB","로제텔핀정80 10 10 5밀리그램,로제텔핀정8010105밀리그램,텔미칸큐정80 10 10 5밀리그램,텔미칸큐정8010105밀리그램"
"710200ATB","로제텔핀정80 20 10 5밀리그램,로제텔핀정8020105밀리그램,텔미칸큐정80 20 10 5밀리그램,텔미칸큐정8020105밀리그램"
"710700ATB","듀카브플러스정60 5 25밀리그램,듀카브플러스정60525밀리그램"
"710900ATR","테네글리엠서방정20 1000밀리그램,테네글리엠서방정201000밀리그램,테네로틴엠서방정20 1000밀리그램,테네로틴엠서방정201000밀리그램,테네리칸엠서방정20 1000밀리그램,테네리칸엠서방정201000밀리그램,테네필플러스서방정20 1000밀리그램,테네필플러스서방정201000밀리그램,테넬로드엠서방정20 1000밀리그램,테넬로드엠서방정201000밀리그램"
"711000ATR","테네글리엠서방정10 750밀리그램,테네글리엠서방정10750밀리그램,테네로틴엠서방정10 750밀리그램,테네로틴엠서방정10750밀리그램,테네리칸엠서방정10 750밀리그램,테네리칸엠서방정10750밀리그램,테네필플러스서방정10 750밀리그램,테네필플러스서방정10750밀리그램,테넬로드엠서방정10 750밀리그램,테넬로드엠서방정10750밀리그램"
"711100ATR","테네글리엠서방정10 500밀리그램,테네글리엠서방정10500밀리그램,테네로틴엠서방정10 500밀리그램,테네로틴엠서방정10500밀리그램,테네리칸엠서방정10 500밀리그램,테네리칸엠서방정10500밀리그램,테네필플러스서방정10 500밀리그램,테네필플러스서방정10500밀리그램,테넬로드엠서방정10 500밀리그램,테넬로드엠서방정10500밀리그램"
"711200ACS","뉴토메가연질캡슐5 1000밀리그램,뉴토메가연질캡슐51000밀리그램,아토메가연질캡슐5 1000mg,아토메가연질캡슐51000mg,아토코마연질캡슐5 1000밀리그램,아토코마연질캡슐51000밀리그램,아트맥콤비젤연질캡슐5 1000밀리그램,아트맥콤비젤연질캡슐51000밀리그램,휴토메가연질캡슐5 1000밀리그램,휴토메가연질캡슐51000밀리그램"
"711300ATB","다파엔시타정10 100밀리그램,다파엔시타정10100밀리그램,엑시글루에스정"
"712200ATB","누보로젯정40 2.5 5 10밀리그램,누보로젯정402.5510밀리그램"
"712300ATB","누보로젯정40 2.5 10 10밀리그램,누보로젯정402.51010밀리그램"
"712400ATB","누보로젯정40 5 5 10밀리그램,누보로젯정405510밀리그램"
"712500ATB","누보로젯정40 5 10 10밀리그램,누보로젯정4051010밀리그램"
"713200ATR","아세리손정,아펙손정,에어페낙듀오정,에페신에이스정,에페크로닉정,페낙손정"
"715200ATR","다메트서방정10 1000밀리그램,다메트서방정101000밀리그램,다파엔듀오서방정10 1000밀리그램,다파엔듀오서방정101000밀리그램,다파엠서방정10 1000밀리그램,다파엠서방정101000밀리그램,다파원엠서방정10 1000밀리그램,다파원엠서방정101000밀리그램,다파프로진메트서방정10 1000밀리그램,다파프로진메트서방정101000밀리그램"
"715300ATR","다파엔듀오서방정10 500밀리그램,다파엔듀오서방정10500밀리그램,다파원엠서방정10 500밀리그램,다파원엠서방정10500밀리그램,다파프로진메트서방정10 500밀리그램,다파프로진메트서방정10500밀리그램,포슈벳듀오서방정10 500밀리그램,포슈벳듀오서방정10500밀리그램"
"715400ATR","다파엔듀오서방정5 1000밀리그램,다파엔듀오서방정51000밀리그램,다파엠서방정5 1000밀리그램,다파엠서방정51000밀리그램,다파원엠서방정5 1000밀리그램,다파원엠서방정51000밀리그램,다파프로진메트서방정5 1000밀리그램,다파프로진메트서방정51000밀리그램,플로가듀오서방정5 1000밀리그램,플로가듀오서방정51000밀리그램"
"715500ATR","다파원엠서방정5 500밀리그램,다파원엠서방정5500밀리그램,다파프로진메트서방정5 500밀리그램,다파프로진메트서방정5500밀리그램"
"715701ATB","베나보정,엔블로정,이글렉스정"
"716100ATB","건카브정60 2.5밀리그램,건카브정602.5밀리그램,듀나브정60,듀라브정60 2.5밀리그램,듀라브정602.5밀리그램,듀얼로우정60 2.5밀리그램,듀얼로우정602.5밀리그램,듀얼테라정60 2.5밀리그램,듀얼테라정602.5밀리그램,듀이젠정60"
"717000BIJ","자비쎄프타주"
"717500ATB","건카브정60 5밀리그램,건카브정605밀리그램,듀라브정60 5밀리그램,듀라브정605밀리그램,듀얼테라정60 5밀리그램,듀얼테라정605밀리그램,듀이젠정60,듀카노바정60,듀카엘비정60 5밀리그램,듀카엘비정605밀리그램"
"718200ATR","시타엔메트엑스알서방정50 750밀리그램,시타엔메트엑스알서방정50750밀리그램,자누리틴콤비서방정50 750 밀리그램,자누리틴콤비서방정50750밀리그램,트루시타엠서방정50"
"718300ATR","다파엘듀오서방정10 1000밀리그램,다파엘듀오서방정101000밀리그램,다파칸메트서방정10 1000밀리그램,다파칸메트서방정101000밀리그램,다포진엠서방정10 1000밀리그램,다포진엠서방정101000밀리그램,포시글리듀오서방정10 1000밀리그램,포시글리듀오서방정101000밀리그램"
"718400ATB","뉴란소엑스정30 600밀리그램,뉴란소엑스정30600밀리그램,란사톤듀오정30,란소듀오정30 600밀리그램,란소듀오정30600밀리그램,란소앤정30 600밀리그램,란소앤정30600밀리그램,란스타정30 600밀리그램,란스타정30600밀리그램,란탄듀오정30 600밀리그램"
"718500ATR","다파그린엠서방정5,다파엠듀오서방정5 500밀리그램,다파엠듀오서방정5500밀리그램,다파프로메트서방정5 500밀리그램,다파프로메트서방정5500밀리그램,다플진메트서방정5,포시다파엠서방정5,포시디엠서방정5 500밀리그램,포시디엠서방정5500밀리그램,포시로멧서방정5"
"718600ATR","다파프로메트서방정5 1000밀리그램,다파프로메트서방정51000밀리그램"
"718700ATR","엑시글루엠서방정5 500밀리그램,엑시글루엠서방정5500밀리그램"
"718800ATR","엑시글루엠서방정5 1000밀리그램,엑시글루엠서방정51000밀리그램"
"718900ATR","엑시글루엠서방정10 500밀리그램,엑시글루엠서방정10500밀리그램"
"719000ATR","엑시글루엠서방정10 1000밀리그램,엑시글루엠서방정101000밀리그램"
"719100ATR","다파론듀오서방정10 500밀리그램,다파론듀오서방정10500밀리그램,다파메트서방정10 500밀리그램,다파메트서방정10500밀리그램,다포르메트서방정10 500밀리그램,다포르메트서방정10500밀리그램,제포가듀오서방정10 500밀리그램,제포가듀오서방정10500밀리그램,트루다파엠서방정10"
"719200ATR","다파론듀오서방정10 1000밀리그램,다파론듀오서방정101000밀리그램,다파메트서방정10 1000밀리그램,다파메트서방정101000밀리그램,다포르메트서방정10 1000밀리그램,다포르메트서방정101000밀리그램,제포가듀오서방정10 1000밀리그램,제포가듀오서방정101000밀리그램,트루다파엠서방정10"
"719300ATR","다파론듀오서방정5 500밀리그램,다파론듀오서방정5500밀리그램"
"719400ATR","다파론듀오서방정5 1000밀리그램,다파론듀오서방정51000밀리그램"
"719500ATB","에소듀오에스정40 700밀리그램,에소듀오에스정40700밀리그램"
"719600ATB","에소듀오에스정20 700밀리그램,에소듀오에스정20700밀리그램"
"719700ATB","그루시가정10 4밀리그램,그루시가정104밀리그램,다파그린지정10 4밀리그램,다파그린지정104밀리그램,다파메피정10 4밀리그램,다파메피정104밀리그램,직더블엠정10"
"719800ATB","아카브정30 40밀리그램,아카브정3040밀리그램"
"719900ATB","아카브정60 40밀리그램,아카브정6040밀리그램"
"720701ATB","가네리드정,베믈리노정,알포테린정,타프리드정"
"720901BIJ","오비주르주[서스옥토코그알파(돼지혈액응고VIII인자 유전자재조합)],오비주르주[서스옥토코그알파(돼지혈액응고VIII인자유전자재조합)]"
"721100ATB","클로잘탄정50"
"721300ATB","리토바젯정10,리토젯정10,아토미브정10,아토바미브정10,아토반듀오정10,엘오공정10"
"721700ATR","듀비메트에스서방정0.5 100 1000밀리그램,듀비메트에스서방정0.51001000밀리그램"
"721900ATR","듀비메트에스서방정0.25 50 500밀리그램,듀비메트에스서방정0.2550500밀리그램"
"722100ATB","명도파정12.5"
"722200ATR","다파시타엠서방정10 100 1000밀리그램,다파시타엠서방정101001000밀리그램,시타다파엠서방정10 100,시타다파엠서방정10100,시타칸다플메트서방정10 100,시타칸다플메트서방정10100,자누플로멧서방정10 100,자누플로멧서방정10100,포시타엠서방정10 100,포시타엠서방정10100"
"722300ATR","다파시타엠서방정5 50 1000밀리그램,다파시타엠서방정5501000밀리그램,시타다파엠서방정5 50,시타다파엠서방정550,시타칸다플메트서방정5 50,시타칸다플메트서방정550,실다파엠서방정5 50 1000밀리그램,실다파엠서방정5501000밀리그램,자누플로멧서방정5 50,자누플로멧서방정550"
"722400ATR","다파시타엠서방정5 50 500밀리그램,다파시타엠서방정550500밀리그램,실다파엠서방정5 50 500밀리그램,실다파엠서방정550500밀리그램"
"722500ATR","다파시타엠서방정5 50 750밀리그램,다파시타엠서방정550750밀리그램,실다파엠서방정5 50 750밀리그램,실다파엠서방정550750밀리그램"
"722700ATB","아토바미브에이정10 20,아토바미브에이정1020,토스젯에이정10 20,토스젯에이정1020"
"722800ATB","아토바미브에이정10 20,아토바미브에이정1020,토스젯에이정10 20,토스젯에이정1020"
"722900ATR","엔블로멧서방정0.3"
"723000ATB","다파진에스듀오정10"
"723400ATB","라베가드정20,라베드온정20,카라듀오정20"
"723500ATB","휴시글로정"
"723900ATB","다파글립틴정10 100밀리그램,다파글립틴정10100밀리그램,다파로에스정10,듀오글리정,슈가맥스정10 100밀리그램,슈가맥스정10100밀리그램,시타포글리정10 100밀리그램,시타포글리정10100밀리그램,에스립틴디정10 100밀리그램,에스립틴디정10100밀리그램"
"724001ASY","에브리스디건조시럽 mL,에브리스디건조시럽mL"
"724101BIJ","지비주[다목토코그알파페골(혈액응고인자VIII 유전자재조합)],지비주[다목토코그알파페골(혈액응고인자VIII유전자재조합)]"
"724102BIJ","지비주[다목토코그알파페골(혈액응고인자VIII 유전자재조합)],지비주[다목토코그알파페골(혈액응고인자VIII유전자재조합)]"
"724103BIJ","지비주[다목토코그알파페골(혈액응고인자VIII 유전자재조합)],지비주[다목토코그알파페골(혈액응고인자VIII유전자재조합)]"
"724104BIJ","지비주[다목토코그알파페골(혈액응고인자VIII 유전자재조합)],지비주[다목토코그알파페골(혈액응고인자VIII유전자재조합)]"
"724400ATB","시타디온정100,시타액트정100,시타피오정100,자누액토정100,피오글시타정100,피오비아정100,피오시타정100"
"724500ATB","시타디온정100,시타액트정100,시타피오정100,자누액토정100,자누피오정100,피오글시타정100,피오비아정100,피오시타정100"
"724600ATB","네일락콤비정,듀오조인정,레이셀코정,레일라디에스정,레콕스정,렉스듀오정,베아콕시브플러스정,본에콕스정,세레듀오정,셀레브론정"
"724700ATB","듀글로우정10,엑토시가정10,트루버디정10,피오다정10,픽토진정10"
"724800ATB","듀글로우정10,트루버디정10,픽토진정10"
"726300ATR","네시나메트서방정25"
"726400ATB","엑스원알정5 80 2.5밀리그램,엑스원알정5802.5밀리그램"
"726500ATB","엑스원알정5 160 2.5밀리그램,엑스원알정51602.5밀리그램"
"726600ACH","제포시아캡슐스타터팩"
"726700ATB","라베미니정,라베하프정"
"726800ATR","다파엘듀오서방정10 500밀리그램,다파엘듀오서방정10500밀리그램,다파칸메트서방정10 500밀리그램,다파칸메트서방정10500밀리그램,다포진엠서방정10 500밀리그램,다포진엠서방정10500밀리그램,포시글리듀오서방정10 500밀리그램,포시글리듀오서방정10500밀리그램"
"726900ATR","슈가트리서방정5 10,슈가트리서방정510"
"727100APD","바이비옴산,비스칸비산"
"727600ATB","아토바미브에이정10 10,아토바미브에이정1010,토스젯에이정10 10,토스젯에이정1010"
"728100ATB","네비로스타정1.25"
"728200ATB","아프로바스크정150"
"728300ATB","아프로바스크정150"
"728400ATB","아프로바스크정300"
"728500ACE","라베트릭스캡슐100,라베피린캡슐100,라스피린캡슐100,아라텍트캡슐100,아스라베캡슐100,아스라졸캡슐100,아스베린캡슐100,아스프라졸캡슐100"
"728500ACH","라스피린캡슐100"
"730100ATB","아토바미브에이정10 10,아토바미브에이정1010,토스젯에이정10 10,토스젯에이정1010"
"730300ATB","라피듀오정10"
"731200ATR","제미메트서방정25"
"731800ATR","글레린듀오서방정5,글루립틴듀오엑스알서방정5,글리젠타듀오서방정5,나리젠타듀오서방정 5,나리젠타듀오서방정5,뉴젠타씨알정,라니글듀오서방정5,리나글로메트서방정5,리나디엠메트서방정5,리나디포듀오서방정5"
"731900ATR","글레린듀오서방정2.5,글루립틴듀오엑스알서방정2.5,글리젠타듀오서방정2.5,나리젠타듀오서방정 2.5,나리젠타듀오서방정2.5,라니글듀오서방정2.5,리나글로메트서방정2.5,리나디엠메트서방정2.5,리나디포듀오서방정2.5,리나로엠서방정2.5"
"732000ATR","트라리틴콤비서방정2.5 750밀리그램,트라리틴콤비서방정2.5750밀리그램,폴민리나서방정2.5"
"732101ATB","리나루틴정,리라젠타정,트라이나정,트립엠정"
"732600ATB","다파로엘정10,다파리나정,다파엔젠타정10,리나다파지정,트라시가정10,트루다파엘정10,포사리나정10,포시젠타정"
"732700ATB","리나루틴듀오정2.5,리라젠타듀오정2.5,트라이나엠정2.5,트립엠듀오정2.5"
"732800ATB","리나루틴듀오정2.5,리라젠타듀오정2.5,트라이나엠정2.5,트립엠듀오정2.5"
"732900ATB","리나루틴듀오정2.5,리라젠타듀오정2.5,트라이나엠정2.5,트립엠듀오정2.5"
"733001BIJ","아이델비온주[알부트레페노나코그알파(혈액응고인자IX 알부민융합단백(rIX FP) 유전자재조합)],아이델비온주[알부트레페노나코그알파(혈액응고인자IX알부민융합단백(rIXFP)유전자재조합)]"
"733002BIJ","아이델비온주[알부트레페노나코그알파(혈액응고인자IX 알부민융합단백(rIX FP) 유전자재조합)],아이델비온주[알부트레페노나코그알파(혈액응고인자IX알부민융합단백(rIXFP)유전자재조합)]"
"733003BIJ","아이델비온주[알부트레페노나코그알파(혈액응고인자IX 알부민융합단백(rIX FP) 유전자재조합)],아이델비온주[알부트레페노나코그알파(혈액응고인자IX알부민융합단백(rIXFP)유전자재조합)]"
"733004BIJ","아이델비온주[알부트레페노나코그알파(혈액응고인자IX 알부민융합단백(rIX FP) 유전자재조합)],아이델비온주[알부트레페노나코그알파(혈액응고인자IX알부민융합단백(rIXFP)유전자재조합)]"
"733200ATB","아비테론듀오정500"
"733301ATB","온캡정,자큐보정,큐제타스정"
"734000ACS","로수맥콤비젤연질캡슐10 1000밀리그램,로수맥콤비젤연질캡슐101000밀리그램"
"734101BIJ","일라리스주사액"
"734800ATB","라베가드정10,라베드온정10,카라듀오정10"
"734900ATR","리라젠타듀오서방정2.5,트라이나엠서방정2.5,트립엠듀오서방정2.5"
"735000ATR","리라젠타듀오서방정5,트라이나엠서방정5,트립엠듀오서방정5"
"735201BIJ","콰지바주 mL,콰지바주mL"
"735701ATB","소프레정,압솔라정,오테리아정,오테밀라정,오테벨정"
"735800ATB","소프레정,압솔라정,오테리아정,오테밀라정,오테벨정"
"736200ATB","텔미누보정20"
"736600ATB","올메비카에이치씨티정5 40,올메비카에이치씨티정540"
"736700ATB","올메비카에이치씨티정2.5 40,올메비카에이치씨티정2.540"
"736800ATB","올메비카에이치씨티정2.5 20,올메비카에이치씨티정2.520"
"737800ATB","라베비카정10,라베칸듀오정10,파라메트듀오정10"
"737900ATB","라베라듀오정20,라베비카정20,라베칸듀오정20,파라메트듀오정20"
"738600ATB","뉴로셉트듀오정10,뉴로페질엠정10,도멘시아정10,디멘듀오정10,디엠듀오정10,메만셉트정10,아리플러스정10,알쯔콤프정10"
"738700ATB","암로젯정5 5,암로젯정55"
"738800ATB","암로젯정5 10,암로젯정510"
"738900ATB","암로젯정10 5,암로젯정105"
"739000ATB","암로젯정10 10,암로젯정1010"
"739900ATR","다파진에스엠서방정10 100,다파진에스엠서방정10100,시타플로진메트서방정10 100,시타플로진메트서방정10100,트루디에스엠서방정10 100,트루디에스엠서방정10100,휴시글로엠서방정10 100,휴시글로엠서방정10100"
"740800ATB","놀텍플러스정20"
"740900ATB","뉴란소엑스정15,란사톤듀오정15,란소듀오정15,란소앤정15,란스타정15,란탄듀오정15"
"741000ATB","누보로젯정80 2.5 5 10밀리그램,누보로젯정802.5510밀리그램"
"741100ATB","누보로젯정80 2.5 10 10밀리그램,누보로젯정802.51010밀리그램"
"742400ACE","리바로페노캡슐2,피타릭캡슐"
"742600ATB","아모프렐정1.67 16.67,아모프렐정1.6716.67"
"800001BIJ","뉴세핌주1그람,명문세페핌주,세펨주사,아세핌주,알보젠세페핌염산염수화물주"
"800100CSI","조터나흡입용캡슐 110 50마이크로그램,조터나흡입용캡슐110 50마이크로그램,조터나흡입용캡슐11050마이크로그램"
"800200COS","브리딘플러스점안액,콤비벨라점안액,콤비프리점안액"
"800500CCM","베타트리올겔,자리오겔"
"800600COM","베타트리올연고,베트올연고,칼리올연고"
"800800BIJ","마로비벤 에이주사,마로비벤에이주사,브로밀주,에스밀주,인프라주,트라우밀주사,프랙타주"
"801100CSI","심비코트라피헬러80 2.25마이크로그램,심비코트라피헬러802.25마이크로그램,심비코트라피헬러흡입제80 2.25마이크로그램,심비코트라피헬러흡입제802.25마이크로그램"
"801200CCM","에코론크림"
"801500BIJ","클리니믹스엔9지15이주사,피엔믹스페리주2호"
"801601BIJ","모록사신주,모벨록신주,목시록주,제이더블유목시플록사신주,제이더블유목시플록사신주400mg,조이록신주,퀴녹스주"
"901014DEX","유로테스트헤모지피에취"
"901060DEX","체크5 에취스트립,체크5에취스트립"
"901064DEX","유로테스트지.피.에취"
"908015DEX","영동티지 알시약,영동티지알시약"
"909012DEX","엠비엘감마 지티피테스트,엠비엘감마지티피테스트"
"909029DEX","영동에이에스티 알시약,영동에이에스티알시약"
"909030DEX","영동에이엘티 알시약,영동에이엘티알시약"
"909031DEX","영동감마지티 알시약,영동감마지티알시약"
"909034DEX","영동에이엘피 알시약,영동에이엘피알시약"
"912051DEX","영동유릭에시드 알시약,영동유릭에시드알시약"
"912052DEX","비엠아이유에이 이시약,비엠아이유에이이시약"
"912054DEX","영동비유엔 알시약,영동비유엔알시약"
"912059DEX","비엠아이크레아 디시약,비엠아이크레아디시약"
"912064DEX","Lana 1 5AG Auto Liqiid,Lana15AGAutoLiqiid"
"913002DEX","비엠아이에스 알카드,비엠아이에스알카드"
"914004DEX","리아키씨에이15 3아이알엠에이튜브,리아키씨에이153아이알엠에이튜브"
"914005DEX","리아키씨에이19 9아이알엠에이튜브,리아키씨에이199아이알엠에이튜브"
"917007DEX","리아키안티 에취비에스아이알엠에이튜브,리아키안티에취비에스아이알엠에이튜브"
"917008DEX","리아키안티 에취씨브이아이알엠에이튜브,리아키안티에취씨브이아이알엠에이튜브"
